CREATE DATABASE  IF NOT EXISTS `busmanagementsystem` /*!40100 DEFAULT CHARACTER SET utf8mb4 COLLATE utf8mb4_0900_ai_ci */ /*!80016 DEFAULT ENCRYPTION='N' */;
USE `busmanagementsystem`;
-- MySQL dump 10.13  Distrib 8.0.36, for Win64 (x86_64)
--
-- Host: localhost    Database: busmanagementsystem
-- ------------------------------------------------------
-- Server version	8.0.36

/*!40101 SET @OLD_CHARACTER_SET_CLIENT=@@CHARACTER_SET_CLIENT */;
/*!40101 SET @OLD_CHARACTER_SET_RESULTS=@@CHARACTER_SET_RESULTS */;
/*!40101 SET @OLD_COLLATION_CONNECTION=@@COLLATION_CONNECTION */;
/*!50503 SET NAMES utf8 */;
/*!40103 SET @OLD_TIME_ZONE=@@TIME_ZONE */;
/*!40103 SET TIME_ZONE='+00:00' */;
/*!40014 SET @OLD_UNIQUE_CHECKS=@@UNIQUE_CHECKS, UNIQUE_CHECKS=0 */;
/*!40014 SET @OLD_FOREIGN_KEY_CHECKS=@@FOREIGN_KEY_CHECKS, FOREIGN_KEY_CHECKS=0 */;
/*!40101 SET @OLD_SQL_MODE=@@SQL_MODE, SQL_MODE='NO_AUTO_VALUE_ON_ZERO' */;
/*!40111 SET @OLD_SQL_NOTES=@@SQL_NOTES, SQL_NOTES=0 */;

--
-- Table structure for table `bus`
--

DROP TABLE IF EXISTS `bus`;
/*!40101 SET @saved_cs_client     = @@character_set_client */;
/*!50503 SET character_set_client = utf8mb4 */;
CREATE TABLE `bus` (
  `bus_id` int NOT NULL AUTO_INCREMENT,
  `company_id` int DEFAULT NULL,
  `registration_number` varchar(20) DEFAULT NULL,
  `model` varchar(50) DEFAULT NULL,
  `capacity` int DEFAULT NULL,
  PRIMARY KEY (`bus_id`),
  UNIQUE KEY `registration_number` (`registration_number`),
  KEY `company_id` (`company_id`),
  CONSTRAINT `bus_ibfk_1` FOREIGN KEY (`company_id`) REFERENCES `buscompany` (`company_id`) ON DELETE CASCADE
) ENGINE=InnoDB AUTO_INCREMENT=128 DEFAULT CHARSET=utf8mb4 COLLATE=utf8mb4_0900_ai_ci;
/*!40101 SET character_set_client = @saved_cs_client */;

--
-- Dumping data for table `bus`
--

LOCK TABLES `bus` WRITE;
/*!40000 ALTER TABLE `bus` DISABLE KEYS */;
INSERT INTO `bus` VALUES (1,1,'REG1785','Model1',82),(2,1,'REG8613','Model9',72),(3,3,'REG9670','Model3',62),(4,2,'REG9406','Model1',83),(5,1,'REG3178','Model4',99),(6,3,'REG8248','Model9',91),(7,2,'REG1933','Model4',63),(8,1,'REG5190','Model8',68),(9,2,'REG3746','Model4',89),(10,3,'REG4633','Model1',88),(11,3,'REG5930','Model7',63),(12,2,'REG8950','Model9',76),(13,1,'REG9636','Model5',78),(14,2,'REG0316','Model2',76),(15,1,'REG7923','Model2',64),(16,1,'REG2215','Model1',83),(17,1,'REG8181','Model6',73),(18,2,'REG6638','Model5',66),(19,1,'REG4419','Model4',67),(20,3,'REG8174','Model8',65),(21,1,'REG5838','Model1',63),(22,2,'REG0374','Model1',60),(23,3,'REG5714','Model4',50),(24,1,'REG9845','Model10',82),(25,2,'REG4246','Model8',62),(26,1,'REG9026','Model2',95),(27,1,'REG2158','Model6',94),(28,3,'REG9216','Model9',76),(29,1,'REG6324','Model1',65),(30,2,'REG2959','Model2',89),(31,2,'REG2862','Model9',67),(32,1,'REG1960','Model3',75),(33,3,'REG0595','Model6',73),(34,3,'REG5599','Model5',66),(35,2,'REG2347','Model9',74),(36,3,'REG1784','Model2',99),(37,2,'REG2068','Model2',50),(38,3,'REG4810','Model3',98),(39,1,'REG2540','Model2',51),(40,2,'REG1633','Model9',94),(41,3,'REG4425','Model8',69),(42,3,'REG5739','Model7',66),(43,3,'REG0065','Model7',60),(44,1,'REG7452','Model6',67),(45,1,'REG0973','Model8',81),(46,3,'REG0087','Model8',76),(47,2,'REG1220','Model10',74),(48,2,'REG1657','Model3',88),(49,1,'REG9659','Model7',75),(50,2,'REG8949','Model1',73),(51,1,'REG7103','Model9',67),(52,1,'REG1605','Model7',97),(53,3,'REG5408','Model7',87),(54,3,'REG4941','Model3',79),(55,1,'REG6949','Model7',96),(56,3,'REG3318','Model2',98),(57,1,'REG5227','Model8',58),(58,2,'REG4286','Model4',82),(59,1,'REG6707','Model10',90),(60,1,'REG3358','Model3',54),(61,3,'REG8731','Model9',84),(62,3,'REG2945','Model9',68),(63,1,'REG3021','Model7',72),(64,1,'REG7836','Model3',93),(65,2,'REG3221','Model9',68),(66,1,'REG0248','Model5',59),(67,2,'REG4348','Model4',76),(68,2,'REG1522','Model2',56),(69,1,'REG0119','Model3',54),(70,3,'REG7539','Model4',72),(71,1,'REG6483','Model7',66),(72,2,'REG3231','Model7',61),(73,1,'REG3290','Model1',62),(74,1,'REG6859','Model2',91),(75,2,'REG6153','Model3',60),(76,2,'REG5232','Model4',50),(77,1,'REG6302','Model8',90),(78,3,'REG7984','Model5',92),(79,3,'REG8188','Model5',98),(80,2,'REG1949','Model7',95),(81,2,'REG5328','Model4',96),(82,3,'REG9681','Model6',99),(83,1,'REG9283','Model2',90),(84,3,'REG0100','Model10',95),(85,2,'REG2624','Model6',88),(86,1,'REG2004','Model2',95),(87,1,'REG5096','Model9',74),(88,1,'REG5570','Model8',62),(89,3,'REG7784','Model2',76),(90,1,'REG8985','Model3',69),(91,1,'REG1511','Model10',72),(92,1,'REG0447','Model5',93),(93,1,'REG0948','Model1',99),(94,3,'REG9185','Model3',77),(95,1,'REG3636','Model8',93),(96,3,'REG3245','Model7',65),(97,2,'REG8549','Model7',75),(98,3,'REG9610','Model8',84),(99,1,'REG3992','Model2',70),(100,2,'REG1034','Model6',66);
/*!40000 ALTER TABLE `bus` ENABLE KEYS */;
UNLOCK TABLES;

--
-- Table structure for table `buscompany`
--

DROP TABLE IF EXISTS `buscompany`;
/*!40101 SET @saved_cs_client     = @@character_set_client */;
/*!50503 SET character_set_client = utf8mb4 */;
CREATE TABLE `buscompany` (
  `company_id` int NOT NULL AUTO_INCREMENT,
  `name` varchar(100) NOT NULL,
  `address` varchar(255) DEFAULT NULL,
  `contact_number` varchar(20) DEFAULT NULL,
  PRIMARY KEY (`company_id`)
) ENGINE=InnoDB AUTO_INCREMENT=515 DEFAULT CHARSET=utf8mb4 COLLATE=utf8mb4_0900_ai_ci;
/*!40101 SET character_set_client = @saved_cs_client */;

--
-- Dumping data for table `buscompany`
--

LOCK TABLES `buscompany` WRITE;
/*!40000 ALTER TABLE `buscompany` DISABLE KEYS */;
INSERT INTO `buscompany` VALUES (1,'Company A','123 Main St, City A','123-456-7890'),(2,'Company B','456 Elm St, City B','456-789-0123'),(3,'Company C','789 Oak St, City C','789-012-3456'),(4,'Company33','733 Main St, City57','123-456-6381'),(5,'Company489','530 Main St, City19','123-456-3131'),(6,'Company25','186 Main St, City86','123-456-7074'),(7,'Company979','772 Main St, City93','123-456-2881'),(8,'Company680','534 Main St, City63','123-456-5410'),(9,'Company821','479 Main St, City94','123-456-2266'),(10,'Company336','999 Main St, City99','123-456-9266'),(11,'Company681','623 Main St, City8','123-456-4850'),(12,'Company215','616 Main St, City44','123-456-3287'),(13,'Company339','707 Main St, City52','123-456-4685'),(14,'Company790','542 Main St, City35','123-456-0775'),(15,'Company366','597 Main St, City89','123-456-6445'),(16,'Company562','874 Main St, City69','123-456-7930'),(17,'Company918','209 Main St, City29','123-456-8174'),(18,'Company223','659 Main St, City63','123-456-1492'),(19,'Company872','912 Main St, City95','123-456-9777'),(20,'Company62','374 Main St, City69','123-456-2920'),(21,'Company414','190 Main St, City72','123-456-9803'),(22,'Company772','917 Main St, City27','123-456-5872'),(23,'Company135','912 Main St, City16','123-456-0309'),(24,'Company696','386 Main St, City84','123-456-0404'),(25,'Company685','302 Main St, City46','123-456-3679'),(26,'Company476','276 Main St, City96','123-456-9245'),(27,'Company772','87 Main St, City12','123-456-3147'),(28,'Company230','206 Main St, City34','123-456-0646'),(29,'Company316','382 Main St, City97','123-456-6727'),(30,'Company473','347 Main St, City32','123-456-5291'),(31,'Company705','936 Main St, City57','123-456-0061'),(32,'Company344','701 Main St, City48','123-456-2505'),(33,'Company842','458 Main St, City77','123-456-4314'),(34,'Company876','84 Main St, City79','123-456-6983'),(35,'Company123','520 Main St, City23','123-456-5868'),(36,'Company247','475 Main St, City64','123-456-7290'),(37,'Company755','584 Main St, City66','123-456-5329'),(38,'Company695','872 Main St, City28','123-456-7611'),(39,'Company981','619 Main St, City16','123-456-8987'),(40,'Company42','511 Main St, City43','123-456-6023'),(41,'Company733','854 Main St, City8','123-456-7953'),(42,'Company764','431 Main St, City87','123-456-0147'),(43,'Company491','410 Main St, City58','123-456-6451'),(44,'Company502','574 Main St, City37','123-456-0953'),(45,'Company387','649 Main St, City9','123-456-4605'),(46,'Company60','915 Main St, City40','123-456-2374'),(47,'Company999','279 Main St, City40','123-456-1455'),(48,'Company541','265 Main St, City70','123-456-7058'),(49,'Company431','35 Main St, City89','123-456-3058'),(50,'Company884','499 Main St, City85','123-456-7223'),(51,'Company81','236 Main St, City94','123-456-9800'),(52,'Company88','500 Main St, City24','123-456-6621'),(53,'Company616','89 Main St, City60','123-456-7279'),(54,'Company844','32 Main St, City63','123-456-0469'),(55,'Company350','609 Main St, City100','123-456-1325'),(56,'Company689','45 Main St, City16','123-456-6523'),(57,'Company791','994 Main St, City60','123-456-0070'),(58,'Company243','192 Main St, City23','123-456-5663'),(59,'Company149','42 Main St, City77','123-456-6951'),(60,'Company184','832 Main St, City61','123-456-5505'),(61,'Company925','973 Main St, City9','123-456-5233'),(62,'Company353','191 Main St, City90','123-456-9027'),(63,'Company830','442 Main St, City72','123-456-2642'),(64,'Company168','47 Main St, City73','123-456-4998'),(65,'Company317','83 Main St, City47','123-456-0593'),(66,'Company914','390 Main St, City21','123-456-8663'),(67,'Company711','955 Main St, City64','123-456-3350'),(68,'Company757','777 Main St, City62','123-456-7392'),(69,'Company856','58 Main St, City73','123-456-4396'),(70,'Company31','835 Main St, City9','123-456-9049'),(71,'Company280','682 Main St, City57','123-456-7948'),(72,'Company272','973 Main St, City5','123-456-3216'),(73,'Company465','360 Main St, City41','123-456-9324'),(74,'Company457','484 Main St, City5','123-456-7880'),(75,'Company798','626 Main St, City74','123-456-7862'),(76,'Company735','312 Main St, City36','123-456-8497'),(77,'Company178','339 Main St, City17','123-456-7892'),(78,'Company463','946 Main St, City35','123-456-8644'),(79,'Company302','914 Main St, City67','123-456-5678'),(80,'Company856','573 Main St, City30','123-456-7692'),(81,'Company955','463 Main St, City45','123-456-8597'),(82,'Company951','175 Main St, City3','123-456-5870'),(83,'Company869','580 Main St, City30','123-456-7201'),(84,'Company727','471 Main St, City18','123-456-4595'),(85,'Company775','496 Main St, City16','123-456-2804'),(86,'Company943','869 Main St, City52','123-456-9798'),(87,'Company348','800 Main St, City96','123-456-3809'),(88,'Company37','38 Main St, City8','123-456-2829'),(89,'Company178','40 Main St, City67','123-456-1969'),(90,'Company997','390 Main St, City96','123-456-6308'),(91,'Company275','480 Main St, City58','123-456-4402'),(92,'Company474','46 Main St, City81','123-456-9036'),(93,'Company95','760 Main St, City52','123-456-3053'),(94,'Company976','963 Main St, City89','123-456-5388'),(95,'Company39','576 Main St, City77','123-456-0911'),(96,'Company165','550 Main St, City26','123-456-6189'),(97,'Company335','816 Main St, City8','123-456-9215'),(98,'Company388','172 Main St, City70','123-456-9628'),(99,'Company728','751 Main St, City57','123-456-5957'),(100,'Company271','565 Main St, City2','123-456-3650'),(101,'Company791','856 Main St, City91','123-456-9642'),(102,'Company104','624 Main St, City81','123-456-1693'),(103,'Company423','606 Main St, City76','123-456-9791'),(104,'Company619','156 Main St, City93','123-456-1475'),(105,'Company969','402 Main St, City11','123-456-3038'),(106,'Company214','158 Main St, City15','123-456-2565'),(107,'Company846','457 Main St, City75','123-456-3711'),(108,'Company611','940 Main St, City87','123-456-5120'),(109,'Company962','274 Main St, City49','123-456-5889'),(110,'Company499','728 Main St, City15','123-456-5297'),(111,'Company221','515 Main St, City91','123-456-0022'),(112,'Company285','416 Main St, City23','123-456-8649'),(113,'Company659','700 Main St, City52','123-456-4970'),(114,'Company929','153 Main St, City98','123-456-4202'),(115,'Company175','615 Main St, City55','123-456-8863'),(116,'Company795','314 Main St, City19','123-456-9828'),(117,'Company360','852 Main St, City18','123-456-3286'),(118,'Company114','583 Main St, City58','123-456-1069'),(119,'Company823','791 Main St, City49','123-456-0492'),(120,'Company795','826 Main St, City75','123-456-2496'),(121,'Company12','311 Main St, City52','123-456-6529'),(122,'Company714','612 Main St, City92','123-456-7333'),(123,'Company927','434 Main St, City39','123-456-6354'),(124,'Company16','174 Main St, City82','123-456-5715'),(125,'Company404','301 Main St, City30','123-456-5734'),(126,'Company982','188 Main St, City100','123-456-4010'),(127,'Company27','932 Main St, City58','123-456-0972'),(128,'Company751','461 Main St, City5','123-456-8690'),(129,'Company196','370 Main St, City27','123-456-2027'),(130,'Company227','526 Main St, City95','123-456-1524'),(131,'Company926','171 Main St, City8','123-456-8643'),(132,'Company97','890 Main St, City16','123-456-1159'),(133,'Company110','201 Main St, City68','123-456-7696'),(134,'Company826','818 Main St, City62','123-456-6015'),(135,'Company176','74 Main St, City85','123-456-9865'),(136,'Company408','81 Main St, City18','123-456-6445'),(137,'Company692','525 Main St, City55','123-456-1693'),(138,'Company201','496 Main St, City88','123-456-8958'),(139,'Company850','559 Main St, City25','123-456-5540'),(140,'Company32','498 Main St, City40','123-456-4715'),(141,'Company179','480 Main St, City86','123-456-8620'),(142,'Company731','66 Main St, City14','123-456-4860'),(143,'Company21','646 Main St, City17','123-456-8852'),(144,'Company934','13 Main St, City26','123-456-2611'),(145,'Company528','854 Main St, City69','123-456-8570'),(146,'Company236','608 Main St, City34','123-456-8334'),(147,'Company174','366 Main St, City31','123-456-4418'),(148,'Company287','108 Main St, City68','123-456-0615'),(149,'Company278','203 Main St, City19','123-456-3033'),(150,'Company970','937 Main St, City78','123-456-0587'),(151,'Company974','690 Main St, City53','123-456-5776'),(152,'Company301','768 Main St, City94','123-456-3869'),(153,'Company121','444 Main St, City86','123-456-9439'),(154,'Company156','944 Main St, City26','123-456-4329'),(155,'Company407','735 Main St, City46','123-456-0532'),(156,'Company913','405 Main St, City29','123-456-2064'),(157,'Company181','283 Main St, City88','123-456-5054'),(158,'Company917','64 Main St, City58','123-456-6605'),(159,'Company592','978 Main St, City12','123-456-6321'),(160,'Company822','212 Main St, City60','123-456-3303'),(161,'Company873','372 Main St, City25','123-456-0883'),(162,'Company720','335 Main St, City52','123-456-5630'),(163,'Company275','686 Main St, City61','123-456-9574'),(164,'Company979','23 Main St, City18','123-456-8034'),(165,'Company496','67 Main St, City85','123-456-0307'),(166,'Company616','988 Main St, City9','123-456-4796'),(167,'Company134','230 Main St, City75','123-456-0350'),(168,'Company942','605 Main St, City20','123-456-1678'),(169,'Company251','751 Main St, City100','123-456-7438'),(170,'Company723','382 Main St, City74','123-456-5454'),(171,'Company515','934 Main St, City13','123-456-8336'),(172,'Company788','436 Main St, City82','123-456-7747'),(173,'Company425','800 Main St, City73','123-456-2102'),(174,'Company887','803 Main St, City36','123-456-3546'),(175,'Company717','517 Main St, City44','123-456-6157'),(176,'Company781','55 Main St, City93','123-456-4849'),(177,'Company637','728 Main St, City73','123-456-4525'),(178,'Company83','54 Main St, City3','123-456-9453'),(179,'Company663','479 Main St, City41','123-456-5927'),(180,'Company746','952 Main St, City52','123-456-7386'),(181,'Company138','474 Main St, City96','123-456-3495'),(182,'Company886','381 Main St, City25','123-456-0785'),(183,'Company662','71 Main St, City37','123-456-6242'),(184,'Company21','232 Main St, City10','123-456-7724'),(185,'Company583','596 Main St, City24','123-456-3676'),(186,'Company146','624 Main St, City69','123-456-5387'),(187,'Company649','625 Main St, City18','123-456-0140'),(188,'Company539','649 Main St, City63','123-456-1963'),(189,'Company97','894 Main St, City18','123-456-2103'),(190,'Company517','955 Main St, City22','123-456-2333'),(191,'Company510','848 Main St, City72','123-456-0071'),(192,'Company906','506 Main St, City82','123-456-5376'),(193,'Company257','668 Main St, City58','123-456-8523'),(194,'Company548','183 Main St, City28','123-456-8035'),(195,'Company207','621 Main St, City49','123-456-5646'),(196,'Company367','140 Main St, City60','123-456-5760'),(197,'Company83','687 Main St, City19','123-456-8559'),(198,'Company731','86 Main St, City24','123-456-9202'),(199,'Company896','716 Main St, City90','123-456-3203'),(200,'Company921','644 Main St, City46','123-456-3387'),(201,'Company333','648 Main St, City24','123-456-2527'),(202,'Company547','975 Main St, City24','123-456-2462'),(203,'Company530','907 Main St, City95','123-456-0043'),(204,'Company188','925 Main St, City7','123-456-5359'),(205,'Company494','858 Main St, City81','123-456-4721'),(206,'Company934','253 Main St, City46','123-456-5404'),(207,'Company325','1 Main St, City3','123-456-1397'),(208,'Company615','654 Main St, City43','123-456-1520'),(209,'Company494','11 Main St, City58','123-456-8239'),(210,'Company408','564 Main St, City60','123-456-2928'),(211,'Company675','492 Main St, City44','123-456-7071'),(212,'Company227','11 Main St, City38','123-456-8308'),(213,'Company38','694 Main St, City36','123-456-7058'),(214,'Company457','166 Main St, City46','123-456-7987'),(215,'Company616','684 Main St, City57','123-456-7920'),(216,'Company256','901 Main St, City74','123-456-9850'),(217,'Company714','611 Main St, City92','123-456-7283'),(218,'Company907','347 Main St, City2','123-456-0374'),(219,'Company141','589 Main St, City53','123-456-8397'),(220,'Company637','662 Main St, City40','123-456-0070'),(221,'Company841','184 Main St, City40','123-456-4131'),(222,'Company889','204 Main St, City36','123-456-1520'),(223,'Company703','57 Main St, City18','123-456-7008'),(224,'Company983','811 Main St, City11','123-456-0882'),(225,'Company130','384 Main St, City53','123-456-4925'),(226,'Company877','907 Main St, City91','123-456-7866'),(227,'Company231','791 Main St, City27','123-456-9363'),(228,'Company898','677 Main St, City70','123-456-4335'),(229,'Company90','146 Main St, City47','123-456-8635'),(230,'Company938','99 Main St, City68','123-456-0904'),(231,'Company422','837 Main St, City92','123-456-0858'),(232,'Company672','100 Main St, City49','123-456-1131'),(233,'Company120','257 Main St, City93','123-456-8544'),(234,'Company498','926 Main St, City14','123-456-8976'),(235,'Company84','726 Main St, City38','123-456-7007'),(236,'Company378','788 Main St, City81','123-456-6570'),(237,'Company874','397 Main St, City37','123-456-6201'),(238,'Company15','214 Main St, City3','123-456-4743'),(239,'Company303','92 Main St, City55','123-456-4689'),(240,'Company699','87 Main St, City34','123-456-4222'),(241,'Company103','246 Main St, City92','123-456-8624'),(242,'Company554','178 Main St, City24','123-456-6196'),(243,'Company407','173 Main St, City65','123-456-6968'),(244,'Company557','690 Main St, City78','123-456-8277'),(245,'Company802','523 Main St, City21','123-456-4809'),(246,'Company776','435 Main St, City85','123-456-9245'),(247,'Company86','657 Main St, City3','123-456-1505'),(248,'Company681','953 Main St, City72','123-456-7357'),(249,'Company524','410 Main St, City48','123-456-1650'),(250,'Company389','448 Main St, City8','123-456-0111'),(251,'Company845','187 Main St, City41','123-456-4521'),(252,'Company53','909 Main St, City39','123-456-1837'),(253,'Company775','320 Main St, City28','123-456-4180'),(254,'Company265','68 Main St, City55','123-456-5182'),(255,'Company960','241 Main St, City33','123-456-8996'),(256,'Company526','932 Main St, City8','123-456-5923'),(257,'Company731','877 Main St, City20','123-456-3226'),(258,'Company42','242 Main St, City9','123-456-6848'),(259,'Company179','839 Main St, City66','123-456-7761'),(260,'Company905','196 Main St, City27','123-456-7314'),(261,'Company867','138 Main St, City9','123-456-0327'),(262,'Company897','383 Main St, City23','123-456-9684'),(263,'Company174','961 Main St, City29','123-456-5398'),(264,'Company846','609 Main St, City51','123-456-7064'),(265,'Company13','944 Main St, City69','123-456-5779'),(266,'Company844','486 Main St, City90','123-456-0175'),(267,'Company404','966 Main St, City62','123-456-1936'),(268,'Company114','987 Main St, City60','123-456-0079'),(269,'Company259','270 Main St, City58','123-456-0510'),(270,'Company540','544 Main St, City11','123-456-8753'),(271,'Company73','736 Main St, City46','123-456-0935'),(272,'Company88','160 Main St, City54','123-456-1812'),(273,'Company312','12 Main St, City13','123-456-5958'),(274,'Company601','215 Main St, City27','123-456-7058'),(275,'Company721','484 Main St, City26','123-456-8352'),(276,'Company405','518 Main St, City38','123-456-3222'),(277,'Company486','462 Main St, City86','123-456-8687'),(278,'Company792','354 Main St, City39','123-456-8898'),(279,'Company280','730 Main St, City82','123-456-8607'),(280,'Company874','786 Main St, City31','123-456-1689'),(281,'Company931','146 Main St, City94','123-456-2429'),(282,'Company407','307 Main St, City31','123-456-6289'),(283,'Company217','197 Main St, City34','123-456-0671'),(284,'Company343','511 Main St, City53','123-456-0970'),(285,'Company909','250 Main St, City53','123-456-8602'),(286,'Company737','102 Main St, City30','123-456-1871'),(287,'Company41','643 Main St, City9','123-456-5195'),(288,'Company330','92 Main St, City47','123-456-0559'),(289,'Company882','243 Main St, City57','123-456-0951'),(290,'Company784','631 Main St, City81','123-456-1152'),(291,'Company173','519 Main St, City8','123-456-8166'),(292,'Company860','850 Main St, City67','123-456-7879'),(293,'Company939','327 Main St, City82','123-456-1155'),(294,'Company121','256 Main St, City92','123-456-8195'),(295,'Company346','269 Main St, City31','123-456-7326'),(296,'Company740','502 Main St, City29','123-456-9298'),(297,'Company790','157 Main St, City42','123-456-5983'),(298,'Company752','964 Main St, City57','123-456-9147'),(299,'Company892','713 Main St, City89','123-456-3085'),(300,'Company875','448 Main St, City62','123-456-7213'),(301,'Company769','680 Main St, City10','123-456-4245'),(302,'Company845','949 Main St, City21','123-456-1937'),(303,'Company346','148 Main St, City71','123-456-0664'),(304,'Company227','932 Main St, City99','123-456-1081'),(305,'Company599','667 Main St, City55','123-456-6991'),(306,'Company876','282 Main St, City79','123-456-0589'),(307,'Company953','585 Main St, City7','123-456-5756'),(308,'Company681','677 Main St, City35','123-456-6810'),(309,'Company379','848 Main St, City11','123-456-9766'),(310,'Company572','928 Main St, City93','123-456-8270'),(311,'Company371','370 Main St, City74','123-456-5781'),(312,'Company679','659 Main St, City26','123-456-3017'),(313,'Company744','811 Main St, City83','123-456-6776'),(314,'Company924','584 Main St, City15','123-456-9935'),(315,'Company521','624 Main St, City56','123-456-9054'),(316,'Company862','591 Main St, City37','123-456-0728'),(317,'Company258','70 Main St, City58','123-456-6633'),(318,'Company594','980 Main St, City12','123-456-6339'),(319,'Company828','234 Main St, City69','123-456-7232'),(320,'Company563','645 Main St, City54','123-456-7357'),(321,'Company78','180 Main St, City67','123-456-7844'),(322,'Company929','291 Main St, City67','123-456-4622'),(323,'Company311','168 Main St, City91','123-456-0128'),(324,'Company356','741 Main St, City64','123-456-9551'),(325,'Company870','483 Main St, City81','123-456-5746'),(326,'Company460','574 Main St, City49','123-456-7280'),(327,'Company171','670 Main St, City84','123-456-1749'),(328,'Company365','296 Main St, City39','123-456-0448'),(329,'Company65','190 Main St, City76','123-456-1991'),(330,'Company736','78 Main St, City19','123-456-6880'),(331,'Company888','372 Main St, City20','123-456-8720'),(332,'Company768','223 Main St, City82','123-456-3876'),(333,'Company505','359 Main St, City28','123-456-3203'),(334,'Company765','862 Main St, City2','123-456-4863'),(335,'Company390','487 Main St, City27','123-456-8682'),(336,'Company545','117 Main St, City96','123-456-4014'),(337,'Company157','578 Main St, City42','123-456-3629'),(338,'Company558','698 Main St, City82','123-456-9797'),(339,'Company456','341 Main St, City34','123-456-6560'),(340,'Company274','398 Main St, City17','123-456-6488'),(341,'Company740','751 Main St, City54','123-456-4254'),(342,'Company521','327 Main St, City7','123-456-3656'),(343,'Company622','13 Main St, City20','123-456-9530'),(344,'Company171','993 Main St, City46','123-456-2782'),(345,'Company39','356 Main St, City67','123-456-2553'),(346,'Company284','651 Main St, City41','123-456-0546'),(347,'Company71','187 Main St, City73','123-456-0577'),(348,'Company118','417 Main St, City73','123-456-3871'),(349,'Company755','612 Main St, City80','123-456-1261'),(350,'Company256','898 Main St, City72','123-456-9082'),(351,'Company382','185 Main St, City78','123-456-3224'),(352,'Company288','470 Main St, City49','123-456-0131'),(353,'Company614','27 Main St, City30','123-456-3831'),(354,'Company39','43 Main St, City10','123-456-3644'),(355,'Company527','541 Main St, City13','123-456-9832'),(356,'Company554','820 Main St, City44','123-456-7145'),(357,'Company270','205 Main St, City22','123-456-4504'),(358,'Company615','720 Main St, City76','123-456-6136'),(359,'Company806','186 Main St, City52','123-456-0076'),(360,'Company499','472 Main St, City87','123-456-8994'),(361,'Company908','842 Main St, City49','123-456-8934'),(362,'Company17','403 Main St, City97','123-456-6129'),(363,'Company172','21 Main St, City59','123-456-8653'),(364,'Company572','262 Main St, City60','123-456-1725'),(365,'Company90','929 Main St, City38','123-456-0916'),(366,'Company332','383 Main St, City92','123-456-4419');
/*!40000 ALTER TABLE `buscompany` ENABLE KEYS */;
UNLOCK TABLES;

--
-- Table structure for table `busmaintenance`
--

DROP TABLE IF EXISTS `busmaintenance`;
/*!40101 SET @saved_cs_client     = @@character_set_client */;
/*!50503 SET character_set_client = utf8mb4 */;
CREATE TABLE `busmaintenance` (
  `maintenance_id` int NOT NULL AUTO_INCREMENT,
  `bus_id` int DEFAULT NULL,
  `employee_id` int DEFAULT NULL,
  `maintenance_date` date DEFAULT NULL,
  `description` text,
  PRIMARY KEY (`maintenance_id`),
  KEY `bus_id` (`bus_id`),
  KEY `employee_id` (`employee_id`),
  CONSTRAINT `busmaintenance_ibfk_1` FOREIGN KEY (`bus_id`) REFERENCES `bus` (`bus_id`) ON DELETE CASCADE,
  CONSTRAINT `busmaintenance_ibfk_2` FOREIGN KEY (`employee_id`) REFERENCES `employee` (`employee_id`) ON DELETE CASCADE
) ENGINE=InnoDB AUTO_INCREMENT=383 DEFAULT CHARSET=utf8mb4 COLLATE=utf8mb4_0900_ai_ci;
/*!40101 SET character_set_client = @saved_cs_client */;

--
-- Dumping data for table `busmaintenance`
--

LOCK TABLES `busmaintenance` WRITE;
/*!40000 ALTER TABLE `busmaintenance` DISABLE KEYS */;
INSERT INTO `busmaintenance` VALUES (1,1,34,'2024-02-03','Maintenance for bus 1'),(2,2,31,'2024-05-05','Maintenance for bus 2'),(3,3,27,'2023-12-23','Maintenance for bus 3'),(4,4,30,'2023-10-17','Maintenance for bus 4'),(5,5,17,'2023-07-27','Maintenance for bus 5'),(6,6,10,'2023-12-19','Maintenance for bus 6'),(7,7,32,'2023-07-24','Maintenance for bus 7'),(8,8,18,'2024-03-24','Maintenance for bus 8'),(9,9,44,'2023-08-20','Maintenance for bus 9'),(10,10,15,'2024-04-06','Maintenance for bus 10'),(11,11,43,'2023-08-16','Maintenance for bus 11'),(12,12,21,'2023-10-04','Maintenance for bus 12'),(13,13,3,'2024-01-30','Maintenance for bus 13'),(14,14,25,'2023-12-31','Maintenance for bus 14'),(15,15,31,'2023-08-02','Maintenance for bus 15'),(16,16,15,'2023-05-31','Maintenance for bus 16'),(17,17,6,'2023-11-08','Maintenance for bus 17'),(18,18,23,'2023-10-26','Maintenance for bus 18'),(19,19,31,'2024-02-19','Maintenance for bus 19'),(20,20,28,'2023-07-08','Maintenance for bus 20'),(21,21,43,'2023-11-17','Maintenance for bus 21'),(22,22,7,'2024-05-13','Maintenance for bus 22'),(23,23,43,'2024-05-03','Maintenance for bus 23'),(24,24,42,'2023-06-07','Maintenance for bus 24'),(25,25,19,'2023-06-20','Maintenance for bus 25'),(26,26,30,'2024-04-06','Maintenance for bus 26'),(27,27,48,'2024-02-12','Maintenance for bus 27'),(28,28,32,'2024-02-17','Maintenance for bus 28'),(29,29,26,'2023-10-01','Maintenance for bus 29'),(30,30,41,'2024-05-10','Maintenance for bus 30'),(31,31,42,'2024-05-16','Maintenance for bus 31'),(32,32,34,'2024-03-08','Maintenance for bus 32'),(33,33,7,'2023-06-19','Maintenance for bus 33'),(34,34,19,'2023-06-07','Maintenance for bus 34'),(35,35,41,'2024-05-04','Maintenance for bus 35'),(36,36,48,'2023-12-01','Maintenance for bus 36'),(37,37,33,'2023-08-14','Maintenance for bus 37'),(38,38,50,'2023-10-18','Maintenance for bus 38'),(39,39,5,'2023-11-09','Maintenance for bus 39'),(40,40,27,'2023-06-03','Maintenance for bus 40'),(41,41,18,'2023-08-06','Maintenance for bus 41'),(42,42,1,'2023-10-27','Maintenance for bus 42'),(43,43,47,'2023-07-06','Maintenance for bus 43'),(44,44,35,'2023-08-28','Maintenance for bus 44'),(45,45,35,'2024-03-06','Maintenance for bus 45'),(46,46,4,'2023-10-18','Maintenance for bus 46'),(47,47,45,'2023-10-21','Maintenance for bus 47'),(48,48,18,'2023-06-11','Maintenance for bus 48'),(49,49,39,'2023-06-22','Maintenance for bus 49'),(50,50,20,'2024-04-23','Maintenance for bus 50'),(51,51,18,'2023-12-09','Maintenance for bus 51'),(52,52,16,'2024-04-24','Maintenance for bus 52'),(53,53,30,'2023-10-21','Maintenance for bus 53'),(54,54,15,'2023-10-12','Maintenance for bus 54'),(55,55,15,'2023-11-22','Maintenance for bus 55'),(56,56,38,'2024-03-22','Maintenance for bus 56'),(57,57,35,'2023-07-02','Maintenance for bus 57'),(58,58,24,'2023-10-13','Maintenance for bus 58'),(59,59,37,'2023-09-02','Maintenance for bus 59'),(60,60,27,'2024-01-03','Maintenance for bus 60'),(61,61,23,'2024-05-27','Maintenance for bus 61'),(62,62,36,'2023-11-24','Maintenance for bus 62'),(63,63,23,'2023-09-21','Maintenance for bus 63'),(64,64,6,'2023-12-10','Maintenance for bus 64'),(65,65,2,'2023-09-05','Maintenance for bus 65'),(66,66,29,'2023-09-19','Maintenance for bus 66'),(67,67,38,'2023-10-17','Maintenance for bus 67'),(68,68,44,'2023-12-04','Maintenance for bus 68'),(69,69,42,'2023-09-17','Maintenance for bus 69'),(70,70,1,'2023-07-01','Maintenance for bus 70'),(71,71,29,'2024-04-29','Maintenance for bus 71'),(72,72,37,'2024-01-23','Maintenance for bus 72'),(73,73,30,'2023-07-05','Maintenance for bus 73'),(74,74,38,'2023-06-01','Maintenance for bus 74'),(75,75,38,'2023-08-11','Maintenance for bus 75'),(76,76,37,'2024-02-22','Maintenance for bus 76'),(77,77,7,'2023-07-16','Maintenance for bus 77'),(78,78,48,'2024-03-28','Maintenance for bus 78'),(79,79,50,'2024-01-04','Maintenance for bus 79'),(80,80,4,'2024-04-22','Maintenance for bus 80'),(81,81,17,'2024-02-06','Maintenance for bus 81'),(82,82,30,'2024-05-28','Maintenance for bus 82'),(83,83,14,'2024-02-14','Maintenance for bus 83'),(84,84,34,'2023-12-14','Maintenance for bus 84'),(85,85,16,'2024-04-14','Maintenance for bus 85'),(86,86,36,'2024-03-10','Maintenance for bus 86'),(87,87,48,'2024-05-05','Maintenance for bus 87'),(88,88,25,'2024-02-16','Maintenance for bus 88'),(89,89,47,'2023-08-16','Maintenance for bus 89'),(90,90,8,'2023-12-23','Maintenance for bus 90'),(91,91,35,'2024-04-10','Maintenance for bus 91'),(92,92,31,'2023-09-22','Maintenance for bus 92'),(93,93,29,'2023-08-13','Maintenance for bus 93'),(94,94,14,'2023-06-20','Maintenance for bus 94'),(95,95,46,'2023-08-29','Maintenance for bus 95'),(96,96,1,'2023-08-07','Maintenance for bus 96'),(97,97,1,'2023-10-06','Maintenance for bus 97'),(98,98,10,'2023-06-02','Maintenance for bus 98'),(99,99,21,'2024-05-20','Maintenance for bus 99'),(100,100,47,'2023-11-03','Maintenance for bus 100'),(128,1,163,'2023-11-27','Maintenance for bus 1'),(129,1,162,'2024-04-17','Maintenance for bus 1'),(130,1,161,'2024-05-07','Maintenance for bus 1'),(131,1,160,'2023-06-16','Maintenance for bus 1'),(132,1,159,'2023-10-24','Maintenance for bus 1'),(133,1,158,'2024-04-14','Maintenance for bus 1'),(134,1,157,'2023-07-31','Maintenance for bus 1'),(135,1,156,'2023-08-19','Maintenance for bus 1'),(136,1,155,'2024-01-05','Maintenance for bus 1'),(137,1,154,'2023-10-01','Maintenance for bus 1'),(138,1,153,'2024-04-21','Maintenance for bus 1'),(139,1,152,'2023-11-14','Maintenance for bus 1'),(140,1,151,'2024-01-09','Maintenance for bus 1'),(141,1,150,'2024-02-03','Maintenance for bus 1'),(142,1,149,'2023-12-23','Maintenance for bus 1'),(143,1,148,'2024-03-12','Maintenance for bus 1'),(144,1,147,'2023-08-23','Maintenance for bus 1'),(145,1,146,'2024-03-19','Maintenance for bus 1'),(146,1,145,'2023-09-25','Maintenance for bus 1'),(147,1,144,'2023-08-12','Maintenance for bus 1'),(148,1,143,'2023-06-14','Maintenance for bus 1'),(149,1,142,'2024-01-03','Maintenance for bus 1'),(150,1,141,'2024-04-06','Maintenance for bus 1'),(151,1,140,'2023-11-25','Maintenance for bus 1'),(152,1,139,'2024-04-16','Maintenance for bus 1'),(153,1,138,'2024-05-06','Maintenance for bus 1'),(154,1,137,'2023-06-14','Maintenance for bus 1'),(155,1,136,'2023-10-19','Maintenance for bus 1'),(156,1,135,'2024-03-25','Maintenance for bus 1'),(157,1,134,'2024-05-09','Maintenance for bus 1'),(158,1,133,'2023-08-30','Maintenance for bus 1'),(159,1,132,'2023-11-03','Maintenance for bus 1'),(160,1,131,'2023-10-20','Maintenance for bus 1'),(161,1,130,'2024-01-28','Maintenance for bus 1'),(162,1,129,'2023-07-24','Maintenance for bus 1'),(163,1,128,'2024-03-03','Maintenance for bus 1'),(164,1,127,'2023-10-05','Maintenance for bus 1'),(165,1,126,'2023-11-16','Maintenance for bus 1'),(166,1,125,'2023-09-07','Maintenance for bus 1'),(167,1,124,'2024-05-19','Maintenance for bus 1'),(168,1,123,'2023-06-15','Maintenance for bus 1'),(169,1,122,'2023-09-16','Maintenance for bus 1'),(170,1,121,'2023-10-10','Maintenance for bus 1'),(171,1,120,'2024-04-29','Maintenance for bus 1'),(172,1,119,'2023-11-28','Maintenance for bus 1'),(173,1,118,'2024-02-25','Maintenance for bus 1'),(174,1,117,'2023-08-15','Maintenance for bus 1'),(175,1,116,'2024-03-28','Maintenance for bus 1'),(176,1,115,'2023-12-04','Maintenance for bus 1'),(177,1,114,'2023-06-30','Maintenance for bus 1'),(178,1,113,'2024-04-14','Maintenance for bus 1'),(179,1,112,'2023-07-16','Maintenance for bus 1'),(180,1,111,'2023-06-01','Maintenance for bus 1'),(181,1,110,'2024-01-22','Maintenance for bus 1'),(182,1,109,'2023-08-20','Maintenance for bus 1'),(183,1,108,'2023-07-31','Maintenance for bus 1'),(184,1,107,'2023-08-04','Maintenance for bus 1'),(185,1,106,'2023-10-20','Maintenance for bus 1'),(186,1,105,'2023-10-30','Maintenance for bus 1'),(187,1,104,'2024-04-29','Maintenance for bus 1'),(188,1,103,'2023-09-26','Maintenance for bus 1'),(189,1,102,'2024-04-14','Maintenance for bus 1'),(190,1,101,'2023-10-25','Maintenance for bus 1'),(191,1,100,'2023-10-23','Maintenance for bus 1'),(192,1,99,'2024-03-08','Maintenance for bus 1'),(193,1,98,'2024-02-02','Maintenance for bus 1'),(194,1,97,'2023-06-24','Maintenance for bus 1'),(195,1,96,'2023-09-18','Maintenance for bus 1'),(196,1,95,'2023-09-22','Maintenance for bus 1'),(197,1,94,'2024-01-27','Maintenance for bus 1'),(198,1,93,'2023-10-10','Maintenance for bus 1'),(199,1,92,'2024-03-29','Maintenance for bus 1'),(200,1,91,'2023-06-26','Maintenance for bus 1'),(201,1,90,'2024-04-09','Maintenance for bus 1'),(202,1,89,'2023-07-02','Maintenance for bus 1'),(203,1,88,'2024-04-10','Maintenance for bus 1'),(204,1,87,'2023-06-19','Maintenance for bus 1'),(205,1,86,'2024-02-02','Maintenance for bus 1'),(206,1,85,'2023-08-22','Maintenance for bus 1'),(207,1,84,'2023-07-10','Maintenance for bus 1'),(208,1,83,'2024-04-10','Maintenance for bus 1'),(209,1,82,'2024-05-28','Maintenance for bus 1'),(210,1,81,'2023-10-18','Maintenance for bus 1'),(211,1,80,'2024-05-06','Maintenance for bus 1'),(212,1,79,'2023-12-09','Maintenance for bus 1'),(213,1,78,'2024-03-26','Maintenance for bus 1'),(214,1,77,'2023-12-11','Maintenance for bus 1'),(215,1,76,'2023-08-10','Maintenance for bus 1'),(216,1,75,'2023-10-18','Maintenance for bus 1'),(217,1,74,'2023-10-02','Maintenance for bus 1'),(218,1,73,'2023-12-14','Maintenance for bus 1'),(219,1,72,'2024-02-05','Maintenance for bus 1'),(220,1,71,'2024-03-20','Maintenance for bus 1'),(221,1,70,'2024-05-22','Maintenance for bus 1'),(222,1,69,'2023-11-19','Maintenance for bus 1'),(223,1,68,'2023-11-02','Maintenance for bus 1'),(224,1,67,'2024-02-14','Maintenance for bus 1'),(225,1,66,'2023-09-07','Maintenance for bus 1'),(226,1,65,'2023-08-24','Maintenance for bus 1'),(227,1,64,'2023-10-07','Maintenance for bus 1'),(228,1,50,'2023-06-26','Maintenance for bus 1'),(229,1,49,'2023-09-14','Maintenance for bus 1'),(230,1,48,'2023-08-29','Maintenance for bus 1'),(231,1,47,'2023-10-11','Maintenance for bus 1'),(232,1,46,'2023-07-01','Maintenance for bus 1'),(233,1,45,'2023-09-29','Maintenance for bus 1'),(234,1,44,'2023-10-24','Maintenance for bus 1'),(235,1,43,'2023-06-02','Maintenance for bus 1'),(236,1,42,'2024-03-28','Maintenance for bus 1'),(237,1,41,'2023-07-14','Maintenance for bus 1'),(238,1,40,'2023-07-16','Maintenance for bus 1'),(239,1,39,'2023-09-04','Maintenance for bus 1'),(240,1,38,'2024-05-09','Maintenance for bus 1'),(241,1,37,'2024-05-04','Maintenance for bus 1'),(242,1,36,'2024-03-25','Maintenance for bus 1'),(243,1,35,'2023-09-20','Maintenance for bus 1'),(244,1,34,'2023-06-29','Maintenance for bus 1'),(245,1,33,'2023-11-20','Maintenance for bus 1'),(246,1,32,'2023-07-18','Maintenance for bus 1'),(247,1,31,'2023-08-28','Maintenance for bus 1'),(248,1,30,'2024-03-28','Maintenance for bus 1'),(249,1,29,'2023-10-24','Maintenance for bus 1'),(250,1,28,'2023-12-09','Maintenance for bus 1'),(251,1,27,'2023-11-05','Maintenance for bus 1'),(252,1,26,'2023-12-29','Maintenance for bus 1'),(253,1,25,'2024-01-07','Maintenance for bus 1'),(254,1,24,'2023-09-14','Maintenance for bus 1'),(255,1,23,'2024-01-20','Maintenance for bus 1'),(256,1,22,'2023-09-28','Maintenance for bus 1'),(257,1,21,'2024-02-18','Maintenance for bus 1'),(258,1,20,'2024-01-13','Maintenance for bus 1'),(259,1,19,'2024-05-11','Maintenance for bus 1'),(260,1,18,'2024-04-12','Maintenance for bus 1'),(261,1,17,'2023-12-03','Maintenance for bus 1'),(262,1,16,'2024-05-10','Maintenance for bus 1'),(263,1,15,'2023-08-08','Maintenance for bus 1'),(264,1,14,'2023-07-13','Maintenance for bus 1'),(265,1,13,'2023-06-09','Maintenance for bus 1'),(266,1,12,'2024-03-05','Maintenance for bus 1'),(267,1,11,'2024-02-29','Maintenance for bus 1'),(268,1,10,'2023-11-16','Maintenance for bus 1'),(269,1,9,'2023-06-24','Maintenance for bus 1'),(270,1,8,'2024-05-07','Maintenance for bus 1'),(271,1,7,'2023-11-25','Maintenance for bus 1'),(272,1,6,'2024-01-17','Maintenance for bus 1'),(273,1,5,'2024-02-12','Maintenance for bus 1'),(274,1,4,'2024-01-15','Maintenance for bus 1'),(275,1,3,'2023-06-07','Maintenance for bus 1'),(276,1,2,'2023-08-16','Maintenance for bus 1'),(277,1,1,'2023-06-01','Maintenance for bus 1'),(278,1,163,'2023-10-20','Maintenance for bus 1'),(279,1,162,'2024-05-04','Maintenance for bus 1'),(280,1,161,'2023-11-24','Maintenance for bus 1'),(281,1,160,'2024-01-20','Maintenance for bus 1'),(282,1,159,'2024-02-27','Maintenance for bus 1'),(283,1,158,'2024-03-20','Maintenance for bus 1'),(284,1,157,'2024-03-14','Maintenance for bus 1'),(285,1,156,'2023-12-13','Maintenance for bus 1'),(286,1,155,'2023-09-24','Maintenance for bus 1'),(287,1,154,'2024-05-23','Maintenance for bus 1'),(288,1,153,'2024-05-10','Maintenance for bus 1'),(289,1,152,'2024-03-14','Maintenance for bus 1'),(290,1,151,'2023-07-10','Maintenance for bus 1'),(291,1,150,'2023-08-04','Maintenance for bus 1'),(292,1,149,'2023-12-22','Maintenance for bus 1'),(293,1,148,'2023-09-12','Maintenance for bus 1'),(294,1,147,'2024-02-23','Maintenance for bus 1'),(295,1,146,'2024-03-25','Maintenance for bus 1'),(296,1,145,'2024-04-21','Maintenance for bus 1'),(297,1,144,'2023-06-05','Maintenance for bus 1'),(298,1,143,'2023-10-21','Maintenance for bus 1'),(299,1,142,'2024-04-29','Maintenance for bus 1'),(300,1,141,'2023-10-26','Maintenance for bus 1'),(301,1,140,'2023-09-10','Maintenance for bus 1'),(302,1,139,'2023-08-08','Maintenance for bus 1'),(303,1,138,'2023-07-06','Maintenance for bus 1'),(304,1,137,'2024-05-05','Maintenance for bus 1'),(305,1,136,'2023-10-11','Maintenance for bus 1'),(306,1,135,'2023-06-12','Maintenance for bus 1'),(307,1,134,'2023-06-24','Maintenance for bus 1'),(308,1,133,'2023-08-26','Maintenance for bus 1'),(309,1,132,'2024-05-26','Maintenance for bus 1'),(310,1,131,'2023-08-23','Maintenance for bus 1'),(311,1,130,'2023-08-10','Maintenance for bus 1'),(312,1,129,'2023-09-08','Maintenance for bus 1'),(313,1,128,'2024-03-14','Maintenance for bus 1'),(314,1,127,'2023-07-14','Maintenance for bus 1'),(315,1,126,'2023-08-26','Maintenance for bus 1'),(316,1,125,'2024-04-01','Maintenance for bus 1'),(317,1,124,'2023-11-20','Maintenance for bus 1'),(318,1,123,'2024-04-06','Maintenance for bus 1'),(319,1,122,'2024-04-03','Maintenance for bus 1'),(320,1,121,'2024-01-27','Maintenance for bus 1'),(321,1,120,'2024-03-06','Maintenance for bus 1'),(322,1,119,'2024-04-10','Maintenance for bus 1'),(323,1,118,'2023-06-07','Maintenance for bus 1'),(324,1,117,'2023-11-30','Maintenance for bus 1'),(325,1,116,'2023-11-14','Maintenance for bus 1'),(326,1,115,'2024-03-11','Maintenance for bus 1'),(327,1,114,'2023-12-10','Maintenance for bus 1');
/*!40000 ALTER TABLE `busmaintenance` ENABLE KEYS */;
UNLOCK TABLES;

--
-- Table structure for table `busschedule`
--

DROP TABLE IF EXISTS `busschedule`;
/*!40101 SET @saved_cs_client     = @@character_set_client */;
/*!50503 SET character_set_client = utf8mb4 */;
CREATE TABLE `busschedule` (
  `schedule_id` int NOT NULL AUTO_INCREMENT,
  `trip_id` int DEFAULT NULL,
  `stop_id` int DEFAULT NULL,
  `sequence` int DEFAULT NULL,
  `arrival_time` time DEFAULT NULL,
  `departure_time` time DEFAULT NULL,
  PRIMARY KEY (`schedule_id`),
  KEY `trip_id` (`trip_id`),
  KEY `stop_id` (`stop_id`),
  CONSTRAINT `busschedule_ibfk_1` FOREIGN KEY (`trip_id`) REFERENCES `trip` (`trip_id`) ON DELETE CASCADE,
  CONSTRAINT `busschedule_ibfk_2` FOREIGN KEY (`stop_id`) REFERENCES `busstop` (`stop_id`) ON DELETE CASCADE
) ENGINE=InnoDB AUTO_INCREMENT=1024 DEFAULT CHARSET=utf8mb4 COLLATE=utf8mb4_0900_ai_ci;
/*!40101 SET character_set_client = @saved_cs_client */;

--
-- Dumping data for table `busschedule`
--

LOCK TABLES `busschedule` WRITE;
/*!40000 ALTER TABLE `busschedule` DISABLE KEYS */;
INSERT INTO `busschedule` VALUES (1,1,34,1,'00:02:40','16:40:47'),(2,1,105,2,'07:01:19','02:51:08'),(3,1,101,3,'06:16:43','20:49:41'),(4,1,87,4,'09:13:26','11:21:16'),(5,1,31,5,'02:06:44','23:31:30'),(6,1,112,6,'14:04:33','11:13:15'),(7,1,86,7,'04:23:26','10:20:04'),(8,1,88,8,'13:50:37','09:16:10'),(9,1,4,9,'19:45:30','14:45:33'),(10,1,46,10,'14:20:47','11:38:22'),(11,1,16,11,'13:23:20','06:49:08'),(12,1,75,12,'15:39:11','17:55:50'),(13,1,35,13,'02:59:03','02:32:20'),(14,1,13,14,'20:38:00','17:36:53'),(15,1,72,15,'17:25:11','00:54:46'),(16,1,7,16,'15:14:26','12:03:12'),(17,1,1,17,'11:06:18','15:16:30'),(18,1,17,18,'01:58:17','16:38:12'),(19,1,95,19,'04:37:56','05:27:59'),(20,1,18,20,'09:47:56','07:16:22'),(21,1,25,21,'15:03:44','08:38:27'),(22,1,50,22,'23:34:25','02:23:50'),(23,1,73,23,'20:04:39','08:26:16'),(24,1,70,24,'13:12:16','21:18:21'),(25,1,96,25,'00:42:27','06:38:59'),(26,1,32,26,'02:00:57','11:47:27'),(27,1,76,27,'14:13:02','23:59:54'),(28,1,42,28,'22:26:00','16:19:59'),(29,1,20,29,'10:05:39','22:40:52'),(30,1,66,30,'20:13:19','00:00:05'),(31,1,38,31,'06:46:33','04:44:55'),(32,1,29,32,'08:33:49','13:18:29'),(33,1,19,33,'00:31:34','20:56:33'),(34,1,109,34,'09:53:29','19:44:24'),(35,1,33,35,'19:14:13','18:04:25'),(36,1,65,36,'21:39:02','05:54:50'),(37,1,26,37,'11:42:29','03:42:54'),(38,1,102,38,'01:59:02','02:08:25'),(39,1,81,39,'10:12:31','18:17:08'),(40,1,64,40,'10:17:55','17:19:22'),(41,1,2,41,'09:16:05','11:41:23'),(42,1,80,42,'22:06:10','03:47:32'),(43,1,47,43,'04:04:47','08:17:58'),(44,1,49,44,'00:05:11','12:19:09'),(45,1,100,45,'16:59:20','00:42:53'),(46,1,43,46,'06:29:13','20:07:36'),(47,1,48,47,'18:40:37','09:03:30'),(48,1,94,48,'15:43:50','18:01:43'),(49,1,111,49,'00:40:32','13:25:43'),(50,1,107,50,'01:59:30','19:47:07'),(51,1,40,51,'00:50:57','13:43:31'),(52,1,67,52,'09:20:49','07:47:39'),(53,1,41,53,'11:46:43','19:28:51'),(54,1,85,54,'06:27:03','16:26:09'),(55,1,3,55,'17:16:52','22:31:27'),(56,1,6,56,'01:31:12','15:38:44'),(57,1,84,57,'13:46:48','04:06:03'),(58,1,97,58,'05:29:23','09:43:55'),(59,1,45,59,'05:49:27','11:19:47'),(60,1,44,60,'06:50:37','16:22:20'),(61,1,22,61,'17:12:44','20:01:16'),(62,1,30,62,'18:49:00','03:54:10'),(63,1,28,63,'09:16:50','23:31:59'),(64,1,110,64,'10:14:54','03:34:33'),(65,1,104,65,'18:22:15','19:57:05'),(66,1,9,66,'02:57:51','14:50:11'),(67,1,8,67,'06:53:16','10:15:17'),(68,1,27,68,'07:28:31','11:35:08'),(69,1,15,69,'10:08:16','00:35:09'),(70,1,39,70,'14:10:05','20:17:18'),(71,1,10,71,'10:18:55','00:02:01'),(72,1,74,72,'04:37:50','18:45:14'),(73,1,69,73,'19:36:45','20:59:55'),(74,1,93,74,'05:37:30','22:57:08'),(75,1,78,75,'06:31:37','03:07:26'),(76,1,11,76,'01:07:47','23:33:34'),(77,1,77,77,'07:46:38','06:27:04'),(78,1,113,78,'03:28:07','07:52:14'),(79,1,14,79,'17:46:34','07:00:53'),(80,1,103,80,'08:19:18','07:21:26'),(81,1,106,81,'10:21:24','16:36:36'),(82,1,108,82,'10:51:36','18:54:23'),(83,1,82,83,'09:53:00','13:09:34'),(84,1,24,84,'01:06:59','15:12:46'),(85,1,68,85,'12:43:58','00:52:53'),(86,1,91,86,'18:43:32','02:02:33'),(87,1,71,87,'11:44:28','13:28:16'),(88,1,21,88,'03:13:56','18:26:15'),(89,1,99,89,'13:50:41','23:05:04'),(90,1,79,90,'04:50:17','01:54:57'),(91,1,23,91,'18:53:20','23:58:53'),(92,1,5,92,'22:21:24','14:27:42'),(93,1,92,93,'01:31:46','05:40:08'),(94,1,98,94,'01:08:17','03:42:34'),(95,1,89,95,'14:54:30','00:23:14'),(96,1,90,96,'17:00:11','10:35:27'),(97,1,12,97,'18:58:29','20:02:11'),(98,1,36,98,'23:57:39','20:14:51'),(99,1,83,99,'16:28:16','04:32:43'),(100,1,37,100,'15:46:59','00:21:09'),(101,2,76,1,'10:54:43','21:26:21'),(102,2,26,2,'12:06:03','02:20:16'),(103,2,95,3,'10:29:43','18:09:40'),(104,2,16,4,'21:55:35','02:42:11'),(105,2,84,5,'14:45:00','13:26:26'),(106,2,71,6,'06:26:02','18:24:15'),(107,2,19,7,'19:29:16','09:52:04'),(108,2,113,8,'15:25:49','12:38:53'),(109,2,49,9,'03:54:37','01:19:16'),(110,2,64,10,'09:46:37','06:08:51'),(111,2,67,11,'04:25:55','02:39:33'),(112,2,23,12,'05:19:54','07:01:26'),(113,2,14,13,'10:06:32','06:34:09'),(114,2,65,14,'14:41:55','05:30:49'),(115,2,32,15,'06:47:01','13:50:54'),(116,2,68,16,'07:37:23','15:43:10'),(117,2,43,17,'15:28:13','06:20:24'),(118,2,17,18,'12:15:14','13:07:35'),(119,2,42,19,'16:22:39','09:42:11'),(120,2,74,20,'12:31:03','11:57:47'),(121,2,7,21,'05:09:27','22:46:15'),(122,2,38,22,'12:47:20','12:09:34'),(123,2,105,23,'03:45:56','14:49:29'),(124,2,5,24,'08:31:21','14:17:02'),(125,2,78,25,'12:56:11','10:27:15'),(126,2,94,26,'15:04:14','21:04:30'),(127,2,20,27,'09:23:27','16:31:05'),(128,2,33,28,'17:26:52','07:15:08'),(129,2,1,29,'13:01:14','08:43:57'),(130,2,93,30,'10:32:24','19:53:44'),(131,2,40,31,'10:41:27','20:06:45'),(132,2,80,32,'07:38:52','04:47:28'),(133,2,91,33,'07:50:19','04:46:32'),(134,2,34,34,'10:33:58','18:19:03'),(135,2,82,35,'17:30:26','04:51:26'),(136,2,29,36,'20:45:59','20:52:32'),(137,2,12,37,'02:42:42','01:46:48'),(138,2,103,38,'19:22:58','12:16:53'),(139,2,77,39,'00:53:57','15:47:35'),(140,2,99,40,'00:53:36','13:01:31'),(141,2,98,41,'22:06:26','22:52:50'),(142,2,104,42,'18:36:36','04:15:13'),(143,2,45,43,'02:33:10','19:53:42'),(144,2,18,44,'09:43:38','07:41:29'),(145,2,112,45,'11:45:22','11:36:51'),(146,2,100,46,'07:10:14','11:58:38'),(147,2,47,47,'03:24:23','17:06:04'),(148,2,35,48,'03:06:52','14:00:54'),(149,2,28,49,'16:43:09','09:02:31'),(150,2,86,50,'00:26:45','23:10:16'),(151,2,101,51,'21:13:22','06:34:15'),(152,2,108,52,'06:16:52','03:41:11'),(153,2,85,53,'12:01:54','08:17:06'),(154,2,10,54,'01:55:39','05:42:39'),(155,2,87,55,'06:13:04','02:34:48'),(156,2,24,56,'23:13:57','15:29:38'),(157,2,48,57,'07:21:33','07:51:23'),(158,2,27,58,'09:05:27','15:58:40'),(159,2,22,59,'15:30:06','23:49:09'),(160,2,15,60,'07:31:24','06:05:28'),(161,2,81,61,'01:12:04','22:23:46'),(162,2,44,62,'04:21:06','13:59:26'),(163,2,92,63,'04:33:07','14:52:16'),(164,2,39,64,'07:03:53','01:32:12'),(165,2,3,65,'23:02:53','09:11:12'),(166,2,72,66,'12:30:17','03:51:58'),(167,2,106,67,'09:35:19','12:39:56'),(168,2,69,68,'21:32:37','00:15:53'),(169,2,4,69,'07:21:40','22:55:57'),(170,2,88,70,'09:31:38','09:27:45'),(171,2,73,71,'16:22:40','18:46:58'),(172,2,37,72,'16:37:25','19:30:41'),(173,2,89,73,'15:33:48','13:43:42'),(174,2,9,74,'13:40:51','03:46:12'),(175,2,111,75,'20:07:13','11:52:41'),(176,2,83,76,'15:23:37','11:47:37'),(177,2,110,77,'20:27:53','12:55:05'),(178,2,41,78,'04:45:28','05:19:23'),(179,2,25,79,'02:52:16','19:52:46'),(180,2,107,80,'23:50:12','04:05:58'),(181,2,36,81,'00:50:46','08:51:25'),(182,2,66,82,'04:58:35','04:33:48'),(183,2,97,83,'16:43:03','15:01:35'),(184,2,90,84,'00:26:13','04:46:49'),(185,2,21,85,'16:26:46','12:08:32'),(186,2,70,86,'09:20:15','00:12:42'),(187,2,11,87,'11:26:10','10:34:08'),(188,2,2,88,'13:20:18','20:00:23'),(189,2,31,89,'23:51:32','00:18:23'),(190,2,96,90,'20:46:13','08:35:43'),(191,2,79,91,'03:38:23','18:50:40'),(192,2,50,92,'01:32:43','07:11:17'),(193,2,8,93,'10:40:43','03:39:14'),(194,2,30,94,'21:48:32','10:51:40'),(195,2,6,95,'04:32:39','19:15:38'),(196,2,75,96,'08:56:10','16:58:56'),(197,2,13,97,'05:50:33','01:20:10'),(198,2,109,98,'14:10:56','17:00:10'),(199,2,102,99,'16:24:14','03:55:26'),(200,2,46,100,'02:04:42','04:13:02'),(201,3,3,1,'05:57:32','20:41:57'),(202,3,48,2,'08:35:30','09:43:13'),(203,3,110,3,'17:17:24','03:56:00'),(204,3,89,4,'13:10:09','07:04:18'),(205,3,105,5,'19:29:46','14:02:47'),(206,3,72,6,'09:46:49','12:12:54'),(207,3,49,7,'07:37:01','00:37:54'),(208,3,17,8,'12:23:00','00:20:31'),(209,3,64,9,'07:18:48','22:30:02'),(210,3,46,10,'18:13:42','03:46:30'),(211,3,22,11,'08:45:40','04:05:34'),(212,3,80,12,'09:13:32','06:05:12'),(213,3,28,13,'12:28:19','21:49:14'),(214,3,18,14,'11:42:37','17:46:36'),(215,3,85,15,'01:24:57','13:44:08'),(216,3,71,16,'14:58:52','07:23:01'),(217,3,24,17,'01:39:20','12:30:57'),(218,3,81,18,'04:48:30','04:12:00'),(219,3,108,19,'16:19:15','11:54:50'),(220,3,20,20,'10:07:20','04:55:12'),(221,3,92,21,'07:03:13','13:34:01'),(222,3,32,22,'10:03:52','04:00:15'),(223,3,30,23,'06:41:26','11:02:13'),(224,3,26,24,'17:39:52','15:31:04'),(225,3,23,25,'23:27:54','20:10:19'),(226,3,15,26,'04:18:37','19:02:53'),(227,3,14,27,'07:21:29','09:32:33'),(228,3,107,28,'06:14:49','03:05:44'),(229,3,8,29,'13:47:53','16:26:12'),(230,3,29,30,'11:24:39','03:23:41'),(231,3,112,31,'19:29:50','19:32:43'),(232,3,102,32,'06:59:35','04:53:24'),(233,3,104,33,'05:31:43','20:05:48'),(234,3,39,34,'00:09:19','17:11:16'),(235,3,76,35,'15:57:47','00:01:47'),(236,3,103,36,'12:09:01','04:44:26'),(237,3,96,37,'02:00:49','01:25:56'),(238,3,45,38,'14:34:26','15:59:05'),(239,3,44,39,'02:00:19','01:06:16'),(240,3,113,40,'21:05:38','00:29:52'),(241,3,16,41,'02:43:48','03:39:01'),(242,3,38,42,'04:45:08','11:01:35'),(243,3,2,43,'18:56:59','09:34:29'),(244,3,69,44,'17:59:56','04:35:11'),(245,3,31,45,'22:04:38','00:35:10'),(246,3,74,46,'06:09:54','16:18:04'),(247,3,73,47,'15:05:59','10:09:04'),(248,3,1,48,'11:21:06','15:22:00'),(249,3,99,49,'14:54:43','09:06:00'),(250,3,111,50,'06:29:36','14:26:33'),(251,3,97,51,'03:40:12','23:49:24'),(252,3,42,52,'16:07:04','13:18:27'),(253,3,109,53,'08:08:10','20:58:24'),(254,3,70,54,'22:40:41','21:08:46'),(255,3,9,55,'20:27:49','09:37:38'),(256,3,84,56,'05:53:54','07:52:55'),(257,3,7,57,'23:35:17','23:15:21'),(258,3,37,58,'16:14:48','10:17:30'),(259,3,68,59,'11:52:13','12:13:39'),(260,3,21,60,'19:34:49','23:02:23'),(261,3,41,61,'15:57:05','04:53:11'),(262,3,19,62,'17:21:34','11:46:46'),(263,3,87,63,'11:50:00','07:34:47'),(264,3,50,64,'14:15:37','19:17:55'),(265,3,93,65,'02:37:36','08:04:06'),(266,3,78,66,'21:01:49','02:22:54'),(267,3,88,67,'18:59:22','15:04:42'),(268,3,33,68,'17:27:24','07:24:27'),(269,3,4,69,'19:37:48','17:25:47'),(270,3,5,70,'16:10:25','23:19:52'),(271,3,106,71,'11:20:56','22:13:02'),(272,3,77,72,'13:53:39','10:42:03'),(273,3,12,73,'19:07:07','11:31:30'),(274,3,6,74,'02:45:36','00:56:14'),(275,3,83,75,'01:53:01','19:57:15'),(276,3,82,76,'15:41:33','15:47:02'),(277,3,100,77,'06:21:38','16:25:33'),(278,3,91,78,'13:37:23','03:46:31'),(279,3,47,79,'01:55:28','16:49:29'),(280,3,43,80,'07:10:30','17:02:09'),(281,3,27,81,'17:55:37','22:15:19'),(282,3,34,82,'08:41:38','23:35:13'),(283,3,75,83,'14:09:41','01:42:38'),(284,3,11,84,'03:43:23','21:29:28'),(285,3,10,85,'21:54:33','16:22:13'),(286,3,40,86,'01:10:56','07:51:39'),(287,3,25,87,'17:22:45','16:47:26'),(288,3,98,88,'13:28:32','20:45:57'),(289,3,95,89,'14:15:34','23:37:02'),(290,3,66,90,'00:13:06','00:28:52'),(291,3,67,91,'07:54:21','14:37:47'),(292,3,13,92,'16:31:09','09:21:41'),(293,3,65,93,'20:15:43','03:44:26'),(294,3,90,94,'11:39:33','07:57:34'),(295,3,86,95,'02:12:30','07:31:36'),(296,3,35,96,'07:20:41','09:10:40'),(297,3,36,97,'19:40:19','21:53:06'),(298,3,79,98,'08:28:24','13:46:51'),(299,3,94,99,'06:38:32','02:58:07'),(300,3,101,100,'15:38:11','23:27:09'),(301,4,70,1,'08:09:37','06:43:17'),(302,4,46,2,'15:27:38','19:10:21'),(303,4,20,3,'04:05:51','09:51:27'),(304,4,75,4,'09:09:26','10:35:58'),(305,4,71,5,'13:52:36','09:14:37'),(306,4,28,6,'12:09:42','00:19:19'),(307,4,77,7,'16:55:33','22:30:26'),(308,4,41,8,'06:32:40','18:24:42'),(309,4,113,9,'20:35:11','15:19:28'),(310,4,102,10,'23:34:56','05:59:46'),(311,4,68,11,'21:14:24','17:48:43'),(312,4,79,12,'23:11:09','02:55:49'),(313,4,91,13,'07:08:10','18:29:55'),(314,4,8,14,'11:31:55','16:25:04'),(315,4,24,15,'20:18:24','11:51:21'),(316,4,101,16,'07:07:58','17:38:45'),(317,4,48,17,'16:42:20','17:11:21'),(318,4,37,18,'12:41:48','20:56:43'),(319,4,21,19,'21:54:55','18:54:12'),(320,4,108,20,'16:00:05','12:32:40'),(321,4,111,21,'11:56:01','15:32:53'),(322,4,65,22,'23:32:41','00:11:51'),(323,4,85,23,'16:15:42','11:35:45'),(324,4,2,24,'18:10:40','20:10:32'),(325,4,94,25,'18:56:28','23:56:28'),(326,4,16,26,'12:38:40','16:02:07'),(327,4,69,27,'14:24:59','00:23:17'),(328,4,84,28,'00:07:57','00:45:53'),(329,4,11,29,'05:05:37','00:46:42'),(330,4,95,30,'23:33:20','20:41:47'),(331,4,106,31,'00:47:41','02:49:57'),(332,4,50,32,'22:52:19','16:12:41'),(333,4,9,33,'20:30:19','04:05:53'),(334,4,31,34,'13:27:09','16:10:29'),(335,4,33,35,'19:32:40','20:31:51'),(336,4,104,36,'06:20:05','01:23:59'),(337,4,6,37,'14:16:41','16:00:31'),(338,4,105,38,'15:20:39','21:04:13'),(339,4,80,39,'03:09:58','08:04:42'),(340,4,47,40,'20:31:42','22:50:16'),(341,4,3,41,'18:36:17','12:55:21'),(342,4,103,42,'20:43:46','23:20:39'),(343,4,49,43,'02:31:30','02:58:59'),(344,4,10,44,'01:40:20','22:12:39'),(345,4,73,45,'07:31:55','03:10:12'),(346,4,29,46,'13:36:50','09:14:46'),(347,4,19,47,'00:21:06','14:27:30'),(348,4,22,48,'10:34:11','17:25:56'),(349,4,27,49,'05:36:50','16:22:29'),(350,4,5,50,'06:58:27','22:55:29'),(351,4,76,51,'14:13:26','09:31:32'),(352,4,43,52,'18:29:42','05:56:26'),(353,4,107,53,'00:54:26','12:03:57'),(354,4,87,54,'12:06:39','20:02:27'),(355,4,112,55,'17:17:38','21:33:47'),(356,4,93,56,'15:32:32','12:44:46'),(357,4,99,57,'13:03:47','22:04:48'),(358,4,86,58,'08:11:15','21:00:20'),(359,4,30,59,'23:00:26','21:10:17'),(360,4,39,60,'19:02:20','01:06:02'),(361,4,26,61,'00:59:29','05:32:28'),(362,4,78,62,'17:38:01','16:34:02'),(363,4,92,63,'12:13:54','13:31:47'),(364,4,72,64,'17:42:44','16:28:56'),(365,4,12,65,'00:49:02','02:22:55'),(366,4,110,66,'08:00:20','13:53:32'),(367,4,14,67,'15:36:42','03:29:27'),(368,4,15,68,'08:03:34','13:15:08'),(369,4,13,69,'23:34:33','17:42:17'),(370,4,36,70,'19:17:55','20:15:59'),(371,4,44,71,'17:59:11','13:36:23'),(372,4,100,72,'06:10:03','02:01:42'),(373,4,97,73,'13:12:04','12:07:07'),(374,4,35,74,'01:19:57','00:02:15'),(375,4,88,75,'17:48:46','08:50:03'),(376,4,32,76,'03:27:40','08:55:41'),(377,4,34,77,'17:47:27','08:03:58'),(378,4,38,78,'15:34:52','20:25:48'),(379,4,17,79,'11:23:53','23:01:49'),(380,4,96,80,'09:32:48','12:26:44'),(381,4,109,81,'06:29:55','19:50:32'),(382,4,4,82,'04:40:59','09:59:44'),(383,4,42,83,'10:13:14','12:07:55'),(384,4,1,84,'16:08:54','17:23:27'),(385,4,23,85,'17:10:57','22:30:58'),(386,4,66,86,'11:59:19','18:28:26'),(387,4,90,87,'00:52:54','10:50:09'),(388,4,98,88,'14:46:14','07:54:01'),(389,4,18,89,'13:45:29','02:45:52'),(390,4,7,90,'09:10:02','03:02:17'),(391,4,40,91,'07:50:37','17:37:28'),(392,4,25,92,'23:59:07','01:24:54'),(393,4,67,93,'14:12:55','22:44:21'),(394,4,45,94,'10:50:23','05:26:15'),(395,4,74,95,'12:46:53','15:00:49'),(396,4,64,96,'00:07:44','21:15:58'),(397,4,82,97,'11:52:17','07:51:10'),(398,4,83,98,'03:47:24','12:21:11'),(399,4,89,99,'22:07:01','07:39:52'),(400,4,81,100,'07:38:35','06:56:53'),(401,5,1,1,'11:47:22','02:31:54'),(402,5,85,2,'23:25:28','12:14:06'),(403,5,92,3,'10:31:04','19:41:01'),(404,5,90,4,'22:26:23','06:35:20'),(405,5,98,5,'23:38:45','12:02:48'),(406,5,37,6,'22:05:41','03:44:42'),(407,5,67,7,'03:52:43','05:23:08'),(408,5,17,8,'21:31:16','21:16:56'),(409,5,48,9,'16:17:25','19:02:38'),(410,5,3,10,'01:04:00','12:58:47'),(411,5,106,11,'09:39:55','05:34:49'),(412,5,40,12,'20:13:35','10:02:41'),(413,5,75,13,'03:14:31','20:41:46'),(414,5,4,14,'06:55:45','15:05:36'),(415,5,9,15,'03:47:37','23:07:31'),(416,5,34,16,'05:48:41','08:12:14'),(417,5,8,17,'08:48:10','22:57:39'),(418,5,78,18,'00:23:52','04:18:52'),(419,5,43,19,'20:21:29','07:29:27'),(420,5,65,20,'20:19:12','07:04:36'),(421,5,111,21,'08:29:06','19:38:45'),(422,5,94,22,'21:04:42','10:33:11'),(423,5,108,23,'20:06:03','05:18:10'),(424,5,6,24,'22:42:04','16:23:12'),(425,5,21,25,'23:20:40','18:31:32'),(426,5,86,26,'20:25:28','03:29:34'),(427,5,32,27,'16:38:03','07:22:51'),(428,5,76,28,'05:37:45','00:07:26'),(429,5,88,29,'03:14:46','11:17:09'),(430,5,31,30,'21:48:56','07:45:24'),(431,5,72,31,'17:24:22','09:08:53'),(432,5,23,32,'22:57:51','12:45:41'),(433,5,68,33,'22:07:16','04:51:07'),(434,5,45,34,'20:51:12','21:33:22'),(435,5,41,35,'17:10:43','02:13:31'),(436,5,28,36,'07:06:42','23:48:24'),(437,5,95,37,'06:25:45','20:01:32'),(438,5,97,38,'19:17:41','12:15:58'),(439,5,80,39,'16:35:43','22:17:08'),(440,5,93,40,'00:56:32','15:48:16'),(441,5,39,41,'02:32:23','23:44:56'),(442,5,89,42,'13:18:39','05:21:42'),(443,5,79,43,'14:18:10','10:16:20'),(444,5,2,44,'18:30:15','07:06:33'),(445,5,5,45,'08:56:42','06:54:58'),(446,5,107,46,'20:06:06','13:33:23'),(447,5,82,47,'07:54:32','22:56:03'),(448,5,84,48,'02:45:19','20:45:17'),(449,5,38,49,'17:19:49','20:57:32'),(450,5,66,50,'01:15:35','12:06:11'),(451,5,12,51,'19:19:42','06:05:59'),(452,5,112,52,'13:22:36','00:11:25'),(453,5,25,53,'01:13:42','10:49:17'),(454,5,109,54,'01:56:03','12:33:10'),(455,5,7,55,'02:03:05','12:45:03'),(456,5,71,56,'01:07:20','04:43:28'),(457,5,46,57,'21:33:38','10:41:45'),(458,5,16,58,'14:20:53','21:52:38'),(459,5,15,59,'15:01:44','23:48:07'),(460,5,29,60,'16:42:36','07:51:18'),(461,5,91,61,'00:13:37','20:13:21'),(462,5,22,62,'21:14:21','05:08:07'),(463,5,81,63,'14:52:25','21:12:57'),(464,5,13,64,'07:27:20','07:33:18'),(465,5,113,65,'00:13:08','17:37:23'),(466,5,100,66,'16:05:26','00:33:54'),(467,5,69,67,'06:44:37','01:44:31'),(468,5,73,68,'03:32:29','09:09:45'),(469,5,70,69,'04:03:35','11:12:47'),(470,5,77,70,'05:54:05','20:03:16'),(471,5,11,71,'01:13:24','20:15:25'),(472,5,44,72,'06:23:21','19:57:56'),(473,5,30,73,'00:22:06','13:30:46'),(474,5,26,74,'10:08:43','14:01:14'),(475,5,74,75,'11:38:07','20:35:47'),(476,5,47,76,'19:33:52','10:27:28'),(477,5,64,77,'07:50:27','23:36:54'),(478,5,50,78,'06:52:15','18:22:43'),(479,5,20,79,'22:20:51','23:38:15'),(480,5,87,80,'20:32:52','14:20:58'),(481,5,105,81,'14:44:15','08:39:17'),(482,5,104,82,'06:17:42','13:58:24'),(483,5,49,83,'02:13:10','16:56:15'),(484,5,83,84,'20:13:32','10:17:18'),(485,5,33,85,'10:15:58','08:15:28'),(486,5,42,86,'16:22:57','12:27:10'),(487,5,102,87,'01:40:14','10:47:55'),(488,5,36,88,'03:55:12','21:57:39'),(489,5,110,89,'05:53:05','06:47:03'),(490,5,101,90,'09:27:42','00:02:54'),(491,5,10,91,'08:15:26','16:07:21'),(492,5,27,92,'22:01:26','12:42:25'),(493,5,14,93,'23:09:44','17:43:28'),(494,5,18,94,'01:54:39','07:08:49'),(495,5,35,95,'05:17:33','00:00:40'),(496,5,24,96,'16:35:54','07:24:31'),(497,5,99,97,'00:01:22','20:08:17'),(498,5,103,98,'09:56:32','20:26:52'),(499,5,19,99,'05:45:47','23:03:50'),(500,5,96,100,'17:23:21','08:17:13'),(501,6,29,1,'08:22:29','10:00:44'),(502,6,65,2,'01:44:54','00:24:04'),(503,6,44,3,'20:29:09','21:27:20'),(504,6,1,4,'05:59:26','20:56:10'),(505,6,88,5,'19:04:53','12:58:01'),(506,6,67,6,'11:57:32','23:26:41'),(507,6,92,7,'12:25:03','00:46:57'),(508,6,33,8,'06:13:08','17:46:51'),(509,6,48,9,'19:56:51','14:24:37'),(510,6,103,10,'06:08:55','16:15:17'),(511,6,45,11,'16:47:40','20:31:13'),(512,6,93,12,'11:28:20','17:36:57'),(513,6,3,13,'10:00:23','08:56:26'),(514,6,9,14,'22:09:48','20:35:52'),(515,6,76,15,'12:37:06','20:14:29'),(516,6,87,16,'12:00:10','16:55:32'),(517,6,26,17,'03:11:33','19:35:39'),(518,6,111,18,'05:11:04','05:25:17'),(519,6,46,19,'02:47:23','17:20:58'),(520,6,10,20,'20:43:43','09:05:50'),(521,6,23,21,'13:40:44','21:43:49'),(522,6,95,22,'19:17:44','01:41:17'),(523,6,66,23,'13:21:17','18:24:52'),(524,6,14,24,'04:37:42','20:18:41'),(525,6,104,25,'23:55:09','20:21:46'),(526,6,73,26,'07:04:14','06:55:09'),(527,6,70,27,'21:59:54','09:07:51'),(528,6,6,28,'21:50:19','07:58:04'),(529,6,79,29,'14:21:53','18:16:54'),(530,6,109,30,'16:39:32','05:37:09'),(531,6,7,31,'13:52:36','15:19:12'),(532,6,37,32,'14:38:36','18:25:43'),(533,6,110,33,'06:27:17','01:17:48'),(534,6,97,34,'00:31:08','18:53:18'),(535,6,15,35,'05:29:11','19:43:34'),(536,6,47,36,'06:45:50','00:52:38'),(537,6,30,37,'06:36:57','23:56:21'),(538,6,106,38,'09:47:01','15:18:49'),(539,6,90,39,'17:28:59','05:45:38'),(540,6,8,40,'13:39:01','10:26:24'),(541,6,21,41,'09:43:55','14:39:00'),(542,6,98,42,'11:44:32','23:48:17'),(543,6,85,43,'17:58:08','06:10:55'),(544,6,72,44,'11:07:06','19:07:13'),(545,6,107,45,'13:28:34','05:46:18'),(546,6,71,46,'02:49:27','23:03:51'),(547,6,112,47,'16:01:14','16:01:29'),(548,6,77,48,'10:32:44','12:37:46'),(549,6,83,49,'20:44:47','15:32:21'),(550,6,91,50,'11:54:23','19:13:59'),(551,6,2,51,'11:32:56','17:22:33'),(552,6,102,52,'14:19:31','06:49:39'),(553,6,101,53,'20:16:26','11:34:10'),(554,6,75,54,'04:59:24','06:34:33'),(555,6,82,55,'19:37:08','07:24:24'),(556,6,24,56,'21:03:51','14:23:42'),(557,6,13,57,'06:22:51','12:34:09'),(558,6,25,58,'12:08:15','15:11:23'),(559,6,40,59,'18:08:44','21:09:26'),(560,6,50,60,'05:07:12','01:54:03'),(561,6,38,61,'00:28:53','02:35:13'),(562,6,19,62,'23:10:45','18:51:50'),(563,6,74,63,'10:46:10','03:48:10'),(564,6,49,64,'01:58:27','07:07:07'),(565,6,35,65,'23:15:17','14:07:36'),(566,6,31,66,'04:11:27','14:34:09'),(567,6,27,67,'06:21:09','00:36:54'),(568,6,22,68,'21:50:06','06:00:50'),(569,6,12,69,'01:45:49','01:23:19'),(570,6,20,70,'21:16:16','01:52:37'),(571,6,17,71,'12:12:04','02:41:02'),(572,6,64,72,'19:33:03','15:09:21'),(573,6,96,73,'12:42:47','04:35:34'),(574,6,100,74,'11:22:26','21:28:28'),(575,6,80,75,'07:37:15','01:59:15'),(576,6,43,76,'09:41:00','10:38:26'),(577,6,32,77,'22:50:53','03:10:48'),(578,6,5,78,'04:39:58','08:02:33'),(579,6,94,79,'00:39:09','11:17:12'),(580,6,105,80,'11:05:52','13:31:11'),(581,6,41,81,'10:34:49','09:37:54'),(582,6,42,82,'05:47:50','08:12:30'),(583,6,36,83,'06:43:47','12:41:35'),(584,6,113,84,'15:17:09','07:17:20'),(585,6,78,85,'07:40:36','17:07:29'),(586,6,89,86,'21:26:09','13:48:11'),(587,6,68,87,'02:56:54','17:14:16'),(588,6,86,88,'13:16:20','20:11:11'),(589,6,18,89,'08:16:20','18:41:49'),(590,6,16,90,'08:59:00','22:08:57'),(591,6,34,91,'22:55:23','19:41:13'),(592,6,28,92,'11:36:10','10:53:01'),(593,6,84,93,'23:25:14','21:46:39'),(594,6,99,94,'02:46:56','13:50:31'),(595,6,11,95,'17:03:04','11:58:45'),(596,6,108,96,'06:41:16','06:45:55'),(597,6,81,97,'01:36:48','05:13:17'),(598,6,4,98,'23:53:48','20:31:22'),(599,6,39,99,'14:13:37','16:46:11'),(600,6,69,100,'03:51:29','11:59:38'),(601,7,96,1,'02:00:57','01:16:08'),(602,7,7,2,'02:10:45','01:50:41'),(603,7,18,3,'21:02:22','00:00:10'),(604,7,83,4,'18:04:50','09:11:52'),(605,7,5,5,'01:14:29','19:33:38'),(606,7,40,6,'13:36:45','09:21:31'),(607,7,103,7,'01:50:12','22:11:51'),(608,7,71,8,'02:24:32','00:40:43'),(609,7,24,9,'14:55:12','15:06:29'),(610,7,31,10,'02:21:17','23:39:59'),(611,7,45,11,'14:07:59','09:43:53'),(612,7,3,12,'03:57:08','05:51:18'),(613,7,39,13,'14:39:22','11:05:44'),(614,7,98,14,'10:34:08','14:08:39'),(615,7,44,15,'15:02:46','12:08:27'),(616,7,35,16,'10:57:59','14:19:57'),(617,7,23,17,'01:31:58','15:00:13'),(618,7,10,18,'20:49:22','14:30:41'),(619,7,100,19,'02:59:07','20:14:54'),(620,7,94,20,'04:04:20','00:41:28'),(621,7,106,21,'20:22:17','09:59:52'),(622,7,87,22,'22:57:59','22:55:16'),(623,7,72,23,'04:47:11','03:52:30'),(624,7,26,24,'10:37:48','08:15:44'),(625,7,17,25,'09:25:20','00:06:24'),(626,7,46,26,'20:53:02','08:50:17'),(627,7,25,27,'11:16:15','07:46:27'),(628,7,102,28,'17:44:49','15:59:07'),(629,7,9,29,'19:51:45','00:43:40'),(630,7,12,30,'15:44:43','02:44:11'),(631,7,77,31,'19:35:43','20:36:16'),(632,7,38,32,'13:12:38','11:12:29'),(633,7,1,33,'12:00:45','04:36:51'),(634,7,85,34,'21:37:05','01:53:34'),(635,7,28,35,'11:12:08','21:06:31'),(636,7,74,36,'01:09:16','18:51:34'),(637,7,105,37,'23:19:55','09:43:09'),(638,7,50,38,'04:38:24','11:09:17'),(639,7,113,39,'14:46:38','12:56:32'),(640,7,15,40,'07:18:46','23:07:50'),(641,7,108,41,'00:54:56','14:10:29'),(642,7,69,42,'18:52:49','07:04:52'),(643,7,80,43,'09:42:57','09:04:47'),(644,7,11,44,'04:58:16','09:12:06'),(645,7,110,45,'14:20:02','07:10:06'),(646,7,34,46,'19:46:23','10:15:24'),(647,7,97,47,'21:35:21','18:35:11'),(648,7,32,48,'10:45:10','12:18:15'),(649,7,93,49,'15:04:34','09:20:40'),(650,7,48,50,'23:27:28','03:14:42'),(651,7,30,51,'18:17:48','01:21:34'),(652,7,43,52,'06:21:21','12:46:01'),(653,7,89,53,'09:54:28','06:10:54'),(654,7,82,54,'16:05:41','12:54:52'),(655,7,33,55,'14:00:17','01:48:44'),(656,7,8,56,'19:01:39','02:39:56'),(657,7,79,57,'18:57:59','01:45:47'),(658,7,81,58,'07:39:01','17:04:08'),(659,7,37,59,'13:22:29','21:19:41'),(660,7,84,60,'18:19:08','21:27:02'),(661,7,109,61,'03:38:45','19:23:36'),(662,7,111,62,'19:14:03','00:05:10'),(663,7,64,63,'04:59:18','00:50:30'),(664,7,2,64,'10:28:51','03:49:50'),(665,7,41,65,'11:21:19','07:46:20'),(666,7,47,66,'20:28:30','04:30:09'),(667,7,49,67,'20:45:22','05:54:07'),(668,7,36,68,'17:32:52','11:52:27'),(669,7,73,69,'02:32:46','07:54:37'),(670,7,20,70,'22:08:34','08:28:42'),(671,7,107,71,'23:03:38','10:36:21'),(672,7,70,72,'15:44:45','21:54:52'),(673,7,76,73,'04:19:07','12:34:05'),(674,7,16,74,'17:58:06','08:43:19'),(675,7,99,75,'05:38:11','19:00:27'),(676,7,112,76,'04:01:28','10:39:57'),(677,7,91,77,'16:23:43','23:55:27'),(678,7,42,78,'06:29:02','21:48:10'),(679,7,86,79,'04:43:06','10:09:23'),(680,7,14,80,'04:08:05','07:12:42'),(681,7,4,81,'16:39:55','20:46:18'),(682,7,22,82,'08:02:25','00:37:28'),(683,7,90,83,'05:21:15','11:08:55'),(684,7,66,84,'11:14:12','16:20:36'),(685,7,13,85,'13:35:21','00:39:54'),(686,7,29,86,'08:24:43','22:01:10'),(687,7,78,87,'07:14:35','16:08:58'),(688,7,27,88,'21:18:38','14:25:27'),(689,7,19,89,'11:19:59','12:27:30'),(690,7,65,90,'11:57:06','15:25:23'),(691,7,95,91,'10:37:41','07:56:01'),(692,7,88,92,'00:19:40','01:46:11'),(693,7,92,93,'16:23:24','09:08:59'),(694,7,75,94,'08:40:08','17:22:27'),(695,7,104,95,'20:47:40','03:51:16'),(696,7,101,96,'02:25:25','07:44:42'),(697,7,6,97,'20:50:52','03:51:50'),(698,7,67,98,'05:18:19','22:05:05'),(699,7,68,99,'05:32:07','23:03:46'),(700,7,21,100,'02:05:14','05:06:49'),(701,8,38,1,'12:58:04','09:25:34'),(702,8,88,2,'07:20:35','05:15:42'),(703,8,111,3,'06:56:24','03:04:23'),(704,8,82,4,'11:02:40','22:29:51'),(705,8,30,5,'01:41:50','23:34:51'),(706,8,87,6,'18:34:02','11:40:44'),(707,8,85,7,'09:24:45','13:33:19'),(708,8,41,8,'04:50:24','13:53:59'),(709,8,6,9,'00:33:29','16:12:13'),(710,8,50,10,'19:05:30','11:42:56'),(711,8,66,11,'05:36:36','14:15:06'),(712,8,106,12,'08:45:19','05:58:33'),(713,8,92,13,'06:56:36','20:28:38'),(714,8,113,14,'10:11:18','11:24:48'),(715,8,65,15,'02:20:17','20:05:18'),(716,8,27,16,'13:19:16','02:29:14'),(717,8,8,17,'17:54:11','01:03:56'),(718,8,36,18,'10:45:35','13:07:16'),(719,8,17,19,'23:38:59','05:09:18'),(720,8,40,20,'06:08:36','13:27:54'),(721,8,5,21,'01:03:33','10:56:53'),(722,8,81,22,'06:13:51','12:46:28'),(723,8,23,23,'04:42:31','04:56:28'),(724,8,74,24,'06:06:40','10:24:09'),(725,8,28,25,'15:55:45','10:52:39'),(726,8,67,26,'04:59:23','04:09:33'),(727,8,32,27,'21:42:17','15:33:59'),(728,8,37,28,'01:48:29','12:02:32'),(729,8,94,29,'13:36:15','22:50:09'),(730,8,79,30,'10:10:55','05:39:11'),(731,8,72,31,'14:37:08','03:44:20'),(732,8,95,32,'11:54:03','13:35:54'),(733,8,12,33,'05:12:15','03:24:15'),(734,8,18,34,'10:59:08','07:58:35'),(735,8,75,35,'04:33:20','23:31:20'),(736,8,35,36,'20:13:17','04:48:35'),(737,8,91,37,'23:17:54','19:30:27'),(738,8,73,38,'06:08:31','05:21:16'),(739,8,89,39,'14:51:23','00:03:23'),(740,8,22,40,'03:01:55','11:06:01'),(741,8,1,41,'02:08:54','05:53:10'),(742,8,34,42,'07:26:42','06:45:17'),(743,8,33,43,'01:52:51','02:46:16'),(744,8,101,44,'08:10:21','09:31:23'),(745,8,104,45,'19:14:46','15:11:25'),(746,8,98,46,'17:00:10','03:28:10'),(747,8,31,47,'05:50:36','18:44:43'),(748,8,48,48,'06:32:25','18:32:34'),(749,8,109,49,'17:30:57','00:18:54'),(750,8,97,50,'02:14:11','19:50:59'),(751,8,44,51,'10:15:45','11:16:18'),(752,8,3,52,'21:36:10','17:48:00'),(753,8,84,53,'01:58:48','14:57:57'),(754,8,15,54,'03:09:01','20:35:08'),(755,8,29,55,'02:16:08','12:35:29'),(756,8,45,56,'05:07:15','01:11:15'),(757,8,70,57,'23:27:08','18:25:24'),(758,8,103,58,'10:26:56','01:17:12'),(759,8,76,59,'18:36:52','17:45:52'),(760,8,110,60,'00:27:29','22:20:16'),(761,8,20,61,'04:37:23','17:03:14'),(762,8,25,62,'12:58:55','08:12:19'),(763,8,26,63,'11:51:18','01:32:20'),(764,8,10,64,'18:28:11','10:26:35'),(765,8,96,65,'08:06:01','06:33:58'),(766,8,42,66,'02:34:02','02:28:21'),(767,8,9,67,'13:39:15','09:32:05'),(768,8,83,68,'00:30:11','15:31:44'),(769,8,108,69,'21:08:56','22:20:31'),(770,8,99,70,'17:24:59','03:19:54'),(771,8,80,71,'08:31:37','06:46:44'),(772,8,64,72,'11:49:28','22:31:23'),(773,8,14,73,'10:34:54','16:09:34'),(774,8,78,74,'08:35:14','05:27:47'),(775,8,69,75,'18:28:59','06:49:04'),(776,8,21,76,'19:40:40','10:51:23'),(777,8,71,77,'19:55:26','10:47:20'),(778,8,102,78,'04:31:32','05:03:00'),(779,8,100,79,'03:52:22','01:45:09'),(780,8,46,80,'14:48:08','07:33:17'),(781,8,19,81,'06:47:40','15:27:08'),(782,8,7,82,'07:50:46','20:03:32'),(783,8,2,83,'08:30:52','21:40:41'),(784,8,107,84,'19:14:38','03:06:43'),(785,8,39,85,'01:01:56','06:09:33'),(786,8,13,86,'17:43:59','17:11:35'),(787,8,47,87,'10:47:21','06:20:58'),(788,8,49,88,'08:19:19','17:22:57'),(789,8,93,89,'23:16:30','19:57:35'),(790,8,11,90,'09:47:03','00:22:35'),(791,8,77,91,'04:19:40','20:39:45'),(792,8,43,92,'10:59:33','05:55:55'),(793,8,24,93,'22:44:14','15:07:40'),(794,8,112,94,'15:13:20','00:17:14'),(795,8,68,95,'05:41:50','00:14:59'),(796,8,86,96,'15:22:51','00:30:29'),(797,8,16,97,'11:37:05','05:17:38'),(798,8,4,98,'21:55:28','06:36:52'),(799,8,105,99,'13:05:32','10:18:13'),(800,8,90,100,'20:38:44','23:58:53'),(801,9,19,1,'13:42:10','12:52:13'),(802,9,35,2,'12:37:26','06:40:26'),(803,9,98,3,'10:44:01','20:18:47'),(804,9,105,4,'09:40:40','14:57:11'),(805,9,28,5,'13:39:56','10:40:51'),(806,9,78,6,'13:54:04','10:39:37'),(807,9,20,7,'11:28:42','22:02:32'),(808,9,70,8,'22:13:51','03:08:08'),(809,9,76,9,'06:00:39','16:49:57'),(810,9,44,10,'05:25:51','13:03:31'),(811,9,17,11,'11:02:08','16:39:44'),(812,9,112,12,'04:15:59','05:22:31'),(813,9,12,13,'22:58:21','02:53:19'),(814,9,66,14,'13:02:22','21:28:39'),(815,9,48,15,'01:33:14','11:13:03'),(816,9,38,16,'03:26:24','20:35:27'),(817,9,30,17,'19:32:54','04:51:06'),(818,9,96,18,'01:14:12','08:55:13'),(819,9,46,19,'08:41:31','21:42:04'),(820,9,39,20,'14:24:42','00:39:59'),(821,9,107,21,'10:26:25','04:25:53'),(822,9,26,22,'19:11:01','00:05:48'),(823,9,85,23,'00:48:27','03:09:06'),(824,9,89,24,'01:16:39','05:27:31'),(825,9,100,25,'08:45:57','18:10:10'),(826,9,3,26,'19:06:12','21:35:48'),(827,9,13,27,'05:06:59','23:34:49'),(828,9,45,28,'23:59:54','20:23:03'),(829,9,31,29,'11:01:27','03:27:10'),(830,9,101,30,'15:34:05','01:41:49'),(831,9,22,31,'08:04:53','12:03:39'),(832,9,33,32,'05:10:49','19:54:38'),(833,9,24,33,'12:21:46','06:43:31'),(834,9,77,34,'14:57:49','19:42:18'),(835,9,87,35,'03:54:20','11:48:09'),(836,9,32,36,'13:16:59','10:03:35'),(837,9,21,37,'13:04:04','08:50:34'),(838,9,27,38,'18:56:56','13:12:10'),(839,9,103,39,'23:10:25','08:33:59'),(840,9,15,40,'21:16:27','22:51:00'),(841,9,40,41,'05:15:00','14:33:18'),(842,9,84,42,'22:10:31','02:33:08'),(843,9,72,43,'07:47:42','02:38:57'),(844,9,6,44,'23:07:22','06:58:14'),(845,9,5,45,'11:27:34','20:31:45'),(846,9,29,46,'18:27:55','07:10:04'),(847,9,93,47,'01:57:02','19:58:17'),(848,9,71,48,'02:18:20','21:37:48'),(849,9,110,49,'06:16:47','17:08:20'),(850,9,111,50,'19:12:55','09:31:31'),(851,9,80,51,'03:16:43','01:33:17'),(852,9,106,52,'01:50:29','16:22:46'),(853,9,25,53,'15:19:33','11:30:49'),(854,9,42,54,'03:57:22','21:49:19'),(855,9,99,55,'17:11:22','15:58:58'),(856,9,36,56,'07:23:52','14:50:50'),(857,9,95,57,'22:38:46','18:14:28'),(858,9,9,58,'01:50:27','09:54:46'),(859,9,7,59,'00:32:30','03:00:49'),(860,9,11,60,'19:54:47','02:40:19'),(861,9,113,61,'12:49:39','13:48:21'),(862,9,75,62,'05:06:26','22:49:36'),(863,9,83,63,'00:28:22','23:20:27'),(864,9,109,64,'07:48:48','10:10:56'),(865,9,81,65,'16:01:14','02:50:50'),(866,9,82,66,'15:21:24','22:36:36'),(867,9,64,67,'13:33:10','13:06:33'),(868,9,34,68,'18:25:20','13:17:53'),(869,9,91,69,'00:33:10','19:19:28'),(870,9,1,70,'07:01:36','02:47:40'),(871,9,8,71,'11:25:29','00:40:48'),(872,9,4,72,'04:42:12','14:23:43'),(873,9,65,73,'01:52:01','00:12:34'),(874,9,23,74,'23:28:13','11:25:03'),(875,9,37,75,'06:21:01','21:31:55'),(876,9,69,76,'12:28:11','03:04:39'),(877,9,102,77,'21:48:45','00:48:33'),(878,9,97,78,'10:50:06','17:45:50'),(879,9,104,79,'04:45:10','10:15:02'),(880,9,79,80,'21:58:37','23:45:17'),(881,9,92,81,'15:03:43','12:58:43'),(882,9,90,82,'21:47:58','19:47:13'),(883,9,18,83,'18:33:34','02:44:56'),(884,9,94,84,'02:33:51','18:42:10'),(885,9,86,85,'22:01:30','19:55:10'),(886,9,88,86,'17:52:36','22:41:12'),(887,9,73,87,'00:47:54','07:56:46'),(888,9,67,88,'08:21:11','20:58:19'),(889,9,50,89,'02:03:49','11:20:13'),(890,9,43,90,'02:46:45','14:34:37'),(891,9,41,91,'01:41:51','08:26:37'),(892,9,10,92,'13:02:26','16:01:21'),(893,9,68,93,'13:36:35','17:47:51'),(894,9,16,94,'21:59:14','11:00:21'),(895,9,14,95,'04:32:27','19:06:13'),(896,9,49,96,'15:24:46','01:15:48'),(897,9,2,97,'09:31:55','19:19:14'),(898,9,74,98,'06:31:50','03:54:00'),(899,9,47,99,'20:25:48','23:33:14'),(900,9,108,100,'23:45:51','16:05:19'),(901,10,102,1,'07:08:11','04:04:13'),(902,10,28,2,'01:13:26','21:14:40'),(903,10,41,3,'11:24:44','19:58:18'),(904,10,69,4,'18:30:27','07:25:52'),(905,10,68,5,'18:49:26','08:54:10'),(906,10,100,6,'19:34:22','10:58:48'),(907,10,44,7,'18:44:55','06:31:19'),(908,10,74,8,'06:52:24','18:47:35'),(909,10,27,9,'05:58:27','13:54:02'),(910,10,2,10,'11:57:27','19:43:37'),(911,10,8,11,'23:05:14','02:33:03'),(912,10,72,12,'22:54:46','01:35:00'),(913,10,23,13,'13:28:30','01:47:23'),(914,10,80,14,'07:50:18','21:32:54'),(915,10,81,15,'17:33:04','21:33:08'),(916,10,50,16,'14:09:27','03:24:16'),(917,10,19,17,'15:49:45','11:36:29'),(918,10,37,18,'11:36:51','13:55:54'),(919,10,98,19,'17:33:43','19:34:51'),(920,10,90,20,'12:28:01','17:40:10'),(921,10,110,21,'15:12:23','05:00:37'),(922,10,32,22,'16:03:14','09:00:26'),(923,10,11,23,'05:35:07','03:36:57'),(924,10,64,24,'23:27:29','20:24:45'),(925,10,112,25,'08:15:25','15:11:07'),(926,10,16,26,'22:25:58','12:20:30'),(927,10,18,27,'06:53:39','06:29:38'),(928,10,108,28,'04:23:47','17:21:00'),(929,10,36,29,'01:13:55','01:23:51'),(930,10,20,30,'14:39:18','19:56:28'),(931,10,71,31,'16:05:44','02:37:29'),(932,10,29,32,'11:24:51','02:53:08'),(933,10,39,33,'08:02:11','09:48:24'),(934,10,86,34,'01:44:33','01:06:10'),(935,10,17,35,'04:24:14','14:20:34'),(936,10,30,36,'23:07:01','11:19:41'),(937,10,67,37,'22:27:28','07:50:34'),(938,10,5,38,'12:27:13','05:44:15'),(939,10,79,39,'09:26:36','14:13:02'),(940,10,3,40,'05:58:22','19:17:59'),(941,10,70,41,'21:15:38','23:28:32'),(942,10,48,42,'01:10:01','18:43:31'),(943,10,94,43,'11:20:13','20:28:49'),(944,10,33,44,'22:53:54','05:56:07'),(945,10,14,45,'08:39:26','05:44:43'),(946,10,25,46,'03:04:55','00:57:13'),(947,10,104,47,'18:18:57','04:20:36'),(948,10,65,48,'04:06:07','04:21:55'),(949,10,1,49,'03:34:56','01:18:28'),(950,10,103,50,'01:46:03','16:12:49'),(951,10,4,51,'00:22:29','07:34:28'),(952,10,7,52,'10:45:40','11:00:41'),(953,10,91,53,'14:46:30','05:41:18'),(954,10,22,54,'18:12:09','21:07:23'),(955,10,88,55,'14:01:19','22:19:10'),(956,10,40,56,'17:08:56','12:33:36'),(957,10,84,57,'23:22:33','19:07:59'),(958,10,12,58,'21:34:08','10:00:27'),(959,10,47,59,'23:24:00','18:18:32'),(960,10,15,60,'19:58:34','00:20:02'),(961,10,45,61,'12:10:59','08:34:13'),(962,10,78,62,'16:05:00','03:49:47'),(963,10,96,63,'06:17:59','02:48:01'),(964,10,77,64,'23:57:28','18:46:27'),(965,10,95,65,'04:03:53','14:41:53'),(966,10,24,66,'11:42:19','03:38:28'),(967,10,105,67,'18:39:28','14:03:21'),(968,10,66,68,'16:37:39','03:17:54'),(969,10,34,69,'16:35:41','03:02:22'),(970,10,99,70,'08:55:20','11:44:50'),(971,10,93,71,'05:27:53','17:50:01'),(972,10,31,72,'18:18:14','08:34:42'),(973,10,97,73,'12:18:10','01:32:25'),(974,10,46,74,'16:44:48','23:22:59'),(975,10,87,75,'05:39:03','15:20:36'),(976,10,76,76,'18:37:15','06:47:32'),(977,10,9,77,'19:07:43','08:02:54'),(978,10,49,78,'19:29:22','09:28:48'),(979,10,6,79,'21:47:04','20:17:05'),(980,10,101,80,'19:27:00','08:06:28'),(981,10,113,81,'02:52:33','18:06:40'),(982,10,85,82,'11:04:38','10:12:29'),(983,10,43,83,'19:12:22','02:37:15'),(984,10,92,84,'11:19:33','09:59:12'),(985,10,38,85,'12:09:15','13:40:51'),(986,10,10,86,'08:43:15','19:19:04'),(987,10,73,87,'11:18:11','08:09:33'),(988,10,83,88,'11:14:38','07:17:13'),(989,10,107,89,'16:42:28','10:32:16'),(990,10,75,90,'03:04:02','12:43:27'),(991,10,106,91,'18:10:08','14:49:45'),(992,10,82,92,'04:36:40','18:37:32'),(993,10,13,93,'09:29:18','18:51:39'),(994,10,89,94,'22:40:47','12:14:21'),(995,10,21,95,'12:37:24','09:46:30'),(996,10,111,96,'07:10:25','06:05:04'),(997,10,35,97,'01:13:12','23:54:23'),(998,10,109,98,'15:05:02','20:48:17'),(999,10,42,99,'22:31:17','09:49:52'),(1000,10,26,100,'13:09:06','10:42:01');
/*!40000 ALTER TABLE `busschedule` ENABLE KEYS */;
UNLOCK TABLES;

--
-- Table structure for table `busstop`
--

DROP TABLE IF EXISTS `busstop`;
/*!40101 SET @saved_cs_client     = @@character_set_client */;
/*!50503 SET character_set_client = utf8mb4 */;
CREATE TABLE `busstop` (
  `stop_id` int NOT NULL AUTO_INCREMENT,
  `name` varchar(100) NOT NULL,
  `location_lat` float DEFAULT NULL,
  `location_lng` float DEFAULT NULL,
  PRIMARY KEY (`stop_id`)
) ENGINE=InnoDB AUTO_INCREMENT=127 DEFAULT CHARSET=utf8mb4 COLLATE=utf8mb4_0900_ai_ci;
/*!40101 SET character_set_client = @saved_cs_client */;

--
-- Dumping data for table `busstop`
--

LOCK TABLES `busstop` WRITE;
/*!40000 ALTER TABLE `busstop` DISABLE KEYS */;
INSERT INTO `busstop` VALUES (1,'Stop3',13.7283,125.063),(2,'Stop2',89.7735,168.893),(3,'Stop70',61.2176,54.708),(4,'Stop48',43.5236,176.534),(5,'Stop46',29.0144,45.5666),(6,'Stop30',66.0159,138.92),(7,'Stop66',87.8841,163.324),(8,'Stop61',28.3023,135.077),(9,'Stop81',71.3147,96.4306),(10,'Stop31',81.0155,107.361),(11,'Stop29',55.7437,45.2937),(12,'Stop41',22.0759,4.73948),(13,'Stop40',80.9953,56.2273),(14,'Stop87',33.5717,50.2216),(15,'Stop28',48.8622,159.588),(16,'Stop81',32.5388,71.0828),(17,'Stop89',23.8279,117.737),(18,'Stop48',37.6845,119.698),(19,'Stop7',31.4075,96.9301),(20,'Stop65',55.119,22.573),(21,'Stop79',51.5177,88.7246),(22,'Stop75',23.2045,8.49557),(23,'Stop47',15.3835,84.0826),(24,'Stop83',64.1559,17.2237),(25,'Stop34',37.1213,7.6647),(26,'Stop98',67.4925,148.137),(27,'Stop87',77.1224,124.03),(28,'Stop88',27.4961,162.712),(29,'Stop61',27.3851,128.108),(30,'Stop65',8.4144,95.4518),(31,'Stop38',23.7538,37.2203),(32,'Stop25',53.1165,40.4288),(33,'Stop36',7.96857,69.3517),(34,'Stop67',13.3398,136.558),(35,'Stop35',42.0365,52.1171),(36,'Stop5',32.7412,122.312),(37,'Stop31',44.3141,97.8021),(38,'Stop24',51.1119,21.7414),(39,'Stop91',12.4764,178.657),(40,'Stop55',68.0856,25.5698),(41,'Stop45',69.9846,101.838),(42,'Stop50',70.4542,76.6881),(43,'Stop79',56.7553,145.408),(44,'Stop15',28.1612,22.0834),(45,'Stop68',0.499663,0.646975),(46,'Stop1',89.6218,175.507),(47,'Stop89',46.2533,163.116),(48,'Stop99',20.4722,30.5475),(49,'Stop17',28.9397,19.6836),(50,'Stop59',52.4249,29.9084),(64,'Stop18',18.7722,95.9184),(65,'Stop4',53.5201,154.324),(66,'Stop51',84.7573,36.0821),(67,'Stop18',25.5429,159.83),(68,'Stop59',24.9875,112.195),(69,'Stop29',49.3371,160.215),(70,'Stop81',32.3089,67.9311),(71,'Stop82',82.6091,28.684),(72,'Stop5',66.3873,100.577),(73,'Stop59',20.5389,71.7037),(74,'Stop31',30.6565,140.71),(75,'Stop89',7.96541,140.817),(76,'Stop65',79.5091,86.2094),(77,'Stop75',25.6657,34.6813),(78,'Stop11',86.5089,86.8516),(79,'Stop53',17.7344,71.7302),(80,'Stop41',73.0153,153.421),(81,'Stop83',52.3973,76.9394),(82,'Stop40',60.3729,32.7904),(83,'Stop90',85.1015,5.87089),(84,'Stop33',48.0566,124.33),(85,'Stop86',16.7833,67.8991),(86,'Stop33',45.1402,95.0154),(87,'Stop14',8.06661,7.95843),(88,'Stop96',56.5435,51.2581),(89,'Stop54',75.6854,105.767),(90,'Stop42',28.159,57.4184),(91,'Stop66',29.217,117.756),(92,'Stop30',47.0647,130.208),(93,'Stop5',6.31949,37.2367),(94,'Stop83',44.8116,3.3159),(95,'Stop60',84.301,159.881),(96,'Stop64',44.1713,100.923),(97,'Stop34',87.5777,157.023),(98,'Stop45',53.5899,116.949),(99,'Stop47',32.592,76.3013),(100,'Stop4',80.4341,66.4779),(101,'Stop17',64.7449,18.0952),(102,'Stop35',37.8731,12.7122),(103,'Stop10',21.7373,168.407),(104,'Stop96',86.4133,169.305),(105,'Stop83',26.1528,177.396),(106,'Stop6',29.0633,80.4447),(107,'Stop27',88.9415,25.8852),(108,'Stop76',30.6137,78.8071),(109,'Stop17',47.6728,25.6676),(110,'Stop13',17.2517,105.614),(111,'Stop36',2.97443,16.0704),(112,'Stop35',42.1581,54.0642),(113,'Stop10',52.3351,111.233);
/*!40000 ALTER TABLE `busstop` ENABLE KEYS */;
UNLOCK TABLES;

--
-- Table structure for table `driver`
--

DROP TABLE IF EXISTS `driver`;
/*!40101 SET @saved_cs_client     = @@character_set_client */;
/*!50503 SET character_set_client = utf8mb4 */;
CREATE TABLE `driver` (
  `driver_id` int NOT NULL AUTO_INCREMENT,
  `name` varchar(100) NOT NULL,
  `contact_number` varchar(20) DEFAULT NULL,
  `license_number` varchar(20) DEFAULT NULL,
  PRIMARY KEY (`driver_id`),
  UNIQUE KEY `license_number` (`license_number`)
) ENGINE=InnoDB AUTO_INCREMENT=95 DEFAULT CHARSET=utf8mb4 COLLATE=utf8mb4_0900_ai_ci;
/*!40101 SET character_set_client = @saved_cs_client */;

--
-- Dumping data for table `driver`
--

LOCK TABLES `driver` WRITE;
/*!40000 ALTER TABLE `driver` DISABLE KEYS */;
INSERT INTO `driver` VALUES (1,'Driver92','Contact1000866393','License5745'),(2,'Driver28','Contact1000644203','License4003'),(3,'Driver7','Contact1000143687','License5116'),(4,'Driver13','Contact1000101468','License1254'),(5,'Driver33','Contact1000237898','License2209'),(6,'Driver40','Contact1000292232','License2881'),(7,'Driver57','Contact1000955363','License0849'),(8,'Driver56','Contact1000538766','License0176'),(9,'Driver48','Contact1000306519','License1169'),(10,'Driver67','Contact1000974864','License8789'),(11,'Driver47','Contact1000713123','License1556'),(12,'Driver64','Contact1000728517','License7252'),(13,'Driver45','Contact1000027101','License8138'),(14,'Driver99','Contact1000498113','License5267'),(15,'Driver14','Contact1000117379','License1682'),(16,'Driver49','Contact1000941264','License2386'),(17,'Driver37','Contact1000131931','License5508'),(18,'Driver36','Contact1000140361','License6260'),(19,'Driver71','Contact1000666797','License2070'),(20,'Driver4','Contact1000554026','License6649'),(32,'Driver92','Contact1000314214','License8121'),(33,'Driver12','Contact1000153484','License4135'),(34,'Driver61','Contact1000794945','License1534'),(35,'Driver39','Contact1000451556','License1106'),(36,'Driver20','Contact1000660990','License7091'),(37,'Driver57','Contact1000687180','License7470'),(38,'Driver68','Contact1000127682','License6170'),(39,'Driver71','Contact1000660705','License1963'),(40,'Driver100','Contact1000408986','License0461'),(41,'Driver1','Contact1000879897','License3885'),(42,'Driver31','Contact1000349197','License8371'),(43,'Driver14','Contact1000178534','License4787'),(44,'Driver86','Contact1000854443','License6978'),(45,'Driver93','Contact1000535017','License8980'),(46,'Driver89','Contact1000731433','License0018'),(47,'Driver82','Contact1000069201','License9011'),(48,'Driver30','Contact1000787393','License0424'),(49,'Driver86','Contact1000123014','License0648'),(50,'Driver96','Contact1000581572','License0421'),(51,'Driver47','Contact1000204432','License6235'),(52,'Driver51','Contact1000652104','License7468'),(53,'Driver78','Contact1000648729','License9101'),(54,'Driver61','Contact1000291548','License6446'),(55,'Driver35','Contact1000808147','License9955'),(56,'Driver56','Contact1000779988','License2399'),(57,'Driver86','Contact1000579090','License3160'),(58,'Driver85','Contact1000267556','License8082'),(59,'Driver24','Contact1000769051','License1289'),(60,'Driver34','Contact1000300093','License4883'),(61,'Driver55','Contact1000243078','License5904'),(62,'Driver23','Contact1000343728','License0495'),(63,'Driver22','Contact1000935151','License0253'),(64,'Driver33','Contact1000531488','License6928'),(65,'Driver87','Contact1000269989','License7408'),(66,'Driver90','Contact1000248943','License5618'),(67,'Driver7','Contact1000625810','License9422'),(68,'Driver84','Contact1000343322','License2144'),(69,'Driver5','Contact1000568896','License7170'),(70,'Driver88','Contact1000242061','License5743'),(71,'Driver15','Contact1000004671','License5867'),(72,'Driver92','Contact1000838081','License4314'),(73,'Driver65','Contact1000920396','License6731'),(74,'Driver61','Contact1000003531','License2038'),(75,'Driver1','Contact1000431839','License1331'),(76,'Driver38','Contact1000451774','License1481'),(77,'Driver39','Contact1000482332','License2556'),(78,'Driver84','Contact1000388690','License4501'),(79,'Driver9','Contact1000072230','License1076'),(80,'Driver33','Contact1000283810','License4550'),(81,'Driver43','Contact1000754588','License5010');
/*!40000 ALTER TABLE `driver` ENABLE KEYS */;
UNLOCK TABLES;

--
-- Table structure for table `employee`
--

DROP TABLE IF EXISTS `employee`;
/*!40101 SET @saved_cs_client     = @@character_set_client */;
/*!50503 SET character_set_client = utf8mb4 */;
CREATE TABLE `employee` (
  `employee_id` int NOT NULL AUTO_INCREMENT,
  `name` varchar(100) NOT NULL,
  `position` varchar(100) DEFAULT NULL,
  `contact_number` varchar(20) DEFAULT NULL,
  `salary` decimal(10,2) DEFAULT NULL,
  PRIMARY KEY (`employee_id`)
) ENGINE=InnoDB AUTO_INCREMENT=191 DEFAULT CHARSET=utf8mb4 COLLATE=utf8mb4_0900_ai_ci;
/*!40101 SET character_set_client = @saved_cs_client */;

--
-- Dumping data for table `employee`
--

LOCK TABLES `employee` WRITE;
/*!40000 ALTER TABLE `employee` DISABLE KEYS */;
INSERT INTO `employee` VALUES (1,'Employee12','Position','Contact1000316315',3177.00),(2,'Employee23','Position','Contact1000435177',4454.00),(3,'Employee15','Position','Contact1000273711',6602.00),(4,'Employee79','Position','Contact1000147153',3952.00),(5,'Employee52','Position','Contact1000382059',3891.00),(6,'Employee75','Position','Contact1000591581',5610.00),(7,'Employee84','Position','Contact1000010956',4742.00),(8,'Employee71','Position','Contact1000903795',3946.00),(9,'Employee24','Position','Contact1000007825',3668.00),(10,'Employee65','Position','Contact1000223585',2915.00),(11,'Employee25','Position','Contact1000675537',5213.00),(12,'Employee19','Position','Contact1000006184',4351.00),(13,'Employee34','Position','Contact1000255291',3383.00),(14,'Employee62','Position','Contact1000256339',4149.00),(15,'Employee39','Position','Contact1000614286',6644.00),(16,'Employee81','Position','Contact1000221789',5519.00),(17,'Employee86','Position','Contact1000157447',3129.00),(18,'Employee66','Position','Contact1000607484',2331.00),(19,'Employee51','Position','Contact1000347714',3052.00),(20,'Employee1','Position','Contact1000415037',2236.00),(21,'Employee100','Position','Contact1000814684',2497.00),(22,'Employee6','Position','Contact1000968733',5416.00),(23,'Employee52','Position','Contact1000502247',6899.00),(24,'Employee40','Position','Contact1000024008',6709.00),(25,'Employee64','Position','Contact1000359986',6443.00),(26,'Employee37','Position','Contact1000150724',5318.00),(27,'Employee87','Position','Contact1000338335',2470.00),(28,'Employee46','Position','Contact1000997306',5092.00),(29,'Employee11','Position','Contact1000649450',6720.00),(30,'Employee78','Position','Contact1000028754',6135.00),(31,'Employee5','Position','Contact1000765224',5390.00),(32,'Employee10','Position','Contact1000441570',6610.00),(33,'Employee29','Position','Contact1000664593',4321.00),(34,'Employee33','Position','Contact1000245079',3213.00),(35,'Employee48','Position','Contact1000662295',6386.00),(36,'Employee40','Position','Contact1000366530',5167.00),(37,'Employee7','Position','Contact1000440480',6988.00),(38,'Employee67','Position','Contact1000342142',5547.00),(39,'Employee53','Position','Contact1000478379',6138.00),(40,'Employee71','Position','Contact1000032559',2267.00),(41,'Employee17','Position','Contact1000688485',6665.00),(42,'Employee60','Position','Contact1000199727',2996.00),(43,'Employee40','Position','Contact1000389110',5766.00),(44,'Employee60','Position','Contact1000736182',6416.00),(45,'Employee21','Position','Contact1000388599',3600.00),(46,'Employee44','Position','Contact1000211013',5762.00),(47,'Employee13','Position','Contact1000388917',4784.00),(48,'Employee62','Position','Contact1000415998',3140.00),(49,'Employee90','Position','Contact1000779134',3087.00),(50,'Employee76','Position','Contact1000098787',3215.00),(64,'Employee25','Position','Contact1000704228',5983.00),(65,'Employee88','Position','Contact1000964358',3045.00),(66,'Employee16','Position','Contact1000134516',3077.00),(67,'Employee68','Position','Contact1000723669',4981.00),(68,'Employee82','Position','Contact1000261629',6389.00),(69,'Employee61','Position','Contact1000391307',2706.00),(70,'Employee54','Position','Contact1000240633',5021.00),(71,'Employee30','Position','Contact1000685372',4639.00),(72,'Employee59','Position','Contact1000332706',6568.00),(73,'Employee58','Position','Contact1000111431',6227.00),(74,'Employee90','Position','Contact1000931459',6881.00),(75,'Employee9','Position','Contact1000508094',3390.00),(76,'Employee87','Position','Contact1000498150',6455.00),(77,'Employee97','Position','Contact1000133478',5915.00),(78,'Employee52','Position','Contact1000228194',4971.00),(79,'Employee29','Position','Contact1000651630',3987.00),(80,'Employee4','Position','Contact1000969160',5744.00),(81,'Employee84','Position','Contact1000938850',2914.00),(82,'Employee10','Position','Contact1000940674',4048.00),(83,'Employee23','Position','Contact1000904992',6221.00),(84,'Employee51','Position','Contact1000001169',4426.00),(85,'Employee43','Position','Contact1000658749',2124.00),(86,'Employee15','Position','Contact1000668378',6479.00),(87,'Employee48','Position','Contact1000684057',6986.00),(88,'Employee94','Position','Contact1000678349',4948.00),(89,'Employee92','Position','Contact1000798443',3258.00),(90,'Employee87','Position','Contact1000560024',3055.00),(91,'Employee38','Position','Contact1000243972',2467.00),(92,'Employee74','Position','Contact1000397121',5895.00),(93,'Employee71','Position','Contact1000182494',6003.00),(94,'Employee46','Position','Contact1000877243',2093.00),(95,'Employee47','Position','Contact1000252154',6379.00),(96,'Employee63','Position','Contact1000486799',4826.00),(97,'Employee37','Position','Contact1000135817',4899.00),(98,'Employee50','Position','Contact1000721771',2659.00),(99,'Employee50','Position','Contact1000074635',6455.00),(100,'Employee24','Position','Contact1000482988',5606.00),(101,'Employee16','Position','Contact1000623951',5235.00),(102,'Employee37','Position','Contact1000875390',3435.00),(103,'Employee81','Position','Contact1000184549',4476.00),(104,'Employee93','Position','Contact1000128449',6368.00),(105,'Employee99','Position','Contact1000293112',4585.00),(106,'Employee71','Position','Contact1000980902',5925.00),(107,'Employee99','Position','Contact1000558174',6214.00),(108,'Employee54','Position','Contact1000169597',3145.00),(109,'Employee64','Position','Contact1000497070',4873.00),(110,'Employee39','Position','Contact1000186542',5931.00),(111,'Employee38','Position','Contact1000502460',3976.00),(112,'Employee47','Position','Contact1000160237',3967.00),(113,'Employee49','Position','Contact1000252539',6014.00),(114,'Employee26','Position','Contact1000876750',5061.00),(115,'Employee44','Position','Contact1000321513',3561.00),(116,'Employee60','Position','Contact1000048777',4262.00),(117,'Employee12','Position','Contact1000221370',5798.00),(118,'Employee14','Position','Contact1000392613',4800.00),(119,'Employee63','Position','Contact1000432078',3465.00),(120,'Employee17','Position','Contact1000965720',3608.00),(121,'Employee72','Position','Contact1000591496',6117.00),(122,'Employee35','Position','Contact1000245247',2983.00),(123,'Employee25','Position','Contact1000649440',4517.00),(124,'Employee57','Position','Contact1000333525',6806.00),(125,'Employee81','Position','Contact1000147166',3585.00),(126,'Employee15','Position','Contact1000768139',4045.00),(127,'Employee75','Position','Contact1000477636',2826.00),(128,'Employee40','Position','Contact1000471161',2878.00),(129,'Employee47','Position','Contact1000796772',4948.00),(130,'Employee56','Position','Contact1000020427',4142.00),(131,'Employee9','Position','Contact1000121315',3812.00),(132,'Employee45','Position','Contact1000153741',4120.00),(133,'Employee66','Position','Contact1000023758',2705.00),(134,'Employee64','Position','Contact1000749702',6222.00),(135,'Employee98','Position','Contact1000334689',5762.00),(136,'Employee76','Position','Contact1000533208',3958.00),(137,'Employee36','Position','Contact1000620071',2115.00),(138,'Employee26','Position','Contact1000209076',3390.00),(139,'Employee77','Position','Contact1000984169',5147.00),(140,'Employee20','Position','Contact1000088526',6281.00),(141,'Employee2','Position','Contact1000509528',4503.00),(142,'Employee98','Position','Contact1000372053',6679.00),(143,'Employee57','Position','Contact1000007056',3732.00),(144,'Employee72','Position','Contact1000519099',4300.00),(145,'Employee75','Position','Contact1000337444',4282.00),(146,'Employee27','Position','Contact1000979835',2448.00),(147,'Employee51','Position','Contact1000275848',6261.00),(148,'Employee44','Position','Contact1000612335',5800.00),(149,'Employee97','Position','Contact1000538920',6014.00),(150,'Employee40','Position','Contact1000580613',5547.00),(151,'Employee81','Position','Contact1000898238',2376.00),(152,'Employee69','Position','Contact1000182474',6336.00),(153,'Employee79','Position','Contact1000345511',3794.00),(154,'Employee76','Position','Contact1000714114',3480.00),(155,'Employee34','Position','Contact1000800374',6944.00),(156,'Employee55','Position','Contact1000748860',2575.00),(157,'Employee33','Position','Contact1000298724',4536.00),(158,'Employee65','Position','Contact1000678702',4366.00),(159,'Employee34','Position','Contact1000230676',2815.00),(160,'Employee13','Position','Contact1000129147',3372.00),(161,'Employee99','Position','Contact1000103523',4806.00),(162,'Employee50','Position','Contact1000794867',4435.00),(163,'Employee6','Position','Contact1000794313',6090.00);
/*!40000 ALTER TABLE `employee` ENABLE KEYS */;
UNLOCK TABLES;

--
-- Table structure for table `feedback`
--

DROP TABLE IF EXISTS `feedback`;
/*!40101 SET @saved_cs_client     = @@character_set_client */;
/*!50503 SET character_set_client = utf8mb4 */;
CREATE TABLE `feedback` (
  `feedback_id` int NOT NULL AUTO_INCREMENT,
  `trip_id` int DEFAULT NULL,
  `passenger_id` int DEFAULT NULL,
  `rating` int DEFAULT NULL,
  `comment` text,
  PRIMARY KEY (`feedback_id`),
  KEY `trip_id` (`trip_id`),
  KEY `passenger_id` (`passenger_id`),
  CONSTRAINT `feedback_ibfk_1` FOREIGN KEY (`trip_id`) REFERENCES `trip` (`trip_id`) ON DELETE CASCADE,
  CONSTRAINT `feedback_ibfk_2` FOREIGN KEY (`passenger_id`) REFERENCES `passenger` (`passenger_id`) ON DELETE CASCADE
) ENGINE=InnoDB AUTO_INCREMENT=2175 DEFAULT CHARSET=utf8mb4 COLLATE=utf8mb4_0900_ai_ci;
/*!40101 SET character_set_client = @saved_cs_client */;

--
-- Dumping data for table `feedback`
--

LOCK TABLES `feedback` WRITE;
/*!40000 ALTER TABLE `feedback` DISABLE KEYS */;
INSERT INTO `feedback` VALUES (1,1,8,3,'Feedback for trip 1'),(2,2,35,1,'Feedback for trip 2'),(3,72,91,4,'Feedback for trip 72'),(4,44,79,4,'Feedback for trip 44'),(5,3,49,4,'Feedback for trip 3'),(6,73,36,1,'Feedback for trip 73'),(7,45,32,4,'Feedback for trip 45'),(8,4,82,4,'Feedback for trip 4'),(9,46,54,3,'Feedback for trip 46'),(10,74,79,2,'Feedback for trip 74'),(11,75,24,1,'Feedback for trip 75'),(12,47,61,3,'Feedback for trip 47'),(13,5,44,3,'Feedback for trip 5'),(14,48,96,5,'Feedback for trip 48'),(15,6,98,4,'Feedback for trip 6'),(16,7,53,5,'Feedback for trip 7'),(17,8,44,4,'Feedback for trip 8'),(18,49,72,3,'Feedback for trip 49'),(19,9,80,3,'Feedback for trip 9'),(20,76,35,5,'Feedback for trip 76'),(21,10,78,5,'Feedback for trip 10'),(22,50,43,5,'Feedback for trip 50'),(23,77,89,1,'Feedback for trip 77'),(24,11,41,4,'Feedback for trip 11'),(25,51,82,4,'Feedback for trip 51'),(26,12,6,1,'Feedback for trip 12'),(27,13,79,1,'Feedback for trip 13'),(28,78,44,4,'Feedback for trip 78'),(29,14,83,5,'Feedback for trip 14'),(30,52,81,3,'Feedback for trip 52'),(31,53,59,3,'Feedback for trip 53'),(32,15,62,4,'Feedback for trip 15'),(33,79,33,3,'Feedback for trip 79'),(34,80,18,1,'Feedback for trip 80'),(35,54,95,2,'Feedback for trip 54'),(36,81,63,5,'Feedback for trip 81'),(37,55,87,1,'Feedback for trip 55'),(38,82,57,4,'Feedback for trip 82'),(39,16,11,4,'Feedback for trip 16'),(40,56,100,5,'Feedback for trip 56'),(41,83,66,5,'Feedback for trip 83'),(42,84,77,2,'Feedback for trip 84'),(43,85,22,5,'Feedback for trip 85'),(44,17,58,3,'Feedback for trip 17'),(45,18,31,1,'Feedback for trip 18'),(46,86,75,3,'Feedback for trip 86'),(47,57,71,2,'Feedback for trip 57'),(48,58,26,1,'Feedback for trip 58'),(49,19,30,2,'Feedback for trip 19'),(50,59,74,4,'Feedback for trip 59'),(51,20,15,2,'Feedback for trip 20'),(52,21,73,3,'Feedback for trip 21'),(53,87,87,5,'Feedback for trip 87'),(54,88,68,4,'Feedback for trip 88'),(55,22,74,5,'Feedback for trip 22'),(56,89,42,2,'Feedback for trip 89'),(57,23,49,3,'Feedback for trip 23'),(58,60,31,5,'Feedback for trip 60'),(59,24,100,2,'Feedback for trip 24'),(60,25,75,4,'Feedback for trip 25'),(61,90,86,3,'Feedback for trip 90'),(62,91,85,4,'Feedback for trip 91'),(63,26,2,4,'Feedback for trip 26'),(64,27,18,4,'Feedback for trip 27'),(65,61,43,5,'Feedback for trip 61'),(66,28,54,5,'Feedback for trip 28'),(67,62,25,5,'Feedback for trip 62'),(68,63,25,4,'Feedback for trip 63'),(69,29,60,3,'Feedback for trip 29'),(70,92,15,5,'Feedback for trip 92'),(71,30,52,5,'Feedback for trip 30'),(72,64,55,4,'Feedback for trip 64'),(73,31,50,4,'Feedback for trip 31'),(74,32,88,1,'Feedback for trip 32'),(75,65,89,3,'Feedback for trip 65'),(76,66,71,3,'Feedback for trip 66'),(77,33,94,1,'Feedback for trip 33'),(78,93,63,5,'Feedback for trip 93'),(79,94,40,5,'Feedback for trip 94'),(80,67,17,4,'Feedback for trip 67'),(81,68,17,5,'Feedback for trip 68'),(82,95,17,2,'Feedback for trip 95'),(83,34,96,5,'Feedback for trip 34'),(84,96,92,5,'Feedback for trip 96'),(85,69,68,2,'Feedback for trip 69'),(86,35,100,5,'Feedback for trip 35'),(87,36,42,2,'Feedback for trip 36'),(88,37,30,3,'Feedback for trip 37'),(89,97,33,2,'Feedback for trip 97'),(90,38,72,4,'Feedback for trip 38'),(91,39,30,3,'Feedback for trip 39'),(92,40,75,4,'Feedback for trip 40'),(93,41,28,2,'Feedback for trip 41'),(94,98,62,1,'Feedback for trip 98'),(95,42,3,5,'Feedback for trip 42'),(96,99,97,1,'Feedback for trip 99'),(97,70,66,5,'Feedback for trip 70'),(98,100,8,5,'Feedback for trip 100'),(99,43,23,5,'Feedback for trip 43'),(100,71,93,4,'Feedback for trip 71'),(128,1,8,5,'Feedback for trip 1'),(129,2,35,2,'Feedback for trip 2'),(130,72,91,1,'Feedback for trip 72'),(131,44,79,1,'Feedback for trip 44'),(132,3,49,1,'Feedback for trip 3'),(133,73,36,5,'Feedback for trip 73'),(134,45,32,5,'Feedback for trip 45'),(135,4,82,3,'Feedback for trip 4'),(136,46,54,2,'Feedback for trip 46'),(137,74,79,1,'Feedback for trip 74'),(138,75,24,2,'Feedback for trip 75'),(139,47,61,1,'Feedback for trip 47'),(140,5,44,5,'Feedback for trip 5'),(141,48,96,2,'Feedback for trip 48'),(142,6,98,5,'Feedback for trip 6'),(143,7,53,2,'Feedback for trip 7'),(144,8,44,2,'Feedback for trip 8'),(145,49,72,1,'Feedback for trip 49'),(146,9,80,1,'Feedback for trip 9'),(147,76,35,5,'Feedback for trip 76'),(148,10,78,2,'Feedback for trip 10'),(149,50,43,5,'Feedback for trip 50'),(150,77,89,5,'Feedback for trip 77'),(151,11,41,2,'Feedback for trip 11'),(152,51,82,3,'Feedback for trip 51'),(153,12,6,2,'Feedback for trip 12'),(154,13,79,2,'Feedback for trip 13'),(155,78,44,2,'Feedback for trip 78'),(156,14,83,1,'Feedback for trip 14'),(157,52,81,2,'Feedback for trip 52'),(158,53,59,5,'Feedback for trip 53'),(159,15,62,3,'Feedback for trip 15'),(160,79,33,2,'Feedback for trip 79'),(161,80,18,1,'Feedback for trip 80'),(162,54,95,5,'Feedback for trip 54'),(163,81,63,4,'Feedback for trip 81'),(164,55,87,3,'Feedback for trip 55'),(165,82,57,4,'Feedback for trip 82'),(166,16,11,4,'Feedback for trip 16'),(167,56,100,5,'Feedback for trip 56'),(168,83,66,3,'Feedback for trip 83'),(169,84,77,3,'Feedback for trip 84'),(170,85,22,4,'Feedback for trip 85'),(171,17,58,2,'Feedback for trip 17'),(172,18,31,3,'Feedback for trip 18'),(173,86,75,5,'Feedback for trip 86'),(174,57,71,4,'Feedback for trip 57'),(175,58,26,4,'Feedback for trip 58'),(176,19,30,3,'Feedback for trip 19'),(177,59,74,1,'Feedback for trip 59'),(178,20,15,1,'Feedback for trip 20'),(179,21,73,2,'Feedback for trip 21'),(180,87,87,5,'Feedback for trip 87'),(181,88,68,5,'Feedback for trip 88'),(182,22,74,5,'Feedback for trip 22'),(183,89,42,1,'Feedback for trip 89'),(184,23,49,2,'Feedback for trip 23'),(185,60,31,5,'Feedback for trip 60'),(186,24,100,2,'Feedback for trip 24'),(187,25,75,1,'Feedback for trip 25'),(188,90,86,1,'Feedback for trip 90'),(189,91,85,2,'Feedback for trip 91'),(190,26,2,4,'Feedback for trip 26'),(191,27,18,5,'Feedback for trip 27'),(192,61,43,1,'Feedback for trip 61'),(193,28,54,4,'Feedback for trip 28'),(194,62,25,1,'Feedback for trip 62'),(195,63,25,3,'Feedback for trip 63'),(196,29,60,2,'Feedback for trip 29'),(197,92,15,2,'Feedback for trip 92'),(198,30,52,2,'Feedback for trip 30'),(199,64,55,5,'Feedback for trip 64'),(200,31,50,4,'Feedback for trip 31'),(201,32,88,3,'Feedback for trip 32'),(202,65,89,2,'Feedback for trip 65'),(203,66,71,4,'Feedback for trip 66'),(204,33,94,2,'Feedback for trip 33'),(205,93,63,4,'Feedback for trip 93'),(206,94,40,1,'Feedback for trip 94'),(207,67,17,5,'Feedback for trip 67'),(208,68,17,2,'Feedback for trip 68'),(209,95,17,2,'Feedback for trip 95'),(210,34,96,1,'Feedback for trip 34'),(211,96,92,1,'Feedback for trip 96'),(212,69,68,2,'Feedback for trip 69'),(213,35,100,5,'Feedback for trip 35'),(214,36,42,4,'Feedback for trip 36'),(215,37,30,5,'Feedback for trip 37'),(216,97,33,4,'Feedback for trip 97'),(217,38,72,3,'Feedback for trip 38'),(218,39,30,4,'Feedback for trip 39'),(219,40,75,1,'Feedback for trip 40'),(220,41,28,1,'Feedback for trip 41'),(221,98,62,1,'Feedback for trip 98'),(222,42,3,2,'Feedback for trip 42'),(223,99,97,5,'Feedback for trip 99'),(224,70,66,3,'Feedback for trip 70'),(225,100,8,4,'Feedback for trip 100'),(226,43,23,1,'Feedback for trip 43'),(227,71,93,1,'Feedback for trip 71'),(228,1,327,5,'Feedback for trip 1'),(229,1,326,4,'Feedback for trip 1'),(230,1,325,1,'Feedback for trip 1'),(231,1,324,4,'Feedback for trip 1'),(232,1,323,5,'Feedback for trip 1'),(233,1,322,4,'Feedback for trip 1'),(234,1,321,4,'Feedback for trip 1'),(235,1,320,2,'Feedback for trip 1'),(236,1,319,3,'Feedback for trip 1'),(237,1,318,3,'Feedback for trip 1'),(238,1,317,1,'Feedback for trip 1'),(239,1,316,5,'Feedback for trip 1'),(240,1,315,1,'Feedback for trip 1'),(241,1,314,3,'Feedback for trip 1'),(242,1,313,5,'Feedback for trip 1'),(243,1,312,3,'Feedback for trip 1'),(244,1,311,4,'Feedback for trip 1'),(245,1,310,3,'Feedback for trip 1'),(246,1,309,3,'Feedback for trip 1'),(247,1,308,5,'Feedback for trip 1'),(248,1,307,2,'Feedback for trip 1'),(249,1,306,3,'Feedback for trip 1'),(250,1,305,5,'Feedback for trip 1'),(251,1,304,1,'Feedback for trip 1'),(252,1,303,2,'Feedback for trip 1'),(253,1,302,4,'Feedback for trip 1'),(254,1,301,4,'Feedback for trip 1'),(255,1,300,4,'Feedback for trip 1'),(256,1,299,1,'Feedback for trip 1'),(257,1,298,1,'Feedback for trip 1'),(258,1,297,1,'Feedback for trip 1'),(259,1,296,3,'Feedback for trip 1'),(260,1,295,1,'Feedback for trip 1'),(261,1,294,1,'Feedback for trip 1'),(262,1,293,2,'Feedback for trip 1'),(263,1,292,5,'Feedback for trip 1'),(264,1,291,3,'Feedback for trip 1'),(265,1,290,1,'Feedback for trip 1'),(266,1,289,5,'Feedback for trip 1'),(267,1,288,4,'Feedback for trip 1'),(268,1,287,1,'Feedback for trip 1'),(269,1,286,2,'Feedback for trip 1'),(270,1,285,4,'Feedback for trip 1'),(271,1,284,3,'Feedback for trip 1'),(272,1,283,2,'Feedback for trip 1'),(273,1,282,2,'Feedback for trip 1'),(274,1,281,3,'Feedback for trip 1'),(275,1,280,2,'Feedback for trip 1'),(276,1,279,1,'Feedback for trip 1'),(277,1,278,5,'Feedback for trip 1'),(278,1,277,3,'Feedback for trip 1'),(279,1,276,2,'Feedback for trip 1'),(280,1,275,5,'Feedback for trip 1'),(281,1,274,3,'Feedback for trip 1'),(282,1,273,4,'Feedback for trip 1'),(283,1,272,1,'Feedback for trip 1'),(284,1,271,4,'Feedback for trip 1'),(285,1,270,5,'Feedback for trip 1'),(286,1,269,1,'Feedback for trip 1'),(287,1,268,3,'Feedback for trip 1'),(288,1,267,4,'Feedback for trip 1'),(289,1,266,2,'Feedback for trip 1'),(290,1,265,1,'Feedback for trip 1'),(291,1,264,5,'Feedback for trip 1'),(292,1,263,1,'Feedback for trip 1'),(293,1,262,1,'Feedback for trip 1'),(294,1,261,2,'Feedback for trip 1'),(295,1,260,2,'Feedback for trip 1'),(296,1,259,2,'Feedback for trip 1'),(297,1,258,2,'Feedback for trip 1'),(298,1,257,1,'Feedback for trip 1'),(299,1,256,2,'Feedback for trip 1'),(300,1,255,4,'Feedback for trip 1'),(301,1,254,1,'Feedback for trip 1'),(302,1,253,1,'Feedback for trip 1'),(303,1,252,4,'Feedback for trip 1'),(304,1,251,3,'Feedback for trip 1'),(305,1,250,5,'Feedback for trip 1'),(306,1,249,1,'Feedback for trip 1'),(307,1,248,3,'Feedback for trip 1'),(308,1,247,4,'Feedback for trip 1'),(309,1,246,4,'Feedback for trip 1'),(310,1,245,3,'Feedback for trip 1'),(311,1,244,1,'Feedback for trip 1'),(312,1,243,1,'Feedback for trip 1'),(313,1,242,5,'Feedback for trip 1'),(314,1,241,2,'Feedback for trip 1'),(315,1,240,5,'Feedback for trip 1'),(316,1,239,4,'Feedback for trip 1'),(317,1,238,1,'Feedback for trip 1'),(318,1,237,1,'Feedback for trip 1'),(319,1,236,3,'Feedback for trip 1'),(320,1,235,4,'Feedback for trip 1'),(321,1,234,5,'Feedback for trip 1'),(322,1,233,2,'Feedback for trip 1'),(323,1,232,5,'Feedback for trip 1'),(324,1,231,3,'Feedback for trip 1'),(325,1,230,2,'Feedback for trip 1'),(326,1,229,4,'Feedback for trip 1'),(327,1,228,3,'Feedback for trip 1'),(328,1,227,1,'Feedback for trip 1'),(329,1,226,4,'Feedback for trip 1'),(330,1,225,4,'Feedback for trip 1'),(331,1,224,2,'Feedback for trip 1'),(332,1,223,4,'Feedback for trip 1'),(333,1,222,2,'Feedback for trip 1'),(334,1,221,2,'Feedback for trip 1'),(335,1,220,5,'Feedback for trip 1'),(336,1,219,2,'Feedback for trip 1'),(337,1,218,1,'Feedback for trip 1'),(338,1,217,5,'Feedback for trip 1'),(339,1,216,5,'Feedback for trip 1'),(340,1,215,4,'Feedback for trip 1'),(341,1,214,4,'Feedback for trip 1'),(342,1,213,1,'Feedback for trip 1'),(343,1,212,5,'Feedback for trip 1'),(344,1,211,2,'Feedback for trip 1'),(345,1,210,2,'Feedback for trip 1'),(346,1,209,4,'Feedback for trip 1'),(347,1,208,4,'Feedback for trip 1'),(348,1,207,1,'Feedback for trip 1'),(349,1,206,5,'Feedback for trip 1'),(350,1,205,5,'Feedback for trip 1'),(351,1,204,1,'Feedback for trip 1'),(352,1,203,5,'Feedback for trip 1'),(353,1,202,1,'Feedback for trip 1'),(354,1,201,5,'Feedback for trip 1'),(355,1,200,2,'Feedback for trip 1'),(356,1,199,2,'Feedback for trip 1'),(357,1,198,5,'Feedback for trip 1'),(358,1,197,5,'Feedback for trip 1'),(359,1,196,4,'Feedback for trip 1'),(360,1,195,1,'Feedback for trip 1'),(361,1,194,1,'Feedback for trip 1'),(362,1,193,5,'Feedback for trip 1'),(363,1,192,1,'Feedback for trip 1'),(364,1,191,2,'Feedback for trip 1'),(365,1,190,2,'Feedback for trip 1'),(366,1,189,1,'Feedback for trip 1'),(367,1,188,4,'Feedback for trip 1'),(368,1,187,2,'Feedback for trip 1'),(369,1,186,2,'Feedback for trip 1'),(370,1,185,3,'Feedback for trip 1'),(371,1,184,2,'Feedback for trip 1'),(372,1,183,3,'Feedback for trip 1'),(373,1,182,1,'Feedback for trip 1'),(374,1,181,1,'Feedback for trip 1'),(375,1,180,5,'Feedback for trip 1'),(376,1,179,3,'Feedback for trip 1'),(377,1,178,1,'Feedback for trip 1'),(378,1,177,3,'Feedback for trip 1'),(379,1,176,1,'Feedback for trip 1'),(380,1,175,2,'Feedback for trip 1'),(381,1,174,3,'Feedback for trip 1'),(382,1,173,3,'Feedback for trip 1'),(383,1,172,3,'Feedback for trip 1'),(384,1,171,4,'Feedback for trip 1'),(385,1,170,4,'Feedback for trip 1'),(386,1,169,2,'Feedback for trip 1'),(387,1,168,2,'Feedback for trip 1'),(388,1,167,2,'Feedback for trip 1'),(389,1,166,5,'Feedback for trip 1'),(390,1,165,4,'Feedback for trip 1'),(391,1,164,2,'Feedback for trip 1'),(392,1,163,5,'Feedback for trip 1'),(393,1,162,4,'Feedback for trip 1'),(394,1,161,5,'Feedback for trip 1'),(395,1,160,1,'Feedback for trip 1'),(396,1,159,2,'Feedback for trip 1'),(397,1,158,3,'Feedback for trip 1'),(398,1,157,2,'Feedback for trip 1'),(399,1,156,2,'Feedback for trip 1'),(400,1,155,1,'Feedback for trip 1'),(401,1,154,2,'Feedback for trip 1'),(402,1,153,1,'Feedback for trip 1'),(403,1,152,3,'Feedback for trip 1'),(404,1,151,1,'Feedback for trip 1'),(405,1,150,4,'Feedback for trip 1'),(406,1,149,5,'Feedback for trip 1'),(407,1,148,2,'Feedback for trip 1'),(408,1,147,3,'Feedback for trip 1'),(409,1,146,3,'Feedback for trip 1'),(410,1,145,5,'Feedback for trip 1'),(411,1,144,1,'Feedback for trip 1'),(412,1,143,1,'Feedback for trip 1'),(413,1,142,5,'Feedback for trip 1'),(414,1,141,3,'Feedback for trip 1'),(415,1,140,1,'Feedback for trip 1'),(416,1,139,2,'Feedback for trip 1'),(417,1,138,5,'Feedback for trip 1'),(418,1,137,2,'Feedback for trip 1'),(419,1,136,5,'Feedback for trip 1'),(420,1,135,1,'Feedback for trip 1'),(421,1,134,2,'Feedback for trip 1'),(422,1,133,4,'Feedback for trip 1'),(423,1,132,5,'Feedback for trip 1'),(424,1,131,5,'Feedback for trip 1'),(425,1,130,2,'Feedback for trip 1'),(426,1,129,5,'Feedback for trip 1'),(427,1,128,4,'Feedback for trip 1'),(428,1,100,5,'Feedback for trip 1'),(429,1,99,5,'Feedback for trip 1'),(430,1,98,2,'Feedback for trip 1'),(431,1,97,4,'Feedback for trip 1'),(432,1,96,4,'Feedback for trip 1'),(433,1,95,5,'Feedback for trip 1'),(434,1,94,4,'Feedback for trip 1'),(435,1,93,1,'Feedback for trip 1'),(436,1,92,1,'Feedback for trip 1'),(437,1,91,4,'Feedback for trip 1'),(438,1,90,4,'Feedback for trip 1'),(439,1,89,1,'Feedback for trip 1'),(440,1,88,5,'Feedback for trip 1'),(441,1,87,5,'Feedback for trip 1'),(442,1,86,4,'Feedback for trip 1'),(443,1,85,5,'Feedback for trip 1'),(444,1,84,4,'Feedback for trip 1'),(445,1,83,4,'Feedback for trip 1'),(446,1,82,2,'Feedback for trip 1'),(447,1,81,1,'Feedback for trip 1'),(448,1,80,5,'Feedback for trip 1'),(449,1,79,2,'Feedback for trip 1'),(450,1,78,5,'Feedback for trip 1'),(451,1,77,3,'Feedback for trip 1'),(452,1,76,4,'Feedback for trip 1'),(453,1,75,4,'Feedback for trip 1'),(454,1,74,3,'Feedback for trip 1'),(455,1,73,2,'Feedback for trip 1'),(456,1,72,2,'Feedback for trip 1'),(457,1,71,1,'Feedback for trip 1'),(458,1,70,5,'Feedback for trip 1'),(459,1,69,1,'Feedback for trip 1'),(460,1,68,5,'Feedback for trip 1'),(461,1,67,5,'Feedback for trip 1'),(462,1,66,4,'Feedback for trip 1'),(463,1,65,1,'Feedback for trip 1'),(464,1,64,4,'Feedback for trip 1'),(465,1,63,2,'Feedback for trip 1'),(466,1,62,4,'Feedback for trip 1'),(467,1,61,1,'Feedback for trip 1'),(468,1,60,5,'Feedback for trip 1'),(469,1,59,3,'Feedback for trip 1'),(470,1,58,1,'Feedback for trip 1'),(471,1,57,1,'Feedback for trip 1'),(472,1,56,4,'Feedback for trip 1'),(473,1,55,3,'Feedback for trip 1'),(474,1,54,1,'Feedback for trip 1'),(475,1,53,3,'Feedback for trip 1'),(476,1,52,5,'Feedback for trip 1'),(477,1,51,4,'Feedback for trip 1'),(478,1,50,5,'Feedback for trip 1'),(479,1,49,5,'Feedback for trip 1'),(480,1,48,2,'Feedback for trip 1'),(481,1,47,2,'Feedback for trip 1'),(482,1,46,5,'Feedback for trip 1'),(483,1,45,1,'Feedback for trip 1'),(484,1,44,4,'Feedback for trip 1'),(485,1,43,5,'Feedback for trip 1'),(486,1,42,1,'Feedback for trip 1'),(487,1,41,1,'Feedback for trip 1'),(488,1,40,2,'Feedback for trip 1'),(489,1,39,4,'Feedback for trip 1'),(490,1,38,2,'Feedback for trip 1'),(491,1,37,1,'Feedback for trip 1'),(492,1,36,3,'Feedback for trip 1'),(493,1,35,2,'Feedback for trip 1'),(494,1,34,5,'Feedback for trip 1'),(495,1,33,1,'Feedback for trip 1'),(496,1,32,4,'Feedback for trip 1'),(497,1,31,1,'Feedback for trip 1'),(498,1,30,4,'Feedback for trip 1'),(499,1,29,2,'Feedback for trip 1'),(500,1,28,5,'Feedback for trip 1'),(501,1,27,3,'Feedback for trip 1'),(502,1,26,5,'Feedback for trip 1'),(503,1,25,2,'Feedback for trip 1'),(504,1,24,2,'Feedback for trip 1'),(505,1,23,4,'Feedback for trip 1'),(506,1,22,1,'Feedback for trip 1'),(507,1,21,4,'Feedback for trip 1'),(508,1,20,5,'Feedback for trip 1'),(509,1,19,1,'Feedback for trip 1'),(510,1,18,4,'Feedback for trip 1'),(511,1,17,2,'Feedback for trip 1'),(512,1,16,1,'Feedback for trip 1'),(513,1,15,2,'Feedback for trip 1'),(514,1,14,5,'Feedback for trip 1'),(515,1,13,3,'Feedback for trip 1'),(516,1,12,2,'Feedback for trip 1'),(517,1,11,1,'Feedback for trip 1'),(518,1,10,1,'Feedback for trip 1'),(519,1,9,4,'Feedback for trip 1'),(520,1,8,5,'Feedback for trip 1'),(521,1,7,5,'Feedback for trip 1'),(522,1,6,4,'Feedback for trip 1'),(523,1,5,1,'Feedback for trip 1'),(524,1,4,3,'Feedback for trip 1'),(525,1,3,4,'Feedback for trip 1'),(526,1,2,5,'Feedback for trip 1'),(527,1,1,2,'Feedback for trip 1'),(528,227,327,2,'Feedback for trip 227'),(529,227,326,5,'Feedback for trip 227'),(530,227,325,2,'Feedback for trip 227'),(531,227,324,4,'Feedback for trip 227'),(532,227,323,1,'Feedback for trip 227'),(533,227,322,5,'Feedback for trip 227'),(534,227,321,1,'Feedback for trip 227'),(535,227,320,1,'Feedback for trip 227'),(536,227,319,2,'Feedback for trip 227'),(537,227,318,1,'Feedback for trip 227'),(538,227,317,3,'Feedback for trip 227'),(539,227,316,3,'Feedback for trip 227'),(540,227,315,4,'Feedback for trip 227'),(541,227,314,3,'Feedback for trip 227'),(542,227,313,1,'Feedback for trip 227'),(543,227,312,4,'Feedback for trip 227'),(544,227,311,4,'Feedback for trip 227'),(545,227,310,1,'Feedback for trip 227'),(546,227,309,1,'Feedback for trip 227'),(547,227,308,3,'Feedback for trip 227'),(548,227,307,3,'Feedback for trip 227'),(549,227,306,3,'Feedback for trip 227'),(550,227,305,2,'Feedback for trip 227'),(551,227,304,5,'Feedback for trip 227'),(552,227,303,1,'Feedback for trip 227'),(553,227,302,1,'Feedback for trip 227'),(554,227,301,3,'Feedback for trip 227'),(555,227,300,3,'Feedback for trip 227'),(556,227,299,1,'Feedback for trip 227'),(557,227,298,3,'Feedback for trip 227'),(558,227,297,1,'Feedback for trip 227'),(559,227,296,3,'Feedback for trip 227'),(560,227,295,5,'Feedback for trip 227'),(561,227,294,3,'Feedback for trip 227'),(562,227,293,2,'Feedback for trip 227'),(563,227,292,1,'Feedback for trip 227'),(564,227,291,5,'Feedback for trip 227'),(565,227,290,4,'Feedback for trip 227'),(566,227,289,2,'Feedback for trip 227'),(567,227,288,1,'Feedback for trip 227'),(568,227,287,5,'Feedback for trip 227'),(569,227,286,2,'Feedback for trip 227'),(570,227,285,5,'Feedback for trip 227'),(571,227,284,1,'Feedback for trip 227'),(572,227,283,4,'Feedback for trip 227'),(573,227,282,1,'Feedback for trip 227'),(574,227,281,1,'Feedback for trip 227'),(575,227,280,4,'Feedback for trip 227'),(576,227,279,1,'Feedback for trip 227'),(577,227,278,4,'Feedback for trip 227'),(578,227,277,4,'Feedback for trip 227'),(579,227,276,3,'Feedback for trip 227'),(580,227,275,5,'Feedback for trip 227'),(581,227,274,2,'Feedback for trip 227'),(582,227,273,1,'Feedback for trip 227'),(583,227,272,5,'Feedback for trip 227'),(584,227,271,5,'Feedback for trip 227'),(585,227,270,1,'Feedback for trip 227'),(586,227,269,4,'Feedback for trip 227'),(587,227,268,5,'Feedback for trip 227'),(588,227,267,4,'Feedback for trip 227'),(589,227,266,3,'Feedback for trip 227'),(590,227,265,3,'Feedback for trip 227'),(591,227,264,2,'Feedback for trip 227'),(592,227,263,1,'Feedback for trip 227'),(593,227,262,4,'Feedback for trip 227'),(594,227,261,4,'Feedback for trip 227'),(595,227,260,3,'Feedback for trip 227'),(596,227,259,1,'Feedback for trip 227'),(597,227,258,1,'Feedback for trip 227'),(598,227,257,1,'Feedback for trip 227'),(599,227,256,4,'Feedback for trip 227'),(600,227,255,4,'Feedback for trip 227'),(601,227,254,5,'Feedback for trip 227'),(602,227,253,4,'Feedback for trip 227'),(603,227,252,3,'Feedback for trip 227'),(604,227,251,5,'Feedback for trip 227'),(605,227,250,3,'Feedback for trip 227'),(606,227,249,4,'Feedback for trip 227'),(607,227,248,5,'Feedback for trip 227'),(608,227,247,1,'Feedback for trip 227'),(609,227,246,2,'Feedback for trip 227'),(610,227,245,2,'Feedback for trip 227'),(611,227,244,4,'Feedback for trip 227'),(612,227,243,1,'Feedback for trip 227'),(613,227,242,2,'Feedback for trip 227'),(614,227,241,2,'Feedback for trip 227'),(615,227,240,4,'Feedback for trip 227'),(616,227,239,2,'Feedback for trip 227'),(617,227,238,3,'Feedback for trip 227'),(618,227,237,4,'Feedback for trip 227'),(619,227,236,2,'Feedback for trip 227'),(620,227,235,1,'Feedback for trip 227'),(621,227,234,3,'Feedback for trip 227'),(622,227,233,4,'Feedback for trip 227'),(623,227,232,4,'Feedback for trip 227'),(624,227,231,1,'Feedback for trip 227'),(625,227,230,2,'Feedback for trip 227'),(626,227,229,5,'Feedback for trip 227'),(627,227,228,5,'Feedback for trip 227'),(628,227,227,3,'Feedback for trip 227'),(629,227,226,2,'Feedback for trip 227'),(630,227,225,3,'Feedback for trip 227'),(631,227,224,2,'Feedback for trip 227'),(632,227,223,2,'Feedback for trip 227'),(633,227,222,4,'Feedback for trip 227'),(634,227,221,3,'Feedback for trip 227'),(635,227,220,1,'Feedback for trip 227'),(636,227,219,3,'Feedback for trip 227'),(637,227,218,2,'Feedback for trip 227'),(638,227,217,3,'Feedback for trip 227'),(639,227,216,2,'Feedback for trip 227'),(640,227,215,4,'Feedback for trip 227'),(641,227,214,1,'Feedback for trip 227'),(642,227,213,1,'Feedback for trip 227'),(643,227,212,5,'Feedback for trip 227'),(644,227,211,1,'Feedback for trip 227'),(645,227,210,2,'Feedback for trip 227'),(646,227,209,3,'Feedback for trip 227'),(647,227,208,1,'Feedback for trip 227'),(648,227,207,4,'Feedback for trip 227'),(649,227,206,4,'Feedback for trip 227'),(650,227,205,4,'Feedback for trip 227'),(651,227,204,1,'Feedback for trip 227'),(652,227,203,3,'Feedback for trip 227'),(653,227,202,2,'Feedback for trip 227'),(654,227,201,4,'Feedback for trip 227'),(655,227,200,5,'Feedback for trip 227'),(656,227,199,5,'Feedback for trip 227'),(657,227,198,1,'Feedback for trip 227'),(658,227,197,4,'Feedback for trip 227'),(659,227,196,3,'Feedback for trip 227'),(660,227,195,3,'Feedback for trip 227'),(661,227,194,5,'Feedback for trip 227'),(662,227,193,4,'Feedback for trip 227'),(663,227,192,5,'Feedback for trip 227'),(664,227,191,1,'Feedback for trip 227'),(665,227,190,2,'Feedback for trip 227'),(666,227,189,4,'Feedback for trip 227'),(667,227,188,5,'Feedback for trip 227'),(668,227,187,3,'Feedback for trip 227'),(669,227,186,4,'Feedback for trip 227'),(670,227,185,2,'Feedback for trip 227'),(671,227,184,4,'Feedback for trip 227'),(672,227,183,2,'Feedback for trip 227'),(673,227,182,5,'Feedback for trip 227'),(674,227,181,5,'Feedback for trip 227'),(675,227,180,5,'Feedback for trip 227'),(676,227,179,5,'Feedback for trip 227'),(677,227,178,5,'Feedback for trip 227'),(678,227,177,2,'Feedback for trip 227'),(679,227,176,2,'Feedback for trip 227'),(680,227,175,2,'Feedback for trip 227'),(681,227,174,4,'Feedback for trip 227'),(682,227,173,4,'Feedback for trip 227'),(683,227,172,4,'Feedback for trip 227'),(684,227,171,1,'Feedback for trip 227'),(685,227,170,4,'Feedback for trip 227'),(686,227,169,5,'Feedback for trip 227'),(687,227,168,1,'Feedback for trip 227'),(688,227,167,3,'Feedback for trip 227'),(689,227,166,4,'Feedback for trip 227'),(690,227,165,5,'Feedback for trip 227'),(691,227,164,2,'Feedback for trip 227'),(692,227,163,2,'Feedback for trip 227'),(693,227,162,3,'Feedback for trip 227'),(694,227,161,2,'Feedback for trip 227'),(695,227,160,5,'Feedback for trip 227'),(696,227,159,2,'Feedback for trip 227'),(697,227,158,2,'Feedback for trip 227'),(698,227,157,4,'Feedback for trip 227'),(699,227,156,5,'Feedback for trip 227'),(700,227,155,5,'Feedback for trip 227'),(701,227,154,3,'Feedback for trip 227'),(702,227,153,3,'Feedback for trip 227'),(703,227,152,4,'Feedback for trip 227'),(704,227,151,4,'Feedback for trip 227'),(705,227,150,5,'Feedback for trip 227'),(706,227,149,3,'Feedback for trip 227'),(707,227,148,2,'Feedback for trip 227'),(708,227,147,1,'Feedback for trip 227'),(709,227,146,1,'Feedback for trip 227'),(710,227,145,4,'Feedback for trip 227'),(711,227,144,1,'Feedback for trip 227'),(712,227,143,5,'Feedback for trip 227'),(713,227,142,1,'Feedback for trip 227'),(714,227,141,3,'Feedback for trip 227'),(715,227,140,1,'Feedback for trip 227'),(716,227,139,1,'Feedback for trip 227'),(717,227,138,5,'Feedback for trip 227'),(718,227,137,4,'Feedback for trip 227'),(719,227,136,2,'Feedback for trip 227'),(720,227,135,2,'Feedback for trip 227'),(721,227,134,3,'Feedback for trip 227'),(722,227,133,1,'Feedback for trip 227'),(723,227,132,3,'Feedback for trip 227'),(724,227,131,1,'Feedback for trip 227'),(725,227,130,1,'Feedback for trip 227'),(726,227,129,2,'Feedback for trip 227'),(727,227,128,2,'Feedback for trip 227'),(728,227,100,1,'Feedback for trip 227'),(729,227,99,5,'Feedback for trip 227'),(730,227,98,1,'Feedback for trip 227'),(731,227,97,1,'Feedback for trip 227'),(732,227,96,1,'Feedback for trip 227'),(733,227,95,5,'Feedback for trip 227'),(734,227,94,2,'Feedback for trip 227'),(735,227,93,3,'Feedback for trip 227'),(736,227,92,4,'Feedback for trip 227'),(737,227,91,1,'Feedback for trip 227'),(738,227,90,2,'Feedback for trip 227'),(739,227,89,5,'Feedback for trip 227'),(740,227,88,4,'Feedback for trip 227'),(741,227,87,4,'Feedback for trip 227'),(742,227,86,2,'Feedback for trip 227'),(743,227,85,3,'Feedback for trip 227'),(744,227,84,3,'Feedback for trip 227'),(745,227,83,5,'Feedback for trip 227'),(746,227,82,2,'Feedback for trip 227'),(747,227,81,2,'Feedback for trip 227'),(748,227,80,1,'Feedback for trip 227'),(749,227,79,3,'Feedback for trip 227'),(750,227,78,2,'Feedback for trip 227'),(751,227,77,3,'Feedback for trip 227'),(752,227,76,1,'Feedback for trip 227'),(753,227,75,3,'Feedback for trip 227'),(754,227,74,1,'Feedback for trip 227'),(755,227,73,3,'Feedback for trip 227'),(756,227,72,1,'Feedback for trip 227'),(757,227,71,3,'Feedback for trip 227'),(758,227,70,4,'Feedback for trip 227'),(759,227,69,3,'Feedback for trip 227'),(760,227,68,4,'Feedback for trip 227'),(761,227,67,2,'Feedback for trip 227'),(762,227,66,2,'Feedback for trip 227'),(763,227,65,5,'Feedback for trip 227'),(764,227,64,1,'Feedback for trip 227'),(765,227,63,1,'Feedback for trip 227'),(766,227,62,5,'Feedback for trip 227'),(767,227,61,4,'Feedback for trip 227'),(768,227,60,4,'Feedback for trip 227'),(769,227,59,3,'Feedback for trip 227'),(770,227,58,5,'Feedback for trip 227'),(771,227,57,2,'Feedback for trip 227'),(772,227,56,3,'Feedback for trip 227'),(773,227,55,1,'Feedback for trip 227'),(774,227,54,4,'Feedback for trip 227'),(775,227,53,3,'Feedback for trip 227'),(776,227,52,2,'Feedback for trip 227'),(777,227,51,3,'Feedback for trip 227'),(778,227,50,2,'Feedback for trip 227'),(779,227,49,3,'Feedback for trip 227'),(780,227,48,5,'Feedback for trip 227'),(781,227,47,5,'Feedback for trip 227'),(782,227,46,5,'Feedback for trip 227'),(783,227,45,2,'Feedback for trip 227'),(784,227,44,2,'Feedback for trip 227'),(785,227,43,2,'Feedback for trip 227'),(786,227,42,1,'Feedback for trip 227'),(787,227,41,2,'Feedback for trip 227'),(788,227,40,1,'Feedback for trip 227'),(789,227,39,4,'Feedback for trip 227'),(790,227,38,1,'Feedback for trip 227'),(791,227,37,1,'Feedback for trip 227'),(792,227,36,2,'Feedback for trip 227'),(793,227,35,1,'Feedback for trip 227'),(794,227,34,5,'Feedback for trip 227'),(795,227,33,4,'Feedback for trip 227'),(796,227,32,2,'Feedback for trip 227'),(797,227,31,4,'Feedback for trip 227'),(798,227,30,1,'Feedback for trip 227'),(799,227,29,4,'Feedback for trip 227'),(800,227,28,5,'Feedback for trip 227'),(801,227,27,1,'Feedback for trip 227'),(802,227,26,3,'Feedback for trip 227'),(803,227,25,4,'Feedback for trip 227'),(804,227,24,3,'Feedback for trip 227'),(805,227,23,4,'Feedback for trip 227'),(806,227,22,4,'Feedback for trip 227'),(807,227,21,2,'Feedback for trip 227'),(808,227,20,5,'Feedback for trip 227'),(809,227,19,2,'Feedback for trip 227'),(810,227,18,2,'Feedback for trip 227'),(811,227,17,5,'Feedback for trip 227'),(812,227,16,2,'Feedback for trip 227'),(813,227,15,3,'Feedback for trip 227'),(814,227,14,1,'Feedback for trip 227'),(815,227,13,1,'Feedback for trip 227'),(816,227,12,4,'Feedback for trip 227'),(817,227,11,4,'Feedback for trip 227'),(818,227,10,1,'Feedback for trip 227'),(819,227,9,3,'Feedback for trip 227'),(820,227,8,3,'Feedback for trip 227'),(821,227,7,4,'Feedback for trip 227'),(822,227,6,4,'Feedback for trip 227'),(823,227,5,4,'Feedback for trip 227'),(824,227,4,1,'Feedback for trip 227'),(825,227,3,3,'Feedback for trip 227'),(826,227,2,1,'Feedback for trip 227'),(827,227,1,3,'Feedback for trip 227'),(828,327,327,1,'Feedback for trip 327'),(829,327,326,4,'Feedback for trip 327'),(830,327,325,2,'Feedback for trip 327'),(831,327,324,2,'Feedback for trip 327'),(832,327,323,2,'Feedback for trip 327'),(833,327,322,4,'Feedback for trip 327'),(834,327,321,3,'Feedback for trip 327'),(835,327,320,4,'Feedback for trip 327'),(836,327,319,2,'Feedback for trip 327'),(837,327,318,1,'Feedback for trip 327'),(838,327,317,4,'Feedback for trip 327'),(839,327,316,1,'Feedback for trip 327'),(840,327,315,1,'Feedback for trip 327'),(841,327,314,2,'Feedback for trip 327'),(842,327,313,1,'Feedback for trip 327'),(843,327,312,3,'Feedback for trip 327'),(844,327,311,1,'Feedback for trip 327'),(845,327,310,2,'Feedback for trip 327'),(846,327,309,2,'Feedback for trip 327'),(847,327,308,3,'Feedback for trip 327'),(848,327,307,3,'Feedback for trip 327'),(849,327,306,1,'Feedback for trip 327'),(850,327,305,4,'Feedback for trip 327'),(851,327,304,1,'Feedback for trip 327'),(852,327,303,4,'Feedback for trip 327'),(853,327,302,3,'Feedback for trip 327'),(854,327,301,2,'Feedback for trip 327'),(855,327,300,3,'Feedback for trip 327'),(856,327,299,1,'Feedback for trip 327'),(857,327,298,1,'Feedback for trip 327'),(858,327,297,3,'Feedback for trip 327'),(859,327,296,4,'Feedback for trip 327'),(860,327,295,4,'Feedback for trip 327'),(861,327,294,5,'Feedback for trip 327'),(862,327,293,1,'Feedback for trip 327'),(863,327,292,2,'Feedback for trip 327'),(864,327,291,5,'Feedback for trip 327'),(865,327,290,4,'Feedback for trip 327'),(866,327,289,1,'Feedback for trip 327'),(867,327,288,1,'Feedback for trip 327'),(868,327,287,5,'Feedback for trip 327'),(869,327,286,4,'Feedback for trip 327'),(870,327,285,4,'Feedback for trip 327'),(871,327,284,2,'Feedback for trip 327'),(872,327,283,4,'Feedback for trip 327'),(873,327,282,3,'Feedback for trip 327'),(874,327,281,3,'Feedback for trip 327'),(875,327,280,5,'Feedback for trip 327'),(876,327,279,1,'Feedback for trip 327'),(877,327,278,4,'Feedback for trip 327'),(878,327,277,1,'Feedback for trip 327'),(879,327,276,4,'Feedback for trip 327'),(880,327,275,3,'Feedback for trip 327'),(881,327,274,4,'Feedback for trip 327'),(882,327,273,1,'Feedback for trip 327'),(883,327,272,3,'Feedback for trip 327'),(884,327,271,1,'Feedback for trip 327'),(885,327,270,3,'Feedback for trip 327'),(886,327,269,4,'Feedback for trip 327'),(887,327,268,3,'Feedback for trip 327'),(888,327,267,2,'Feedback for trip 327'),(889,327,266,1,'Feedback for trip 327'),(890,327,265,4,'Feedback for trip 327'),(891,327,264,4,'Feedback for trip 327'),(892,327,263,3,'Feedback for trip 327'),(893,327,262,5,'Feedback for trip 327'),(894,327,261,4,'Feedback for trip 327'),(895,327,260,3,'Feedback for trip 327'),(896,327,259,3,'Feedback for trip 327'),(897,327,258,5,'Feedback for trip 327'),(898,327,257,3,'Feedback for trip 327'),(899,327,256,3,'Feedback for trip 327'),(900,327,255,5,'Feedback for trip 327'),(901,327,254,4,'Feedback for trip 327'),(902,327,253,3,'Feedback for trip 327'),(903,327,252,1,'Feedback for trip 327'),(904,327,251,5,'Feedback for trip 327'),(905,327,250,1,'Feedback for trip 327'),(906,327,249,1,'Feedback for trip 327'),(907,327,248,2,'Feedback for trip 327'),(908,327,247,1,'Feedback for trip 327'),(909,327,246,2,'Feedback for trip 327'),(910,327,245,3,'Feedback for trip 327'),(911,327,244,1,'Feedback for trip 327'),(912,327,243,3,'Feedback for trip 327'),(913,327,242,5,'Feedback for trip 327'),(914,327,241,2,'Feedback for trip 327'),(915,327,240,4,'Feedback for trip 327'),(916,327,239,2,'Feedback for trip 327'),(917,327,238,5,'Feedback for trip 327'),(918,327,237,2,'Feedback for trip 327'),(919,327,236,4,'Feedback for trip 327'),(920,327,235,5,'Feedback for trip 327'),(921,327,234,1,'Feedback for trip 327'),(922,327,233,2,'Feedback for trip 327'),(923,327,232,4,'Feedback for trip 327'),(924,327,231,3,'Feedback for trip 327'),(925,327,230,3,'Feedback for trip 327'),(926,327,229,2,'Feedback for trip 327'),(927,327,228,1,'Feedback for trip 327'),(928,327,227,3,'Feedback for trip 327'),(929,327,226,1,'Feedback for trip 327'),(930,327,225,4,'Feedback for trip 327'),(931,327,224,4,'Feedback for trip 327'),(932,327,223,1,'Feedback for trip 327'),(933,327,222,3,'Feedback for trip 327'),(934,327,221,1,'Feedback for trip 327'),(935,327,220,4,'Feedback for trip 327'),(936,327,219,3,'Feedback for trip 327'),(937,327,218,3,'Feedback for trip 327'),(938,327,217,4,'Feedback for trip 327'),(939,327,216,3,'Feedback for trip 327'),(940,327,215,2,'Feedback for trip 327'),(941,327,214,2,'Feedback for trip 327'),(942,327,213,5,'Feedback for trip 327'),(943,327,212,5,'Feedback for trip 327'),(944,327,211,1,'Feedback for trip 327'),(945,327,210,5,'Feedback for trip 327'),(946,327,209,4,'Feedback for trip 327'),(947,327,208,5,'Feedback for trip 327'),(948,327,207,4,'Feedback for trip 327'),(949,327,206,5,'Feedback for trip 327'),(950,327,205,4,'Feedback for trip 327'),(951,327,204,3,'Feedback for trip 327'),(952,327,203,3,'Feedback for trip 327'),(953,327,202,5,'Feedback for trip 327'),(954,327,201,5,'Feedback for trip 327'),(955,327,200,1,'Feedback for trip 327'),(956,327,199,3,'Feedback for trip 327'),(957,327,198,4,'Feedback for trip 327'),(958,327,197,4,'Feedback for trip 327'),(959,327,196,1,'Feedback for trip 327'),(960,327,195,2,'Feedback for trip 327'),(961,327,194,1,'Feedback for trip 327'),(962,327,193,3,'Feedback for trip 327'),(963,327,192,1,'Feedback for trip 327'),(964,327,191,3,'Feedback for trip 327'),(965,327,190,4,'Feedback for trip 327'),(966,327,189,3,'Feedback for trip 327'),(967,327,188,2,'Feedback for trip 327'),(968,327,187,1,'Feedback for trip 327'),(969,327,186,2,'Feedback for trip 327'),(970,327,185,4,'Feedback for trip 327'),(971,327,184,3,'Feedback for trip 327'),(972,327,183,1,'Feedback for trip 327'),(973,327,182,4,'Feedback for trip 327'),(974,327,181,5,'Feedback for trip 327'),(975,327,180,1,'Feedback for trip 327'),(976,327,179,3,'Feedback for trip 327'),(977,327,178,3,'Feedback for trip 327'),(978,327,177,3,'Feedback for trip 327'),(979,327,176,3,'Feedback for trip 327'),(980,327,175,5,'Feedback for trip 327'),(981,327,174,4,'Feedback for trip 327'),(982,327,173,4,'Feedback for trip 327'),(983,327,172,3,'Feedback for trip 327'),(984,327,171,4,'Feedback for trip 327'),(985,327,170,4,'Feedback for trip 327'),(986,327,169,1,'Feedback for trip 327'),(987,327,168,5,'Feedback for trip 327'),(988,327,167,1,'Feedback for trip 327'),(989,327,166,4,'Feedback for trip 327'),(990,327,165,3,'Feedback for trip 327'),(991,327,164,5,'Feedback for trip 327'),(992,327,163,2,'Feedback for trip 327'),(993,327,162,5,'Feedback for trip 327'),(994,327,161,2,'Feedback for trip 327'),(995,327,160,1,'Feedback for trip 327'),(996,327,159,4,'Feedback for trip 327'),(997,327,158,4,'Feedback for trip 327'),(998,327,157,5,'Feedback for trip 327'),(999,327,156,5,'Feedback for trip 327'),(1000,327,155,1,'Feedback for trip 327'),(1001,327,154,1,'Feedback for trip 327'),(1002,327,153,2,'Feedback for trip 327'),(1003,327,152,3,'Feedback for trip 327'),(1004,327,151,1,'Feedback for trip 327'),(1005,327,150,1,'Feedback for trip 327'),(1006,327,149,5,'Feedback for trip 327'),(1007,327,148,4,'Feedback for trip 327'),(1008,327,147,3,'Feedback for trip 327'),(1009,327,146,3,'Feedback for trip 327'),(1010,327,145,3,'Feedback for trip 327'),(1011,327,144,3,'Feedback for trip 327'),(1012,327,143,5,'Feedback for trip 327'),(1013,327,142,5,'Feedback for trip 327'),(1014,327,141,4,'Feedback for trip 327'),(1015,327,140,5,'Feedback for trip 327'),(1016,327,139,1,'Feedback for trip 327'),(1017,327,138,4,'Feedback for trip 327'),(1018,327,137,2,'Feedback for trip 327'),(1019,327,136,3,'Feedback for trip 327'),(1020,327,135,2,'Feedback for trip 327'),(1021,327,134,1,'Feedback for trip 327'),(1022,327,133,4,'Feedback for trip 327'),(1023,327,132,1,'Feedback for trip 327'),(1024,327,131,5,'Feedback for trip 327'),(1025,327,130,4,'Feedback for trip 327'),(1026,327,129,1,'Feedback for trip 327'),(1027,327,128,1,'Feedback for trip 327'),(1028,327,100,2,'Feedback for trip 327'),(1029,327,99,2,'Feedback for trip 327'),(1030,327,98,1,'Feedback for trip 327'),(1031,327,97,5,'Feedback for trip 327'),(1032,327,96,3,'Feedback for trip 327'),(1033,327,95,1,'Feedback for trip 327'),(1034,327,94,2,'Feedback for trip 327'),(1035,327,93,2,'Feedback for trip 327'),(1036,327,92,3,'Feedback for trip 327'),(1037,327,91,1,'Feedback for trip 327'),(1038,327,90,3,'Feedback for trip 327'),(1039,327,89,5,'Feedback for trip 327'),(1040,327,88,3,'Feedback for trip 327'),(1041,327,87,1,'Feedback for trip 327'),(1042,327,86,2,'Feedback for trip 327'),(1043,327,85,3,'Feedback for trip 327'),(1044,327,84,2,'Feedback for trip 327'),(1045,327,83,4,'Feedback for trip 327'),(1046,327,82,5,'Feedback for trip 327'),(1047,327,81,3,'Feedback for trip 327'),(1048,327,80,3,'Feedback for trip 327'),(1049,327,79,3,'Feedback for trip 327'),(1050,327,78,3,'Feedback for trip 327'),(1051,327,77,3,'Feedback for trip 327'),(1052,327,76,5,'Feedback for trip 327'),(1053,327,75,4,'Feedback for trip 327'),(1054,327,74,3,'Feedback for trip 327'),(1055,327,73,1,'Feedback for trip 327'),(1056,327,72,5,'Feedback for trip 327'),(1057,327,71,4,'Feedback for trip 327'),(1058,327,70,1,'Feedback for trip 327'),(1059,327,69,4,'Feedback for trip 327'),(1060,327,68,3,'Feedback for trip 327'),(1061,327,67,1,'Feedback for trip 327'),(1062,327,66,4,'Feedback for trip 327'),(1063,327,65,1,'Feedback for trip 327'),(1064,327,64,5,'Feedback for trip 327'),(1065,327,63,5,'Feedback for trip 327'),(1066,327,62,2,'Feedback for trip 327'),(1067,327,61,3,'Feedback for trip 327'),(1068,327,60,4,'Feedback for trip 327'),(1069,327,59,4,'Feedback for trip 327'),(1070,327,58,2,'Feedback for trip 327'),(1071,327,57,5,'Feedback for trip 327'),(1072,327,56,1,'Feedback for trip 327'),(1073,327,55,5,'Feedback for trip 327'),(1074,327,54,3,'Feedback for trip 327'),(1075,327,53,2,'Feedback for trip 327'),(1076,327,52,3,'Feedback for trip 327'),(1077,327,51,4,'Feedback for trip 327'),(1078,327,50,1,'Feedback for trip 327'),(1079,327,49,3,'Feedback for trip 327'),(1080,327,48,5,'Feedback for trip 327'),(1081,327,47,3,'Feedback for trip 327'),(1082,327,46,2,'Feedback for trip 327'),(1083,327,45,2,'Feedback for trip 327'),(1084,327,44,3,'Feedback for trip 327'),(1085,327,43,5,'Feedback for trip 327'),(1086,327,42,4,'Feedback for trip 327'),(1087,327,41,5,'Feedback for trip 327'),(1088,327,40,4,'Feedback for trip 327'),(1089,327,39,2,'Feedback for trip 327'),(1090,327,38,2,'Feedback for trip 327'),(1091,327,37,5,'Feedback for trip 327'),(1092,327,36,2,'Feedback for trip 327'),(1093,327,35,5,'Feedback for trip 327'),(1094,327,34,4,'Feedback for trip 327'),(1095,327,33,4,'Feedback for trip 327'),(1096,327,32,3,'Feedback for trip 327'),(1097,327,31,4,'Feedback for trip 327'),(1098,327,30,1,'Feedback for trip 327'),(1099,327,29,2,'Feedback for trip 327'),(1100,327,28,5,'Feedback for trip 327'),(1101,327,27,2,'Feedback for trip 327'),(1102,327,26,2,'Feedback for trip 327'),(1103,327,25,4,'Feedback for trip 327'),(1104,327,24,1,'Feedback for trip 327'),(1105,327,23,3,'Feedback for trip 327'),(1106,327,22,2,'Feedback for trip 327'),(1107,327,21,5,'Feedback for trip 327'),(1108,327,20,2,'Feedback for trip 327'),(1109,327,19,1,'Feedback for trip 327'),(1110,327,18,5,'Feedback for trip 327'),(1111,327,17,3,'Feedback for trip 327'),(1112,327,16,2,'Feedback for trip 327'),(1113,327,15,1,'Feedback for trip 327'),(1114,327,14,1,'Feedback for trip 327'),(1115,327,13,2,'Feedback for trip 327'),(1116,327,12,1,'Feedback for trip 327'),(1117,327,11,3,'Feedback for trip 327'),(1118,327,10,3,'Feedback for trip 327'),(1119,327,9,2,'Feedback for trip 327'),(1120,327,8,4,'Feedback for trip 327'),(1121,327,7,3,'Feedback for trip 327'),(1122,327,6,2,'Feedback for trip 327'),(1123,327,5,5,'Feedback for trip 327'),(1124,327,4,3,'Feedback for trip 327'),(1125,327,3,4,'Feedback for trip 327'),(1126,327,2,3,'Feedback for trip 327'),(1127,327,1,2,'Feedback for trip 327'),(1128,427,327,1,'Feedback for trip 427'),(1129,427,326,2,'Feedback for trip 427'),(1130,427,325,5,'Feedback for trip 427'),(1131,427,324,1,'Feedback for trip 427'),(1132,427,323,5,'Feedback for trip 427'),(1133,427,322,4,'Feedback for trip 427'),(1134,427,321,2,'Feedback for trip 427'),(1135,427,320,2,'Feedback for trip 427'),(1136,427,319,5,'Feedback for trip 427'),(1137,427,318,2,'Feedback for trip 427'),(1138,427,317,4,'Feedback for trip 427'),(1139,427,316,1,'Feedback for trip 427'),(1140,427,315,5,'Feedback for trip 427'),(1141,427,314,4,'Feedback for trip 427'),(1142,427,313,4,'Feedback for trip 427'),(1143,427,312,3,'Feedback for trip 427'),(1144,427,311,5,'Feedback for trip 427'),(1145,427,310,2,'Feedback for trip 427'),(1146,427,309,1,'Feedback for trip 427'),(1147,427,308,4,'Feedback for trip 427'),(1148,427,307,5,'Feedback for trip 427'),(1149,427,306,3,'Feedback for trip 427'),(1150,427,305,4,'Feedback for trip 427'),(1151,427,304,5,'Feedback for trip 427'),(1152,427,303,5,'Feedback for trip 427'),(1153,427,302,2,'Feedback for trip 427'),(1154,427,301,4,'Feedback for trip 427'),(1155,427,300,4,'Feedback for trip 427'),(1156,427,299,2,'Feedback for trip 427'),(1157,427,298,3,'Feedback for trip 427'),(1158,427,297,5,'Feedback for trip 427'),(1159,427,296,3,'Feedback for trip 427'),(1160,427,295,5,'Feedback for trip 427'),(1161,427,294,2,'Feedback for trip 427'),(1162,427,293,5,'Feedback for trip 427'),(1163,427,292,1,'Feedback for trip 427'),(1164,427,291,5,'Feedback for trip 427'),(1165,427,290,4,'Feedback for trip 427'),(1166,427,289,3,'Feedback for trip 427'),(1167,427,288,2,'Feedback for trip 427'),(1168,427,287,2,'Feedback for trip 427'),(1169,427,286,2,'Feedback for trip 427'),(1170,427,285,4,'Feedback for trip 427'),(1171,427,284,1,'Feedback for trip 427'),(1172,427,283,4,'Feedback for trip 427'),(1173,427,282,3,'Feedback for trip 427'),(1174,427,281,4,'Feedback for trip 427'),(1175,427,280,3,'Feedback for trip 427'),(1176,427,279,5,'Feedback for trip 427'),(1177,427,278,3,'Feedback for trip 427'),(1178,427,277,4,'Feedback for trip 427'),(1179,427,276,1,'Feedback for trip 427'),(1180,427,275,5,'Feedback for trip 427'),(1181,427,274,3,'Feedback for trip 427'),(1182,427,273,2,'Feedback for trip 427'),(1183,427,272,3,'Feedback for trip 427'),(1184,427,271,5,'Feedback for trip 427'),(1185,427,270,2,'Feedback for trip 427'),(1186,427,269,4,'Feedback for trip 427'),(1187,427,268,4,'Feedback for trip 427'),(1188,427,267,3,'Feedback for trip 427'),(1189,427,266,1,'Feedback for trip 427'),(1190,427,265,5,'Feedback for trip 427'),(1191,427,264,3,'Feedback for trip 427'),(1192,427,263,4,'Feedback for trip 427'),(1193,427,262,4,'Feedback for trip 427'),(1194,427,261,4,'Feedback for trip 427'),(1195,427,260,4,'Feedback for trip 427'),(1196,427,259,5,'Feedback for trip 427'),(1197,427,258,3,'Feedback for trip 427'),(1198,427,257,3,'Feedback for trip 427'),(1199,427,256,4,'Feedback for trip 427'),(1200,427,255,2,'Feedback for trip 427'),(1201,427,254,3,'Feedback for trip 427'),(1202,427,253,4,'Feedback for trip 427'),(1203,427,252,2,'Feedback for trip 427'),(1204,427,251,3,'Feedback for trip 427'),(1205,427,250,4,'Feedback for trip 427'),(1206,427,249,4,'Feedback for trip 427'),(1207,427,248,3,'Feedback for trip 427'),(1208,427,247,2,'Feedback for trip 427'),(1209,427,246,2,'Feedback for trip 427'),(1210,427,245,3,'Feedback for trip 427'),(1211,427,244,4,'Feedback for trip 427'),(1212,427,243,5,'Feedback for trip 427'),(1213,427,242,4,'Feedback for trip 427'),(1214,427,241,5,'Feedback for trip 427'),(1215,427,240,2,'Feedback for trip 427'),(1216,427,239,5,'Feedback for trip 427'),(1217,427,238,1,'Feedback for trip 427'),(1218,427,237,1,'Feedback for trip 427'),(1219,427,236,2,'Feedback for trip 427'),(1220,427,235,1,'Feedback for trip 427'),(1221,427,234,5,'Feedback for trip 427'),(1222,427,233,5,'Feedback for trip 427'),(1223,427,232,5,'Feedback for trip 427'),(1224,427,231,4,'Feedback for trip 427'),(1225,427,230,4,'Feedback for trip 427'),(1226,427,229,2,'Feedback for trip 427'),(1227,427,228,3,'Feedback for trip 427');
/*!40000 ALTER TABLE `feedback` ENABLE KEYS */;
UNLOCK TABLES;

--
-- Table structure for table `passenger`
--

DROP TABLE IF EXISTS `passenger`;
/*!40101 SET @saved_cs_client     = @@character_set_client */;
/*!50503 SET character_set_client = utf8mb4 */;
CREATE TABLE `passenger` (
  `passenger_id` int NOT NULL AUTO_INCREMENT,
  `name` varchar(100) NOT NULL,
  `contact_number` varchar(20) DEFAULT NULL,
  PRIMARY KEY (`passenger_id`)
) ENGINE=InnoDB AUTO_INCREMENT=383 DEFAULT CHARSET=utf8mb4 COLLATE=utf8mb4_0900_ai_ci;
/*!40101 SET character_set_client = @saved_cs_client */;

--
-- Dumping data for table `passenger`
--

LOCK TABLES `passenger` WRITE;
/*!40000 ALTER TABLE `passenger` DISABLE KEYS */;
INSERT INTO `passenger` VALUES (1,'Passenger96','Contact1000140031'),(2,'Passenger83','Contact1000690516'),(3,'Passenger99','Contact1000859533'),(4,'Passenger34','Contact1000116494'),(5,'Passenger57','Contact1000477586'),(6,'Passenger70','Contact1000025700'),(7,'Passenger6','Contact1000190026'),(8,'Passenger79','Contact1000379202'),(9,'Passenger53','Contact1000494605'),(10,'Passenger90','Contact1000984675'),(11,'Passenger25','Contact1000257396'),(12,'Passenger57','Contact1000028459'),(13,'Passenger47','Contact1000224163'),(14,'Passenger74','Contact1000002971'),(15,'Passenger81','Contact1000038989'),(16,'Passenger77','Contact1000714049'),(17,'Passenger28','Contact1000216035'),(18,'Passenger27','Contact1000678238'),(19,'Passenger60','Contact1000942214'),(20,'Passenger93','Contact1000797917'),(21,'Passenger22','Contact1000680513'),(22,'Passenger76','Contact1000748503'),(23,'Passenger47','Contact1000096942'),(24,'Passenger8','Contact1000105367'),(25,'Passenger29','Contact1000129512'),(26,'Passenger79','Contact1000512431'),(27,'Passenger23','Contact1000570590'),(28,'Passenger19','Contact1000229336'),(29,'Passenger59','Contact1000222081'),(30,'Passenger37','Contact1000155511'),(31,'Passenger69','Contact1000955983'),(32,'Passenger73','Contact1000764089'),(33,'Passenger65','Contact1000913850'),(34,'Passenger65','Contact1000486345'),(35,'Passenger50','Contact1000015907'),(36,'Passenger60','Contact1000925132'),(37,'Passenger85','Contact1000434346'),(38,'Passenger65','Contact1000926399'),(39,'Passenger70','Contact1000692477'),(40,'Passenger38','Contact1000819478'),(41,'Passenger96','Contact1000337796'),(42,'Passenger82','Contact1000042829'),(43,'Passenger79','Contact1000773595'),(44,'Passenger53','Contact1000312843'),(45,'Passenger99','Contact1000981660'),(46,'Passenger96','Contact1000835968'),(47,'Passenger32','Contact1000048456'),(48,'Passenger31','Contact1000396952'),(49,'Passenger6','Contact1000105997'),(50,'Passenger36','Contact1000441373'),(51,'Passenger16','Contact1000432118'),(52,'Passenger71','Contact1000237896'),(53,'Passenger7','Contact1000630969'),(54,'Passenger95','Contact1000847358'),(55,'Passenger40','Contact1000421090'),(56,'Passenger93','Contact1000374487'),(57,'Passenger9','Contact1000325453'),(58,'Passenger36','Contact1000813232'),(59,'Passenger100','Contact1000522326'),(60,'Passenger64','Contact1000605117'),(61,'Passenger13','Contact1000796289'),(62,'Passenger62','Contact1000683437'),(63,'Passenger58','Contact1000818714'),(64,'Passenger38','Contact1000404639'),(65,'Passenger91','Contact1000319722'),(66,'Passenger88','Contact1000432978'),(67,'Passenger53','Contact1000349077'),(68,'Passenger16','Contact1000735677'),(69,'Passenger21','Contact1000836178'),(70,'Passenger56','Contact1000266295'),(71,'Passenger67','Contact1000534008'),(72,'Passenger68','Contact1000749508'),(73,'Passenger74','Contact1000434589'),(74,'Passenger97','Contact1000511619'),(75,'Passenger67','Contact1000809461'),(76,'Passenger5','Contact1000775188'),(77,'Passenger76','Contact1000443427'),(78,'Passenger96','Contact1000448428'),(79,'Passenger38','Contact1000529294'),(80,'Passenger53','Contact1000020741'),(81,'Passenger54','Contact1000630443'),(82,'Passenger54','Contact1000791745'),(83,'Passenger35','Contact1000369183'),(84,'Passenger80','Contact1000888780'),(85,'Passenger5','Contact1000564169'),(86,'Passenger69','Contact1000720200'),(87,'Passenger56','Contact1000606281'),(88,'Passenger38','Contact1000037552'),(89,'Passenger8','Contact1000256951'),(90,'Passenger7','Contact1000544116'),(91,'Passenger54','Contact1000025639'),(92,'Passenger54','Contact1000590099'),(93,'Passenger36','Contact1000981131'),(94,'Passenger86','Contact1000330599'),(95,'Passenger9','Contact1000451219'),(96,'Passenger100','Contact1000597771'),(97,'Passenger2','Contact1000296679'),(98,'Passenger43','Contact1000256972'),(99,'Passenger100','Contact1000212353'),(100,'Passenger8','Contact1000721962'),(128,'Passenger71','Contact1000083686'),(129,'Passenger30','Contact1000227061'),(130,'Passenger25','Contact1000560983'),(131,'Passenger6','Contact1000615141'),(132,'Passenger90','Contact1000638836'),(133,'Passenger51','Contact1000601623'),(134,'Passenger50','Contact1000681308'),(135,'Passenger92','Contact1000530263'),(136,'Passenger91','Contact1000943220'),(137,'Passenger100','Contact1000148813'),(138,'Passenger76','Contact1000338481'),(139,'Passenger43','Contact1000091824'),(140,'Passenger20','Contact1000698334'),(141,'Passenger91','Contact1000441942'),(142,'Passenger49','Contact1000111890'),(143,'Passenger10','Contact1000148445'),(144,'Passenger46','Contact1000813445'),(145,'Passenger72','Contact1000119464'),(146,'Passenger47','Contact1000948807'),(147,'Passenger36','Contact1000952168'),(148,'Passenger69','Contact1000551938'),(149,'Passenger72','Contact1000917315'),(150,'Passenger45','Contact1000461552'),(151,'Passenger98','Contact1000513656'),(152,'Passenger63','Contact1000605506'),(153,'Passenger14','Contact1000881707'),(154,'Passenger99','Contact1000302891'),(155,'Passenger55','Contact1000819565'),(156,'Passenger47','Contact1000845718'),(157,'Passenger85','Contact1000692560'),(158,'Passenger93','Contact1000547187'),(159,'Passenger97','Contact1000163525'),(160,'Passenger94','Contact1000182288'),(161,'Passenger11','Contact1000991754'),(162,'Passenger64','Contact1000202742'),(163,'Passenger11','Contact1000926308'),(164,'Passenger32','Contact1000775188'),(165,'Passenger95','Contact1000391794'),(166,'Passenger13','Contact1000467405'),(167,'Passenger96','Contact1000354556'),(168,'Passenger92','Contact1000529919'),(169,'Passenger90','Contact1000877460'),(170,'Passenger71','Contact1000902476'),(171,'Passenger40','Contact1000249901'),(172,'Passenger8','Contact1000625848'),(173,'Passenger91','Contact1000642005'),(174,'Passenger50','Contact1000565470'),(175,'Passenger34','Contact1000965896'),(176,'Passenger84','Contact1000262795'),(177,'Passenger82','Contact1000300053'),(178,'Passenger5','Contact1000335858'),(179,'Passenger54','Contact1000680830'),(180,'Passenger80','Contact1000913042'),(181,'Passenger20','Contact1000220346'),(182,'Passenger53','Contact1000969189'),(183,'Passenger27','Contact1000431481'),(184,'Passenger36','Contact1000475437'),(185,'Passenger32','Contact1000149988'),(186,'Passenger81','Contact1000570841'),(187,'Passenger45','Contact1000496097'),(188,'Passenger16','Contact1000288273'),(189,'Passenger98','Contact1000012322'),(190,'Passenger14','Contact1000639671'),(191,'Passenger80','Contact1000042848'),(192,'Passenger84','Contact1000057084'),(193,'Passenger78','Contact1000698971'),(194,'Passenger18','Contact1000766705'),(195,'Passenger32','Contact1000276651'),(196,'Passenger44','Contact1000356034'),(197,'Passenger47','Contact1000274782'),(198,'Passenger97','Contact1000016561'),(199,'Passenger18','Contact1000841625'),(200,'Passenger68','Contact1000841838'),(201,'Passenger19','Contact1000420302'),(202,'Passenger54','Contact1000409198'),(203,'Passenger45','Contact1000992049'),(204,'Passenger63','Contact1000166159'),(205,'Passenger95','Contact1000228589'),(206,'Passenger31','Contact1000847770'),(207,'Passenger32','Contact1000050334'),(208,'Passenger30','Contact1000326414'),(209,'Passenger75','Contact1000748870'),(210,'Passenger51','Contact1000290804'),(211,'Passenger94','Contact1000785457'),(212,'Passenger14','Contact1000306446'),(213,'Passenger14','Contact1000753370'),(214,'Passenger37','Contact1000556011'),(215,'Passenger70','Contact1000783889'),(216,'Passenger85','Contact1000889791'),(217,'Passenger91','Contact1000851031'),(218,'Passenger55','Contact1000161476'),(219,'Passenger18','Contact1000408775'),(220,'Passenger51','Contact1000313443'),(221,'Passenger5','Contact1000276452'),(222,'Passenger26','Contact1000431607'),(223,'Passenger41','Contact1000712469'),(224,'Passenger36','Contact1000652443'),(225,'Passenger19','Contact1000984206'),(226,'Passenger36','Contact1000827936'),(227,'Passenger8','Contact1000872936'),(228,'Passenger16','Contact1000134362'),(229,'Passenger22','Contact1000696459'),(230,'Passenger83','Contact1000023462'),(231,'Passenger65','Contact1000177661'),(232,'Passenger94','Contact1000164396'),(233,'Passenger1','Contact1000524575'),(234,'Passenger62','Contact1000487373'),(235,'Passenger61','Contact1000538908'),(236,'Passenger90','Contact1000852899'),(237,'Passenger59','Contact1000354912'),(238,'Passenger3','Contact1000067248'),(239,'Passenger26','Contact1000083516'),(240,'Passenger65','Contact1000981563'),(241,'Passenger97','Contact1000898070'),(242,'Passenger59','Contact1000229261'),(243,'Passenger40','Contact1000273336'),(244,'Passenger20','Contact1000130032'),(245,'Passenger9','Contact1000010595'),(246,'Passenger82','Contact1000031013'),(247,'Passenger72','Contact1000493894'),(248,'Passenger32','Contact1000104869'),(249,'Passenger58','Contact1000547481'),(250,'Passenger3','Contact1000458320'),(251,'Passenger24','Contact1000780762'),(252,'Passenger22','Contact1000709601'),(253,'Passenger92','Contact1000455568'),(254,'Passenger53','Contact1000269382'),(255,'Passenger77','Contact1000018146'),(256,'Passenger80','Contact1000920347'),(257,'Passenger22','Contact1000323283'),(258,'Passenger97','Contact1000859267'),(259,'Passenger40','Contact1000416532'),(260,'Passenger89','Contact1000180708'),(261,'Passenger25','Contact1000684670'),(262,'Passenger69','Contact1000382354'),(263,'Passenger85','Contact1000102713'),(264,'Passenger97','Contact1000510357'),(265,'Passenger67','Contact1000772368'),(266,'Passenger88','Contact1000081786'),(267,'Passenger77','Contact1000602630'),(268,'Passenger71','Contact1000713894'),(269,'Passenger46','Contact1000140322'),(270,'Passenger34','Contact1000241077'),(271,'Passenger21','Contact1000317576'),(272,'Passenger97','Contact1000864252'),(273,'Passenger44','Contact1000562618'),(274,'Passenger52','Contact1000911467'),(275,'Passenger100','Contact1000254324'),(276,'Passenger28','Contact1000628946'),(277,'Passenger31','Contact1000661075'),(278,'Passenger38','Contact1000899905'),(279,'Passenger37','Contact1000148535'),(280,'Passenger64','Contact1000723013'),(281,'Passenger72','Contact1000400438'),(282,'Passenger87','Contact1000101208'),(283,'Passenger93','Contact1000319020'),(284,'Passenger83','Contact1000150513'),(285,'Passenger29','Contact1000988567'),(286,'Passenger8','Contact1000428157'),(287,'Passenger91','Contact1000237894'),(288,'Passenger48','Contact1000666576'),(289,'Passenger91','Contact1000523900'),(290,'Passenger91','Contact1000954931'),(291,'Passenger6','Contact1000428590'),(292,'Passenger97','Contact1000548832'),(293,'Passenger85','Contact1000570497'),(294,'Passenger33','Contact1000899969'),(295,'Passenger54','Contact1000964942'),(296,'Passenger23','Contact1000234183'),(297,'Passenger50','Contact1000764995'),(298,'Passenger35','Contact1000427268'),(299,'Passenger11','Contact1000233147'),(300,'Passenger86','Contact1000584385'),(301,'Passenger36','Contact1000005001'),(302,'Passenger98','Contact1000835559'),(303,'Passenger27','Contact1000830620'),(304,'Passenger36','Contact1000261752'),(305,'Passenger26','Contact1000497705'),(306,'Passenger72','Contact1000100629'),(307,'Passenger35','Contact1000432615'),(308,'Passenger13','Contact1000314022'),(309,'Passenger21','Contact1000072883'),(310,'Passenger76','Contact1000558595'),(311,'Passenger53','Contact1000957355'),(312,'Passenger21','Contact1000162398'),(313,'Passenger20','Contact1000469380'),(314,'Passenger78','Contact1000456633'),(315,'Passenger97','Contact1000451621'),(316,'Passenger37','Contact1000471100'),(317,'Passenger26','Contact1000886327'),(318,'Passenger66','Contact1000600307'),(319,'Passenger5','Contact1000428892'),(320,'Passenger1','Contact1000746188'),(321,'Passenger72','Contact1000317556'),(322,'Passenger46','Contact1000317883'),(323,'Passenger23','Contact1000181767'),(324,'Passenger23','Contact1000592638'),(325,'Passenger29','Contact1000624214'),(326,'Passenger28','Contact1000526333'),(327,'Passenger80','Contact1000382398');
/*!40000 ALTER TABLE `passenger` ENABLE KEYS */;
UNLOCK TABLES;

--
-- Table structure for table `payment`
--

DROP TABLE IF EXISTS `payment`;
/*!40101 SET @saved_cs_client     = @@character_set_client */;
/*!50503 SET character_set_client = utf8mb4 */;
CREATE TABLE `payment` (
  `payment_id` int NOT NULL AUTO_INCREMENT,
  `ticket_id` int DEFAULT NULL,
  `amount` decimal(10,2) DEFAULT NULL,
  `payment_time` datetime DEFAULT NULL,
  PRIMARY KEY (`payment_id`),
  KEY `ticket_id` (`ticket_id`),
  CONSTRAINT `payment_ibfk_1` FOREIGN KEY (`ticket_id`) REFERENCES `ticket` (`ticket_id`) ON DELETE CASCADE
) ENGINE=InnoDB AUTO_INCREMENT=2175 DEFAULT CHARSET=utf8mb4 COLLATE=utf8mb4_0900_ai_ci;
/*!40101 SET character_set_client = @saved_cs_client */;

--
-- Dumping data for table `payment`
--

LOCK TABLES `payment` WRITE;
/*!40000 ALTER TABLE `payment` DISABLE KEYS */;
INSERT INTO `payment` VALUES (1,1,290.00,'2024-05-11 01:28:45'),(2,2,460.00,'2024-05-19 01:28:45'),(3,3,470.00,'2024-05-06 01:28:45'),(4,4,100.00,'2024-05-16 01:28:45'),(5,5,290.00,'2024-05-23 01:28:45'),(6,6,270.00,'2024-05-15 01:28:45'),(7,7,430.00,'2024-05-21 01:28:45'),(8,8,140.00,'2024-05-13 01:28:45'),(9,9,50.00,'2024-05-13 01:28:45'),(10,10,250.00,'2024-05-29 01:28:45'),(11,11,370.00,'2024-05-08 01:28:45'),(12,12,90.00,'2024-04-30 01:28:45'),(13,13,110.00,'2024-05-10 01:28:45'),(14,14,330.00,'2024-05-19 01:28:45'),(15,15,370.00,'2024-05-15 01:28:45'),(16,16,190.00,'2024-05-27 01:28:45'),(17,17,120.00,'2024-05-06 01:28:45'),(18,18,470.00,'2024-05-19 01:28:45'),(19,19,220.00,'2024-05-14 01:28:45'),(20,20,280.00,'2024-05-16 01:28:45'),(21,21,410.00,'2024-05-11 01:28:45'),(22,22,400.00,'2024-05-15 01:28:45'),(23,23,250.00,'2024-05-08 01:28:45'),(24,24,370.00,'2024-05-23 01:28:45'),(25,25,440.00,'2024-05-02 01:28:45'),(26,26,250.00,'2024-05-30 01:28:45'),(27,27,100.00,'2024-05-19 01:28:45'),(28,28,200.00,'2024-05-18 01:28:45'),(29,29,170.00,'2024-06-03 01:28:45'),(30,30,290.00,'2024-05-21 01:28:45'),(31,31,260.00,'2024-05-05 01:28:45'),(32,32,290.00,'2024-06-03 01:28:45'),(33,33,300.00,'2024-05-05 01:28:45'),(34,34,450.00,'2024-05-11 01:28:45'),(35,35,480.00,'2024-05-07 01:28:45'),(36,36,240.00,'2024-05-18 01:28:45'),(37,37,500.00,'2024-05-27 01:28:45'),(38,38,470.00,'2024-05-01 01:28:45'),(39,39,290.00,'2024-05-17 01:28:45'),(40,40,180.00,'2024-05-14 01:28:45'),(41,41,40.00,'2024-05-20 01:28:45'),(42,42,320.00,'2024-05-06 01:28:45'),(43,43,320.00,'2024-05-23 01:28:45'),(44,44,210.00,'2024-05-28 01:28:45'),(45,45,310.00,'2024-06-03 01:28:45'),(46,46,210.00,'2024-05-13 01:28:45'),(47,47,90.00,'2024-05-08 01:28:45'),(48,48,10.00,'2024-05-27 01:28:45'),(49,49,350.00,'2024-05-13 01:28:45'),(50,50,10.00,'2024-05-13 01:28:45'),(51,51,120.00,'2024-05-12 01:28:45'),(52,52,290.00,'2024-05-17 01:28:45'),(53,53,90.00,'2024-05-27 01:28:45'),(54,54,340.00,'2024-05-27 01:28:45'),(55,55,310.00,'2024-05-11 01:28:45'),(56,56,270.00,'2024-05-18 01:28:45'),(57,57,90.00,'2024-05-22 01:28:45'),(58,58,220.00,'2024-05-26 01:28:45'),(59,59,110.00,'2024-05-28 01:28:45'),(60,60,260.00,'2024-05-25 01:28:45'),(61,61,220.00,'2024-05-18 01:28:45'),(62,62,180.00,'2024-05-27 01:28:45'),(63,63,220.00,'2024-06-04 01:28:45'),(64,64,300.00,'2024-05-24 01:28:45'),(65,65,410.00,'2024-05-15 01:28:45'),(66,66,150.00,'2024-05-07 01:28:45'),(67,67,390.00,'2024-05-29 01:28:45'),(68,68,440.00,'2024-05-18 01:28:45'),(69,69,30.00,'2024-05-19 01:28:45'),(70,70,180.00,'2024-05-21 01:28:45'),(71,71,330.00,'2024-05-17 01:28:45'),(72,72,320.00,'2024-05-21 01:28:45'),(73,73,30.00,'2024-05-13 01:28:45'),(74,74,480.00,'2024-05-26 01:28:45'),(75,75,480.00,'2024-05-26 01:28:45'),(76,76,110.00,'2024-05-10 01:28:45'),(77,77,470.00,'2024-05-06 01:28:45'),(78,78,230.00,'2024-05-20 01:28:45'),(79,79,490.00,'2024-05-15 01:28:45'),(80,80,500.00,'2024-05-26 01:28:45'),(81,81,290.00,'2024-05-22 01:28:45'),(82,82,360.00,'2024-05-30 01:28:45'),(83,83,370.00,'2024-05-11 01:28:45'),(84,84,60.00,'2024-05-10 01:28:45'),(85,85,480.00,'2024-05-15 01:28:45'),(86,86,330.00,'2024-05-22 01:28:45'),(87,87,130.00,'2024-06-04 01:28:45'),(88,88,230.00,'2024-05-29 01:28:45'),(89,89,310.00,'2024-06-03 01:28:45'),(90,90,120.00,'2024-05-05 01:28:45'),(91,91,260.00,'2024-05-19 01:28:45'),(92,92,380.00,'2024-05-17 01:28:45'),(93,93,430.00,'2024-05-22 01:28:45'),(94,94,400.00,'2024-05-27 01:28:45'),(95,95,440.00,'2024-05-22 01:28:45'),(96,96,440.00,'2024-05-20 01:28:45'),(97,97,460.00,'2024-05-16 01:28:45'),(98,98,350.00,'2024-05-25 01:28:45'),(99,99,170.00,'2024-05-05 01:28:45'),(100,100,350.00,'2024-05-19 01:28:45'),(128,1,290.00,'2024-05-20 01:28:45'),(129,2,460.00,'2024-05-21 01:28:45'),(130,3,470.00,'2024-05-08 01:28:45'),(131,4,100.00,'2024-05-14 01:28:45'),(132,5,290.00,'2024-05-22 01:28:45'),(133,6,270.00,'2024-05-21 01:28:45'),(134,7,430.00,'2024-05-30 01:28:45'),(135,8,140.00,'2024-05-04 01:28:45'),(136,9,50.00,'2024-05-06 01:28:45'),(137,10,250.00,'2024-06-03 01:28:45'),(138,11,370.00,'2024-05-10 01:28:45'),(139,12,90.00,'2024-05-09 01:28:45'),(140,13,110.00,'2024-05-17 01:28:45'),(141,14,330.00,'2024-05-25 01:28:45'),(142,15,370.00,'2024-05-15 01:28:45'),(143,16,190.00,'2024-05-29 01:28:45'),(144,17,120.00,'2024-05-04 01:28:45'),(145,18,470.00,'2024-05-15 01:28:45'),(146,19,220.00,'2024-05-08 01:28:45'),(147,20,280.00,'2024-05-09 01:28:45'),(148,21,410.00,'2024-05-15 01:28:45'),(149,22,400.00,'2024-05-16 01:28:45'),(150,23,250.00,'2024-05-10 01:28:45'),(151,24,370.00,'2024-05-19 01:28:45'),(152,25,440.00,'2024-05-04 01:28:45'),(153,26,250.00,'2024-05-25 01:28:45'),(154,27,100.00,'2024-05-20 01:28:45'),(155,28,200.00,'2024-05-16 01:28:45'),(156,29,170.00,'2024-05-28 01:28:45'),(157,30,290.00,'2024-05-20 01:28:45'),(158,31,260.00,'2024-05-06 01:28:45'),(159,32,290.00,'2024-06-03 01:28:45'),(160,33,300.00,'2024-05-02 01:28:45'),(161,34,450.00,'2024-05-09 01:28:45'),(162,35,480.00,'2024-05-12 01:28:45'),(163,36,240.00,'2024-05-22 01:28:45'),(164,37,500.00,'2024-05-22 01:28:45'),(165,38,470.00,'2024-05-04 01:28:45'),(166,39,290.00,'2024-05-14 01:28:45'),(167,40,180.00,'2024-05-14 01:28:45'),(168,41,40.00,'2024-05-19 01:28:45'),(169,42,320.00,'2024-05-10 01:28:45'),(170,43,320.00,'2024-05-19 01:28:45'),(171,44,210.00,'2024-05-23 01:28:45'),(172,45,310.00,'2024-06-01 01:28:45'),(173,46,210.00,'2024-05-14 01:28:45'),(174,47,90.00,'2024-05-12 01:28:45'),(175,48,10.00,'2024-05-24 01:28:45'),(176,49,350.00,'2024-05-20 01:28:45'),(177,50,10.00,'2024-05-10 01:28:45'),(178,51,120.00,'2024-05-11 01:28:45'),(179,52,290.00,'2024-05-11 01:28:45'),(180,53,90.00,'2024-05-30 01:28:45'),(181,54,340.00,'2024-05-20 01:28:45'),(182,55,310.00,'2024-05-07 01:28:45'),(183,56,270.00,'2024-05-19 01:28:45'),(184,57,90.00,'2024-05-21 01:28:45'),(185,58,220.00,'2024-05-26 01:28:45'),(186,59,110.00,'2024-06-01 01:28:45'),(187,60,260.00,'2024-05-22 01:28:45'),(188,61,220.00,'2024-05-14 01:28:45'),(189,62,180.00,'2024-05-24 01:28:45'),(190,63,220.00,'2024-06-03 01:28:45'),(191,64,300.00,'2024-05-19 01:28:45'),(192,65,410.00,'2024-05-11 01:28:45'),(193,66,150.00,'2024-05-12 01:28:45'),(194,67,390.00,'2024-06-03 01:28:45'),(195,68,440.00,'2024-05-10 01:28:45'),(196,69,30.00,'2024-05-22 01:28:45'),(197,70,180.00,'2024-05-23 01:28:45'),(198,71,330.00,'2024-05-15 01:28:45'),(199,72,320.00,'2024-05-17 01:28:45'),(200,73,30.00,'2024-05-06 01:28:45'),(201,74,480.00,'2024-06-02 01:28:45'),(202,75,480.00,'2024-05-27 01:28:45'),(203,76,110.00,'2024-05-02 01:28:45'),(204,77,470.00,'2024-05-03 01:28:45'),(205,78,230.00,'2024-05-27 01:28:45'),(206,79,490.00,'2024-05-12 01:28:45'),(207,80,500.00,'2024-05-18 01:28:45'),(208,81,290.00,'2024-05-23 01:28:45'),(209,82,360.00,'2024-06-07 01:28:45'),(210,83,370.00,'2024-05-09 01:28:45'),(211,84,60.00,'2024-05-06 01:28:45'),(212,85,480.00,'2024-05-11 01:28:45'),(213,86,330.00,'2024-05-24 01:28:45'),(214,87,130.00,'2024-05-29 01:28:45'),(215,88,230.00,'2024-05-29 01:28:45'),(216,89,310.00,'2024-06-04 01:28:45'),(217,90,120.00,'2024-05-06 01:28:45'),(218,91,260.00,'2024-05-16 01:28:45'),(219,92,380.00,'2024-05-23 01:28:45'),(220,93,430.00,'2024-05-17 01:28:45'),(221,94,400.00,'2024-05-31 01:28:45'),(222,95,440.00,'2024-05-28 01:28:45'),(223,96,440.00,'2024-05-16 01:28:45'),(224,97,460.00,'2024-05-18 01:28:45'),(225,98,350.00,'2024-05-31 01:28:45'),(226,99,170.00,'2024-05-07 01:28:45'),(227,100,350.00,'2024-05-19 01:28:45'),(228,128,470.00,'2024-05-15 01:50:26'),(229,129,500.00,'2024-05-28 01:50:26'),(230,130,220.00,'2024-05-28 01:50:26'),(231,131,90.00,'2024-05-06 01:50:26'),(232,132,190.00,'2024-05-10 01:50:26'),(233,133,240.00,'2024-05-14 01:50:26'),(234,134,240.00,'2024-05-19 01:50:26'),(235,135,420.00,'2024-06-03 01:50:26'),(236,136,180.00,'2024-05-23 01:50:26'),(237,137,70.00,'2024-05-03 01:50:26'),(238,138,220.00,'2024-05-25 01:50:26'),(239,139,10.00,'2024-05-29 01:50:26'),(240,140,150.00,'2024-05-17 01:50:26'),(241,141,140.00,'2024-05-24 01:50:26'),(242,142,300.00,'2024-05-21 01:50:26'),(243,143,420.00,'2024-05-11 01:50:26'),(244,144,310.00,'2024-06-01 01:50:26'),(245,145,30.00,'2024-05-10 01:50:26'),(246,146,240.00,'2024-05-30 01:50:26'),(247,147,310.00,'2024-05-27 01:50:26'),(248,148,70.00,'2024-05-21 01:50:26'),(249,149,30.00,'2024-05-09 01:50:26'),(250,150,320.00,'2024-05-05 01:50:26'),(251,151,240.00,'2024-05-10 01:50:26'),(252,152,90.00,'2024-05-16 01:50:26'),(253,153,60.00,'2024-05-22 01:50:26'),(254,154,320.00,'2024-05-06 01:50:26'),(255,155,430.00,'2024-05-21 01:50:26'),(256,156,230.00,'2024-05-30 01:50:26'),(257,157,400.00,'2024-05-09 01:50:26'),(258,158,90.00,'2024-05-29 01:50:26'),(259,159,500.00,'2024-05-10 01:50:26'),(260,160,150.00,'2024-05-19 01:50:26'),(261,161,390.00,'2024-05-21 01:50:26'),(262,162,30.00,'2024-05-17 01:50:26'),(263,163,40.00,'2024-05-07 01:50:26'),(264,164,360.00,'2024-05-14 01:50:26'),(265,165,20.00,'2024-05-30 01:50:26'),(266,166,20.00,'2024-05-19 01:50:26'),(267,167,220.00,'2024-05-11 01:50:26'),(268,168,20.00,'2024-05-31 01:50:26'),(269,169,390.00,'2024-05-22 01:50:26'),(270,170,100.00,'2024-05-29 01:50:26'),(271,171,460.00,'2024-05-27 01:50:26'),(272,172,220.00,'2024-05-17 01:50:26'),(273,173,30.00,'2024-05-10 01:50:26'),(274,174,30.00,'2024-05-12 01:50:26'),(275,175,210.00,'2024-05-07 01:50:26'),(276,176,160.00,'2024-05-09 01:50:26'),(277,177,60.00,'2024-05-28 01:50:26'),(278,178,200.00,'2024-05-18 01:50:26'),(279,179,150.00,'2024-06-05 01:50:26'),(280,180,90.00,'2024-05-13 01:50:26'),(281,181,340.00,'2024-05-08 01:50:26'),(282,182,10.00,'2024-05-13 01:50:26'),(283,183,30.00,'2024-05-26 01:50:26'),(284,184,420.00,'2024-05-02 01:50:26'),(285,185,160.00,'2024-05-12 01:50:26'),(286,186,280.00,'2024-05-15 01:50:26'),(287,187,320.00,'2024-05-28 01:50:26'),(288,188,470.00,'2024-05-27 01:50:26'),(289,189,470.00,'2024-05-22 01:50:26'),(290,190,200.00,'2024-05-29 01:50:26'),(291,191,500.00,'2024-05-30 01:50:26'),(292,192,230.00,'2024-05-26 01:50:26'),(293,193,260.00,'2024-05-20 01:50:26'),(294,194,290.00,'2024-05-12 01:50:26'),(295,195,180.00,'2024-05-11 01:50:26'),(296,196,190.00,'2024-05-29 01:50:26'),(297,197,450.00,'2024-05-08 01:50:26'),(298,198,320.00,'2024-05-17 01:50:26'),(299,199,470.00,'2024-05-30 01:50:26'),(300,200,100.00,'2024-05-04 01:50:26'),(301,201,30.00,'2024-05-22 01:50:26'),(302,202,100.00,'2024-05-17 01:50:26'),(303,203,20.00,'2024-05-12 01:50:26'),(304,204,20.00,'2024-05-27 01:50:26'),(305,205,220.00,'2024-05-24 01:50:26'),(306,206,490.00,'2024-06-04 01:50:26'),(307,207,230.00,'2024-06-03 01:50:26'),(308,208,360.00,'2024-05-15 01:50:26'),(309,209,250.00,'2024-05-04 01:50:26'),(310,210,470.00,'2024-05-03 01:50:26'),(311,211,60.00,'2024-05-16 01:50:26'),(312,212,330.00,'2024-05-16 01:50:26'),(313,213,140.00,'2024-05-29 01:50:26'),(314,214,110.00,'2024-05-29 01:50:26'),(315,215,370.00,'2024-05-23 01:50:26'),(316,216,20.00,'2024-05-08 01:50:26'),(317,217,430.00,'2024-05-09 01:50:26'),(318,218,20.00,'2024-05-19 01:50:26'),(319,219,430.00,'2024-05-31 01:50:26'),(320,220,440.00,'2024-06-01 01:50:26'),(321,221,460.00,'2024-05-23 01:50:26'),(322,222,220.00,'2024-05-17 01:50:26'),(323,223,50.00,'2024-05-30 01:50:26'),(324,224,410.00,'2024-04-30 01:50:26'),(325,225,280.00,'2024-05-14 01:50:26'),(326,226,160.00,'2024-06-04 01:50:26'),(327,227,360.00,'2024-05-24 01:50:26'),(328,228,420.00,'2024-05-20 01:50:26'),(329,229,110.00,'2024-05-20 01:50:26'),(330,230,220.00,'2024-05-08 01:50:26'),(331,231,250.00,'2024-05-17 01:50:26'),(332,232,180.00,'2024-05-30 01:50:26'),(333,233,70.00,'2024-05-19 01:50:26'),(334,234,130.00,'2024-05-08 01:50:26'),(335,235,380.00,'2024-05-13 01:50:26'),(336,236,40.00,'2024-05-22 01:50:26'),(337,237,240.00,'2024-05-22 01:50:26'),(338,238,250.00,'2024-05-30 01:50:26'),(339,239,500.00,'2024-05-30 01:50:26'),(340,240,240.00,'2024-05-29 01:50:26'),(341,241,440.00,'2024-05-27 01:50:26'),(342,242,230.00,'2024-05-19 01:50:26'),(343,243,420.00,'2024-05-23 01:50:26'),(344,244,350.00,'2024-05-11 01:50:26'),(345,245,230.00,'2024-05-30 01:50:26'),(346,246,200.00,'2024-05-17 01:50:26'),(347,247,120.00,'2024-05-12 01:50:26'),(348,248,440.00,'2024-05-25 01:50:26'),(349,249,300.00,'2024-05-28 01:50:26'),(350,250,230.00,'2024-05-15 01:50:26'),(351,251,90.00,'2024-05-26 01:50:26'),(352,252,110.00,'2024-05-30 01:50:26'),(353,253,230.00,'2024-05-31 01:50:26'),(354,254,300.00,'2024-05-20 01:50:26'),(355,255,120.00,'2024-05-04 01:50:26'),(356,256,80.00,'2024-05-04 01:50:26'),(357,257,380.00,'2024-05-31 01:50:26'),(358,258,440.00,'2024-05-11 01:50:26'),(359,259,420.00,'2024-06-04 01:50:26'),(360,260,450.00,'2024-05-26 01:50:26'),(361,261,320.00,'2024-05-24 01:50:26'),(362,262,430.00,'2024-05-26 01:50:26'),(363,263,190.00,'2024-05-26 01:50:26'),(364,264,280.00,'2024-05-07 01:50:26'),(365,265,20.00,'2024-05-01 01:50:26'),(366,266,340.00,'2024-05-15 01:50:26'),(367,267,280.00,'2024-05-30 01:50:26'),(368,268,100.00,'2024-05-18 01:50:26'),(369,269,410.00,'2024-05-11 01:50:26'),(370,270,350.00,'2024-05-13 01:50:26'),(371,271,490.00,'2024-06-07 01:50:26'),(372,272,120.00,'2024-06-05 01:50:26'),(373,273,330.00,'2024-05-31 01:50:26'),(374,274,60.00,'2024-05-13 01:50:26'),(375,275,220.00,'2024-05-18 01:50:26'),(376,276,150.00,'2024-05-06 01:50:26'),(377,277,240.00,'2024-05-14 01:50:26'),(378,278,190.00,'2024-05-14 01:50:26'),(379,279,340.00,'2024-05-13 01:50:26'),(380,280,230.00,'2024-05-31 01:50:26'),(381,281,350.00,'2024-05-14 01:50:26'),(382,282,40.00,'2024-05-06 01:50:26'),(383,283,20.00,'2024-05-13 01:50:26'),(384,284,20.00,'2024-05-25 01:50:26'),(385,285,230.00,'2024-05-20 01:50:26'),(386,286,90.00,'2024-05-06 01:50:26'),(387,287,80.00,'2024-05-01 01:50:26'),(388,288,170.00,'2024-05-06 01:50:26'),(389,289,60.00,'2024-05-31 01:50:26'),(390,290,500.00,'2024-05-10 01:50:26'),(391,291,10.00,'2024-05-18 01:50:26'),(392,292,70.00,'2024-05-08 01:50:26'),(393,293,160.00,'2024-05-23 01:50:26'),(394,294,430.00,'2024-06-01 01:50:26'),(395,295,230.00,'2024-05-13 01:50:26'),(396,296,350.00,'2024-05-12 01:50:26'),(397,297,60.00,'2024-05-14 01:50:26'),(398,298,450.00,'2024-05-20 01:50:26'),(399,299,410.00,'2024-05-16 01:50:26'),(400,300,250.00,'2024-05-12 01:50:26'),(401,301,40.00,'2024-06-01 01:50:26'),(402,302,450.00,'2024-05-07 01:50:26'),(403,303,170.00,'2024-05-26 01:50:26'),(404,304,160.00,'2024-05-14 01:50:26'),(405,305,450.00,'2024-05-27 01:50:26'),(406,306,30.00,'2024-05-06 01:50:26'),(407,307,450.00,'2024-05-07 01:50:26'),(408,308,170.00,'2024-05-12 01:50:26'),(409,309,120.00,'2024-06-01 01:50:26'),(410,310,240.00,'2024-05-20 01:50:26'),(411,311,370.00,'2024-05-06 01:50:26'),(412,312,430.00,'2024-05-14 01:50:26'),(413,313,230.00,'2024-05-14 01:50:26'),(414,314,410.00,'2024-05-22 01:50:26'),(415,315,140.00,'2024-05-16 01:50:26'),(416,316,490.00,'2024-05-22 01:50:26'),(417,317,410.00,'2024-05-24 01:50:26'),(418,318,370.00,'2024-05-20 01:50:26'),(419,319,250.00,'2024-05-17 01:50:26'),(420,320,440.00,'2024-05-02 01:50:26'),(421,321,490.00,'2024-05-30 01:50:26'),(422,322,380.00,'2024-05-23 01:50:26'),(423,323,300.00,'2024-05-05 01:50:26'),(424,324,170.00,'2024-05-31 01:50:26'),(425,325,440.00,'2024-05-07 01:50:26'),(426,326,260.00,'2024-05-28 01:50:26'),(427,327,20.00,'2024-05-08 01:50:26'),(428,328,60.00,'2024-05-05 01:50:26'),(429,329,300.00,'2024-06-01 01:50:26'),(430,330,210.00,'2024-05-05 01:50:26'),(431,331,300.00,'2024-05-30 01:50:26'),(432,332,230.00,'2024-06-02 01:50:26'),(433,333,70.00,'2024-05-25 01:50:26'),(434,334,160.00,'2024-05-12 01:50:26'),(435,335,470.00,'2024-05-04 01:50:26'),(436,336,460.00,'2024-05-12 01:50:26'),(437,337,420.00,'2024-06-03 01:50:26'),(438,338,330.00,'2024-05-26 01:50:26'),(439,339,460.00,'2024-06-03 01:50:26'),(440,340,260.00,'2024-05-21 01:50:26'),(441,341,220.00,'2024-04-30 01:50:26'),(442,342,340.00,'2024-05-19 01:50:26'),(443,343,410.00,'2024-04-30 01:50:26'),(444,344,230.00,'2024-05-21 01:50:26'),(445,345,140.00,'2024-05-25 01:50:26'),(446,346,70.00,'2024-05-18 01:50:26'),(447,347,30.00,'2024-05-07 01:50:26'),(448,348,450.00,'2024-06-02 01:50:26'),(449,349,190.00,'2024-05-06 01:50:26'),(450,350,40.00,'2024-05-13 01:50:26'),(451,351,20.00,'2024-05-10 01:50:26'),(452,352,50.00,'2024-05-18 01:50:26'),(453,353,230.00,'2024-05-14 01:50:26'),(454,354,390.00,'2024-05-29 01:50:26'),(455,355,340.00,'2024-05-21 01:50:26'),(456,356,400.00,'2024-05-04 01:50:26'),(457,357,430.00,'2024-05-11 01:50:26'),(458,358,50.00,'2024-05-30 01:50:26'),(459,359,80.00,'2024-05-07 01:50:26'),(460,360,80.00,'2024-05-29 01:50:26'),(461,361,290.00,'2024-05-08 01:50:26'),(462,362,260.00,'2024-05-02 01:50:26'),(463,363,240.00,'2024-05-25 01:50:26'),(464,364,150.00,'2024-05-23 01:50:26'),(465,365,220.00,'2024-05-15 01:50:26'),(466,366,180.00,'2024-05-16 01:50:26'),(467,367,500.00,'2024-06-01 01:50:26'),(468,368,320.00,'2024-05-09 01:50:26'),(469,369,490.00,'2024-05-22 01:50:26'),(470,370,430.00,'2024-05-19 01:50:26'),(471,371,180.00,'2024-05-28 01:50:26'),(472,372,60.00,'2024-05-23 01:50:26'),(473,373,410.00,'2024-05-09 01:50:26'),(474,374,230.00,'2024-05-09 01:50:26'),(475,375,180.00,'2024-05-10 01:50:26'),(476,376,370.00,'2024-05-09 01:50:26'),(477,377,330.00,'2024-05-09 01:50:26'),(478,378,320.00,'2024-05-24 01:50:26'),(479,379,100.00,'2024-05-12 01:50:26'),(480,380,30.00,'2024-05-30 01:50:26'),(481,381,90.00,'2024-05-18 01:50:26'),(482,382,320.00,'2024-05-30 01:50:26'),(483,383,300.00,'2024-06-04 01:50:26'),(484,384,210.00,'2024-05-04 01:50:26'),(485,385,200.00,'2024-05-26 01:50:26'),(486,386,480.00,'2024-06-06 01:50:26'),(487,387,170.00,'2024-05-14 01:50:26'),(488,388,420.00,'2024-05-17 01:50:26'),(489,389,350.00,'2024-05-27 01:50:26'),(490,390,290.00,'2024-05-20 01:50:26'),(491,391,370.00,'2024-05-29 01:50:26'),(492,392,320.00,'2024-05-13 01:50:26'),(493,393,230.00,'2024-05-28 01:50:26'),(494,394,30.00,'2024-05-22 01:50:26'),(495,395,370.00,'2024-05-22 01:50:26'),(496,396,300.00,'2024-05-26 01:50:26'),(497,397,310.00,'2024-05-30 01:50:26'),(498,398,130.00,'2024-05-12 01:50:26'),(499,399,130.00,'2024-05-25 01:50:26'),(500,400,220.00,'2024-05-10 01:50:26'),(501,401,40.00,'2024-05-15 01:50:26'),(502,402,220.00,'2024-05-05 01:50:26'),(503,403,280.00,'2024-05-09 01:50:26'),(504,404,310.00,'2024-05-16 01:50:26'),(505,405,330.00,'2024-05-10 01:50:26'),(506,406,350.00,'2024-05-28 01:50:26'),(507,407,120.00,'2024-05-22 01:50:26'),(508,408,130.00,'2024-05-31 01:50:26'),(509,409,340.00,'2024-06-03 01:50:26'),(510,410,200.00,'2024-05-10 01:50:26'),(511,411,280.00,'2024-05-19 01:50:26'),(512,412,360.00,'2024-06-03 01:50:26'),(513,413,290.00,'2024-05-21 01:50:26'),(514,414,190.00,'2024-05-14 01:50:26'),(515,415,70.00,'2024-05-16 01:50:26'),(516,416,20.00,'2024-05-31 01:50:26'),(517,417,290.00,'2024-05-24 01:50:26'),(518,418,220.00,'2024-05-10 01:50:26'),(519,419,130.00,'2024-05-24 01:50:26'),(520,420,330.00,'2024-05-09 01:50:26'),(521,421,500.00,'2024-05-20 01:50:26'),(522,422,480.00,'2024-05-31 01:50:26'),(523,423,80.00,'2024-05-12 01:50:26'),(524,424,240.00,'2024-05-06 01:50:26'),(525,425,190.00,'2024-06-07 01:50:26'),(526,426,480.00,'2024-05-16 01:50:26'),(527,427,360.00,'2024-05-21 01:50:26'),(528,428,420.00,'2024-05-04 01:50:26'),(529,429,200.00,'2024-05-29 01:50:26'),(530,430,430.00,'2024-05-30 01:50:26'),(531,431,410.00,'2024-05-28 01:50:26'),(532,432,320.00,'2024-05-20 01:50:26'),(533,433,420.00,'2024-05-17 01:50:26'),(534,434,480.00,'2024-05-27 01:50:26'),(535,435,370.00,'2024-05-12 01:50:26'),(536,436,50.00,'2024-05-15 01:50:26'),(537,437,90.00,'2024-05-20 01:50:26'),(538,438,230.00,'2024-05-28 01:50:26'),(539,439,10.00,'2024-05-15 01:50:26'),(540,440,500.00,'2024-05-15 01:50:26'),(541,441,430.00,'2024-05-20 01:50:26'),(542,442,200.00,'2024-05-26 01:50:26'),(543,443,340.00,'2024-05-07 01:50:26'),(544,444,70.00,'2024-06-01 01:50:26'),(545,445,170.00,'2024-05-23 01:50:26'),(546,446,70.00,'2024-04-30 01:50:26'),(547,447,260.00,'2024-05-13 01:50:26'),(548,448,260.00,'2024-05-18 01:50:26'),(549,449,480.00,'2024-05-19 01:50:26'),(550,450,200.00,'2024-06-06 01:50:26'),(551,451,430.00,'2024-05-26 01:50:26'),(552,452,330.00,'2024-05-19 01:50:26'),(553,453,410.00,'2024-05-27 01:50:26'),(554,454,180.00,'2024-05-10 01:50:26'),(555,455,270.00,'2024-05-22 01:50:26'),(556,456,360.00,'2024-05-31 01:50:26'),(557,457,400.00,'2024-05-26 01:50:26'),(558,458,240.00,'2024-05-27 01:50:26'),(559,459,460.00,'2024-05-10 01:50:26'),(560,460,10.00,'2024-05-08 01:50:26'),(561,461,500.00,'2024-05-19 01:50:26'),(562,462,410.00,'2024-05-19 01:50:26'),(563,463,240.00,'2024-05-28 01:50:26'),(564,464,400.00,'2024-05-29 01:50:26'),(565,465,420.00,'2024-05-17 01:50:26'),(566,466,280.00,'2024-05-13 01:50:26'),(567,467,60.00,'2024-05-11 01:50:26'),(568,468,70.00,'2024-06-01 01:50:26'),(569,469,310.00,'2024-05-01 01:50:26'),(570,470,100.00,'2024-05-08 01:50:26'),(571,471,110.00,'2024-05-27 01:50:26'),(572,472,100.00,'2024-05-23 01:50:26'),(573,473,410.00,'2024-05-15 01:50:26'),(574,474,390.00,'2024-05-03 01:50:26'),(575,475,100.00,'2024-05-27 01:50:26'),(576,476,420.00,'2024-05-21 01:50:26'),(577,477,20.00,'2024-05-30 01:50:26'),(578,478,460.00,'2024-05-08 01:50:26'),(579,479,110.00,'2024-06-02 01:50:26'),(580,480,290.00,'2024-05-15 01:50:26'),(581,481,30.00,'2024-06-05 01:50:26'),(582,482,460.00,'2024-05-15 01:50:26'),(583,483,490.00,'2024-06-01 01:50:26'),(584,484,120.00,'2024-05-23 01:50:26'),(585,485,390.00,'2024-05-22 01:50:26'),(586,486,230.00,'2024-05-27 01:50:26'),(587,487,340.00,'2024-05-07 01:50:26'),(588,488,340.00,'2024-06-04 01:50:26'),(589,489,260.00,'2024-05-22 01:50:26'),(590,490,390.00,'2024-06-03 01:50:26'),(591,491,110.00,'2024-05-17 01:50:26'),(592,492,500.00,'2024-05-08 01:50:26'),(593,493,460.00,'2024-05-26 01:50:26'),(594,494,170.00,'2024-05-29 01:50:26'),(595,495,30.00,'2024-05-25 01:50:26'),(596,496,430.00,'2024-05-17 01:50:26'),(597,497,300.00,'2024-05-31 01:50:26'),(598,498,410.00,'2024-05-10 01:50:26'),(599,499,450.00,'2024-05-21 01:50:26'),(600,500,350.00,'2024-05-29 01:50:26'),(601,501,20.00,'2024-05-29 01:50:26'),(602,502,290.00,'2024-05-17 01:50:26'),(603,503,240.00,'2024-05-30 01:50:26'),(604,504,430.00,'2024-06-03 01:50:26'),(605,505,490.00,'2024-05-17 01:50:26'),(606,506,400.00,'2024-05-27 01:50:26'),(607,507,150.00,'2024-05-17 01:50:26'),(608,508,190.00,'2024-05-22 01:50:26'),(609,509,230.00,'2024-05-13 01:50:26'),(610,510,110.00,'2024-05-05 01:50:26'),(611,511,50.00,'2024-05-18 01:50:26'),(612,512,300.00,'2024-05-23 01:50:26'),(613,513,210.00,'2024-05-21 01:50:26'),(614,514,250.00,'2024-05-23 01:50:26'),(615,515,300.00,'2024-05-10 01:50:26'),(616,516,490.00,'2024-05-12 01:50:26'),(617,517,80.00,'2024-05-05 01:50:26'),(618,518,110.00,'2024-05-23 01:50:26'),(619,519,280.00,'2024-05-28 01:50:26'),(620,520,300.00,'2024-05-12 01:50:26'),(621,521,160.00,'2024-06-02 01:50:26'),(622,522,280.00,'2024-05-24 01:50:26'),(623,523,410.00,'2024-05-20 01:50:26'),(624,524,150.00,'2024-05-14 01:50:26'),(625,525,80.00,'2024-05-24 01:50:26'),(626,526,140.00,'2024-05-20 01:50:26'),(627,527,360.00,'2024-05-15 01:50:26'),(628,528,80.00,'2024-05-11 01:50:26'),(629,529,290.00,'2024-05-20 01:50:26'),(630,530,240.00,'2024-06-01 01:50:26'),(631,531,440.00,'2024-05-31 01:50:26'),(632,532,200.00,'2024-05-26 01:50:26'),(633,533,280.00,'2024-05-08 01:50:26'),(634,534,10.00,'2024-05-08 01:50:26'),(635,535,120.00,'2024-05-20 01:50:26'),(636,536,170.00,'2024-05-10 01:50:26'),(637,537,80.00,'2024-05-27 01:50:26'),(638,538,420.00,'2024-05-22 01:50:26'),(639,539,180.00,'2024-05-20 01:50:26'),(640,540,50.00,'2024-05-21 01:50:26'),(641,541,250.00,'2024-05-09 01:50:26'),(642,542,320.00,'2024-05-14 01:50:26'),(643,543,300.00,'2024-05-07 01:50:26'),(644,544,210.00,'2024-05-15 01:50:26'),(645,545,310.00,'2024-05-24 01:50:26'),(646,546,460.00,'2024-05-19 01:50:26'),(647,547,450.00,'2024-05-03 01:50:26'),(648,548,350.00,'2024-05-12 01:50:26'),(649,549,20.00,'2024-05-13 01:50:26'),(650,550,140.00,'2024-05-21 01:50:26'),(651,551,480.00,'2024-05-18 01:50:26'),(652,552,310.00,'2024-05-08 01:50:26'),(653,553,40.00,'2024-05-21 01:50:26'),(654,554,470.00,'2024-05-26 01:50:26'),(655,555,10.00,'2024-05-02 01:50:26'),(656,556,430.00,'2024-05-22 01:50:26'),(657,557,450.00,'2024-05-21 01:50:26'),(658,558,100.00,'2024-05-23 01:50:26'),(659,559,250.00,'2024-05-09 01:50:26'),(660,560,330.00,'2024-05-07 01:50:26'),(661,561,500.00,'2024-05-15 01:50:26'),(662,562,10.00,'2024-05-30 01:50:26'),(663,563,210.00,'2024-05-26 01:50:26'),(664,564,320.00,'2024-05-14 01:50:26'),(665,565,200.00,'2024-05-03 01:50:26'),(666,566,380.00,'2024-05-11 01:50:26'),(667,567,430.00,'2024-05-06 01:50:26'),(668,568,220.00,'2024-05-09 01:50:26'),(669,569,260.00,'2024-05-21 01:50:26'),(670,570,430.00,'2024-05-21 01:50:26'),(671,571,260.00,'2024-05-21 01:50:26'),(672,572,480.00,'2024-05-10 01:50:26'),(673,573,350.00,'2024-05-10 01:50:26'),(674,574,160.00,'2024-05-16 01:50:26'),(675,575,440.00,'2024-05-10 01:50:26'),(676,576,310.00,'2024-05-30 01:50:26'),(677,577,410.00,'2024-05-12 01:50:26'),(678,578,370.00,'2024-05-10 01:50:26'),(679,579,290.00,'2024-05-17 01:50:26'),(680,580,60.00,'2024-05-02 01:50:26'),(681,581,110.00,'2024-05-28 01:50:26'),(682,582,20.00,'2024-05-26 01:50:26'),(683,583,230.00,'2024-05-10 01:50:26'),(684,584,200.00,'2024-05-31 01:50:26'),(685,585,100.00,'2024-05-10 01:50:26'),(686,586,90.00,'2024-05-14 01:50:26'),(687,587,240.00,'2024-05-17 01:50:26'),(688,588,200.00,'2024-05-26 01:50:26'),(689,589,160.00,'2024-05-12 01:50:26'),(690,590,90.00,'2024-05-31 01:50:26'),(691,591,350.00,'2024-05-21 01:50:26'),(692,592,240.00,'2024-05-26 01:50:26'),(693,593,360.00,'2024-05-30 01:50:26'),(694,594,170.00,'2024-05-09 01:50:26'),(695,595,350.00,'2024-05-30 01:50:26'),(696,596,110.00,'2024-05-26 01:50:26'),(697,597,400.00,'2024-05-30 01:50:26'),(698,598,140.00,'2024-04-30 01:50:26'),(699,599,60.00,'2024-05-16 01:50:26'),(700,600,380.00,'2024-05-08 01:50:26'),(701,601,150.00,'2024-05-14 01:50:26'),(702,602,450.00,'2024-05-31 01:50:26'),(703,603,110.00,'2024-05-18 01:50:26'),(704,604,410.00,'2024-05-17 01:50:26'),(705,605,380.00,'2024-05-10 01:50:26'),(706,606,490.00,'2024-05-30 01:50:26'),(707,607,240.00,'2024-05-21 01:50:26'),(708,608,120.00,'2024-05-22 01:50:26'),(709,609,40.00,'2024-05-17 01:50:26'),(710,610,70.00,'2024-05-15 01:50:26'),(711,611,410.00,'2024-05-29 01:50:26'),(712,612,190.00,'2024-05-26 01:50:26'),(713,613,350.00,'2024-05-21 01:50:26'),(714,614,410.00,'2024-05-05 01:50:26'),(715,615,90.00,'2024-06-05 01:50:26'),(716,616,400.00,'2024-05-10 01:50:26'),(717,617,210.00,'2024-05-16 01:50:26'),(718,618,290.00,'2024-05-21 01:50:26'),(719,619,90.00,'2024-05-31 01:50:26'),(720,620,110.00,'2024-05-15 01:50:26'),(721,621,290.00,'2024-05-10 01:50:26'),(722,622,400.00,'2024-05-25 01:50:26'),(723,623,400.00,'2024-05-31 01:50:26'),(724,624,470.00,'2024-05-04 01:50:26'),(725,625,340.00,'2024-05-16 01:50:26'),(726,626,140.00,'2024-05-27 01:50:26'),(727,627,490.00,'2024-05-06 01:50:26'),(728,628,50.00,'2024-05-31 01:50:26'),(729,629,480.00,'2024-05-16 01:50:26'),(730,630,40.00,'2024-05-10 01:50:26'),(731,631,490.00,'2024-05-11 01:50:26'),(732,632,360.00,'2024-05-12 01:50:26'),(733,633,400.00,'2024-05-14 01:50:26'),(734,634,360.00,'2024-05-17 01:50:26'),(735,635,200.00,'2024-05-07 01:50:26'),(736,636,60.00,'2024-05-03 01:50:26'),(737,637,220.00,'2024-05-19 01:50:26'),(738,638,210.00,'2024-05-06 01:50:26'),(739,639,380.00,'2024-05-07 01:50:26'),(740,640,310.00,'2024-05-15 01:50:26'),(741,641,470.00,'2024-05-25 01:50:26'),(742,642,30.00,'2024-06-03 01:50:26'),(743,643,290.00,'2024-05-21 01:50:26'),(744,644,300.00,'2024-05-21 01:50:26'),(745,645,470.00,'2024-06-03 01:50:26'),(746,646,250.00,'2024-05-28 01:50:26'),(747,647,490.00,'2024-05-07 01:50:26'),(748,648,10.00,'2024-05-30 01:50:26'),(749,649,260.00,'2024-06-01 01:50:26'),(750,650,310.00,'2024-05-24 01:50:26'),(751,651,470.00,'2024-05-20 01:50:26'),(752,652,150.00,'2024-05-14 01:50:26'),(753,653,20.00,'2024-05-18 01:50:26'),(754,654,480.00,'2024-05-21 01:50:26'),(755,655,470.00,'2024-05-30 01:50:26'),(756,656,100.00,'2024-05-09 01:50:26'),(757,657,150.00,'2024-05-15 01:50:26'),(758,658,370.00,'2024-05-29 01:50:26'),(759,659,140.00,'2024-06-02 01:50:26'),(760,660,210.00,'2024-05-09 01:50:26'),(761,661,310.00,'2024-05-28 01:50:26'),(762,662,360.00,'2024-05-28 01:50:26'),(763,663,20.00,'2024-05-24 01:50:26'),(764,664,140.00,'2024-05-10 01:50:26'),(765,665,470.00,'2024-05-05 01:50:26'),(766,666,140.00,'2024-05-07 01:50:26'),(767,667,290.00,'2024-05-22 01:50:26'),(768,668,310.00,'2024-05-22 01:50:26'),(769,669,280.00,'2024-05-07 01:50:26'),(770,670,370.00,'2024-06-03 01:50:26'),(771,671,470.00,'2024-05-19 01:50:26'),(772,672,70.00,'2024-05-13 01:50:26'),(773,673,480.00,'2024-05-28 01:50:26'),(774,674,440.00,'2024-05-09 01:50:26'),(775,675,80.00,'2024-05-07 01:50:26'),(776,676,440.00,'2024-05-10 01:50:26'),(777,677,90.00,'2024-05-18 01:50:26'),(778,678,260.00,'2024-05-11 01:50:26'),(779,679,500.00,'2024-05-10 01:50:26'),(780,680,200.00,'2024-05-24 01:50:26'),(781,681,310.00,'2024-05-05 01:50:26'),(782,682,30.00,'2024-05-23 01:50:26'),(783,683,250.00,'2024-05-22 01:50:26'),(784,684,440.00,'2024-05-10 01:50:26'),(785,685,500.00,'2024-06-01 01:50:26'),(786,686,490.00,'2024-05-29 01:50:26'),(787,687,360.00,'2024-05-22 01:50:26'),(788,688,260.00,'2024-05-07 01:50:26'),(789,689,140.00,'2024-05-22 01:50:26'),(790,690,360.00,'2024-04-30 01:50:26'),(791,691,420.00,'2024-06-01 01:50:26'),(792,692,280.00,'2024-06-01 01:50:26'),(793,693,380.00,'2024-05-20 01:50:26'),(794,694,240.00,'2024-05-11 01:50:26'),(795,695,500.00,'2024-05-02 01:50:26'),(796,696,350.00,'2024-05-16 01:50:26'),(797,697,30.00,'2024-05-23 01:50:26'),(798,698,380.00,'2024-05-19 01:50:26'),(799,699,470.00,'2024-05-07 01:50:26'),(800,700,490.00,'2024-05-17 01:50:26'),(801,701,460.00,'2024-05-13 01:50:26'),(802,702,260.00,'2024-06-01 01:50:26'),(803,703,330.00,'2024-05-31 01:50:26'),(804,704,300.00,'2024-05-12 01:50:26'),(805,705,300.00,'2024-05-02 01:50:26'),(806,706,440.00,'2024-05-13 01:50:26'),(807,707,160.00,'2024-05-10 01:50:26'),(808,708,80.00,'2024-05-24 01:50:26'),(809,709,450.00,'2024-05-18 01:50:26'),(810,710,290.00,'2024-05-07 01:50:26'),(811,711,390.00,'2024-06-01 01:50:26'),(812,712,220.00,'2024-05-10 01:50:26'),(813,713,220.00,'2024-05-07 01:50:26'),(814,714,130.00,'2024-05-19 01:50:26'),(815,715,480.00,'2024-05-29 01:50:26'),(816,716,420.00,'2024-05-13 01:50:26'),(817,717,30.00,'2024-05-28 01:50:26'),(818,718,200.00,'2024-05-17 01:50:26'),(819,719,10.00,'2024-05-25 01:50:26'),(820,720,400.00,'2024-05-17 01:50:26'),(821,721,500.00,'2024-05-20 01:50:26'),(822,722,420.00,'2024-05-16 01:50:26'),(823,723,370.00,'2024-05-30 01:50:26'),(824,724,130.00,'2024-05-22 01:50:26'),(825,725,200.00,'2024-05-10 01:50:26'),(826,726,70.00,'2024-05-13 01:50:26'),(827,727,10.00,'2024-05-31 01:50:26'),(828,728,90.00,'2024-05-10 01:50:26'),(829,729,20.00,'2024-05-30 01:50:26'),(830,730,70.00,'2024-05-18 01:50:26'),(831,731,140.00,'2024-05-15 01:50:26'),(832,732,30.00,'2024-05-11 01:50:26'),(833,733,250.00,'2024-05-12 01:50:26'),(834,734,380.00,'2024-05-05 01:50:26'),(835,735,420.00,'2024-05-14 01:50:26'),(836,736,50.00,'2024-05-23 01:50:26'),(837,737,50.00,'2024-05-16 01:50:26'),(838,738,430.00,'2024-05-23 01:50:26'),(839,739,190.00,'2024-05-09 01:50:26'),(840,740,150.00,'2024-05-25 01:50:26'),(841,741,60.00,'2024-05-21 01:50:26'),(842,742,330.00,'2024-06-01 01:50:26'),(843,743,150.00,'2024-05-21 01:50:26'),(844,744,380.00,'2024-05-14 01:50:26'),(845,745,230.00,'2024-06-05 01:50:26'),(846,746,360.00,'2024-05-22 01:50:26'),(847,747,210.00,'2024-05-23 01:50:26'),(848,748,180.00,'2024-05-25 01:50:26'),(849,749,480.00,'2024-06-01 01:50:26'),(850,750,460.00,'2024-05-30 01:50:26'),(851,751,380.00,'2024-05-21 01:50:26'),(852,752,30.00,'2024-05-09 01:50:26'),(853,753,50.00,'2024-05-05 01:50:26'),(854,754,130.00,'2024-05-14 01:50:26'),(855,755,450.00,'2024-05-02 01:50:26'),(856,756,410.00,'2024-05-20 01:50:26'),(857,757,210.00,'2024-05-01 01:50:26'),(858,758,250.00,'2024-05-15 01:50:26'),(859,759,310.00,'2024-05-25 01:50:26'),(860,760,180.00,'2024-05-29 01:50:26'),(861,761,110.00,'2024-05-10 01:50:26'),(862,762,430.00,'2024-05-15 01:50:26'),(863,763,150.00,'2024-05-12 01:50:26'),(864,764,500.00,'2024-05-12 01:50:26'),(865,765,500.00,'2024-05-26 01:50:26'),(866,766,20.00,'2024-05-17 01:50:26'),(867,767,360.00,'2024-05-05 01:50:26'),(868,768,60.00,'2024-05-31 01:50:26'),(869,769,370.00,'2024-05-13 01:50:26'),(870,770,400.00,'2024-06-01 01:50:26'),(871,771,180.00,'2024-05-22 01:50:26'),(872,772,390.00,'2024-05-14 01:50:26'),(873,773,200.00,'2024-05-14 01:50:26'),(874,774,210.00,'2024-05-03 01:50:26'),(875,775,210.00,'2024-05-26 01:50:26'),(876,776,90.00,'2024-05-31 01:50:26'),(877,777,280.00,'2024-05-15 01:50:26'),(878,778,500.00,'2024-05-08 01:50:26'),(879,779,500.00,'2024-05-20 01:50:26'),(880,780,370.00,'2024-05-29 01:50:26'),(881,781,80.00,'2024-05-21 01:50:26'),(882,782,70.00,'2024-05-26 01:50:26'),(883,783,80.00,'2024-05-17 01:50:26'),(884,784,350.00,'2024-06-03 01:50:26'),(885,785,320.00,'2024-05-13 01:50:26'),(886,786,470.00,'2024-05-28 01:50:26'),(887,787,10.00,'2024-05-05 01:50:26'),(888,788,420.00,'2024-05-31 01:50:26'),(889,789,380.00,'2024-05-09 01:50:26'),(890,790,280.00,'2024-05-07 01:50:26'),(891,791,450.00,'2024-05-08 01:50:26'),(892,792,460.00,'2024-05-21 01:50:26'),(893,793,200.00,'2024-05-11 01:50:26'),(894,794,180.00,'2024-05-15 01:50:26'),(895,795,30.00,'2024-05-19 01:50:26'),(896,796,410.00,'2024-05-06 01:50:26'),(897,797,470.00,'2024-06-03 01:50:26'),(898,798,130.00,'2024-05-26 01:50:26'),(899,799,270.00,'2024-05-09 01:50:26'),(900,800,460.00,'2024-05-08 01:50:26'),(901,801,180.00,'2024-05-26 01:50:26'),(902,802,250.00,'2024-05-15 01:50:26'),(903,803,60.00,'2024-06-07 01:50:26'),(904,804,350.00,'2024-05-25 01:50:26'),(905,805,60.00,'2024-05-22 01:50:26'),(906,806,500.00,'2024-05-31 01:50:26'),(907,807,430.00,'2024-05-11 01:50:26'),(908,808,120.00,'2024-05-12 01:50:26'),(909,809,390.00,'2024-05-30 01:50:26'),(910,810,190.00,'2024-05-21 01:50:26'),(911,811,40.00,'2024-05-28 01:50:26'),(912,812,40.00,'2024-05-31 01:50:26'),(913,813,260.00,'2024-05-28 01:50:26'),(914,814,100.00,'2024-05-19 01:50:26'),(915,815,80.00,'2024-05-31 01:50:26'),(916,816,460.00,'2024-05-18 01:50:26'),(917,817,100.00,'2024-05-06 01:50:26'),(918,818,150.00,'2024-06-03 01:50:26'),(919,819,340.00,'2024-05-30 01:50:26'),(920,820,70.00,'2024-05-14 01:50:26'),(921,821,220.00,'2024-05-18 01:50:26'),(922,822,50.00,'2024-05-31 01:50:26'),(923,823,470.00,'2024-05-19 01:50:26'),(924,824,420.00,'2024-05-22 01:50:26'),(925,825,180.00,'2024-05-29 01:50:26'),(926,826,50.00,'2024-05-18 01:50:26'),(927,827,370.00,'2024-05-24 01:50:26'),(928,828,90.00,'2024-05-18 01:50:26'),(929,829,220.00,'2024-05-04 01:50:26'),(930,830,320.00,'2024-06-03 01:50:26'),(931,831,480.00,'2024-05-24 01:50:26'),(932,832,290.00,'2024-05-31 01:50:26'),(933,833,160.00,'2024-05-20 01:50:26'),(934,834,450.00,'2024-05-13 01:50:26'),(935,835,480.00,'2024-05-15 01:50:26'),(936,836,500.00,'2024-05-27 01:50:26'),(937,837,160.00,'2024-05-08 01:50:26'),(938,838,430.00,'2024-04-30 01:50:26'),(939,839,220.00,'2024-06-02 01:50:26'),(940,840,200.00,'2024-05-20 01:50:26'),(941,841,220.00,'2024-05-19 01:50:26'),(942,842,390.00,'2024-05-03 01:50:26'),(943,843,310.00,'2024-05-28 01:50:26'),(944,844,330.00,'2024-06-06 01:50:26'),(945,845,40.00,'2024-05-28 01:50:26'),(946,846,130.00,'2024-05-18 01:50:26'),(947,847,190.00,'2024-05-17 01:50:26'),(948,848,380.00,'2024-05-30 01:50:26'),(949,849,480.00,'2024-05-15 01:50:26'),(950,850,160.00,'2024-05-16 01:50:26'),(951,851,140.00,'2024-05-25 01:50:26'),(952,852,150.00,'2024-05-27 01:50:26'),(953,853,50.00,'2024-05-03 01:50:26'),(954,854,80.00,'2024-05-27 01:50:26'),(955,855,90.00,'2024-05-24 01:50:26'),(956,856,390.00,'2024-05-24 01:50:26'),(957,857,500.00,'2024-05-18 01:50:26'),(958,858,50.00,'2024-05-12 01:50:26'),(959,859,360.00,'2024-05-07 01:50:26'),(960,860,350.00,'2024-06-02 01:50:26'),(961,861,350.00,'2024-05-04 01:50:26'),(962,862,430.00,'2024-05-26 01:50:26'),(963,863,450.00,'2024-05-13 01:50:26'),(964,864,210.00,'2024-05-30 01:50:26'),(965,865,330.00,'2024-05-14 01:50:26'),(966,866,300.00,'2024-05-08 01:50:26'),(967,867,120.00,'2024-05-09 01:50:26'),(968,868,110.00,'2024-05-17 01:50:26'),(969,869,450.00,'2024-05-28 01:50:26'),(970,870,480.00,'2024-05-08 01:50:26'),(971,871,40.00,'2024-06-07 01:50:26'),(972,872,420.00,'2024-06-02 01:50:26'),(973,873,40.00,'2024-05-09 01:50:26'),(974,874,380.00,'2024-05-09 01:50:26'),(975,875,400.00,'2024-05-18 01:50:26'),(976,876,160.00,'2024-05-05 01:50:26'),(977,877,310.00,'2024-05-21 01:50:26'),(978,878,380.00,'2024-05-10 01:50:26'),(979,879,480.00,'2024-05-28 01:50:26'),(980,880,190.00,'2024-05-28 01:50:26'),(981,881,290.00,'2024-05-26 01:50:26'),(982,882,150.00,'2024-05-24 01:50:26'),(983,883,170.00,'2024-05-08 01:50:26'),(984,884,390.00,'2024-05-09 01:50:26'),(985,885,280.00,'2024-05-06 01:50:26'),(986,886,340.00,'2024-05-13 01:50:26'),(987,887,430.00,'2024-05-02 01:50:26'),(988,888,40.00,'2024-05-19 01:50:26'),(989,889,360.00,'2024-05-11 01:50:26'),(990,890,500.00,'2024-05-24 01:50:26'),(991,891,140.00,'2024-06-02 01:50:26'),(992,892,170.00,'2024-05-19 01:50:26'),(993,893,380.00,'2024-05-26 01:50:26'),(994,894,230.00,'2024-05-09 01:50:26'),(995,895,450.00,'2024-05-04 01:50:26'),(996,896,380.00,'2024-06-01 01:50:26'),(997,897,50.00,'2024-05-25 01:50:26'),(998,898,110.00,'2024-05-30 01:50:26'),(999,899,60.00,'2024-06-05 01:50:26'),(1000,900,60.00,'2024-05-20 01:50:26'),(1001,901,150.00,'2024-05-22 01:50:26'),(1002,902,220.00,'2024-05-05 01:50:26'),(1003,903,370.00,'2024-05-23 01:50:26'),(1004,904,420.00,'2024-05-16 01:50:26'),(1005,905,110.00,'2024-05-18 01:50:26'),(1006,906,360.00,'2024-06-04 01:50:26'),(1007,907,180.00,'2024-05-17 01:50:26'),(1008,908,140.00,'2024-04-30 01:50:26'),(1009,909,80.00,'2024-05-15 01:50:26'),(1010,910,260.00,'2024-05-29 01:50:26'),(1011,911,190.00,'2024-05-30 01:50:26'),(1012,912,150.00,'2024-05-19 01:50:26'),(1013,913,200.00,'2024-05-10 01:50:26'),(1014,914,310.00,'2024-06-03 01:50:26'),(1015,915,480.00,'2024-05-28 01:50:26'),(1016,916,330.00,'2024-05-22 01:50:26'),(1017,917,430.00,'2024-05-27 01:50:26'),(1018,918,80.00,'2024-05-20 01:50:26'),(1019,919,110.00,'2024-06-01 01:50:26'),(1020,920,310.00,'2024-05-04 01:50:26'),(1021,921,330.00,'2024-05-17 01:50:26'),(1022,922,380.00,'2024-06-01 01:50:26'),(1023,923,260.00,'2024-05-31 01:50:26'),(1024,924,20.00,'2024-05-10 01:50:26'),(1025,925,10.00,'2024-05-14 01:50:26'),(1026,926,400.00,'2024-05-23 01:50:26'),(1027,927,440.00,'2024-05-12 01:50:26'),(1028,928,160.00,'2024-05-05 01:50:26'),(1029,929,140.00,'2024-05-08 01:50:26'),(1030,930,90.00,'2024-05-23 01:50:26'),(1031,931,420.00,'2024-05-13 01:50:26'),(1032,932,180.00,'2024-05-27 01:50:26'),(1033,933,480.00,'2024-05-20 01:50:26'),(1034,934,480.00,'2024-06-03 01:50:26'),(1035,935,250.00,'2024-05-26 01:50:26'),(1036,936,390.00,'2024-06-05 01:50:26'),(1037,937,60.00,'2024-05-26 01:50:26'),(1038,938,60.00,'2024-05-16 01:50:26'),(1039,939,170.00,'2024-05-26 01:50:26'),(1040,940,80.00,'2024-05-25 01:50:26'),(1041,941,440.00,'2024-04-30 01:50:26'),(1042,942,180.00,'2024-05-11 01:50:26'),(1043,943,280.00,'2024-05-14 01:50:26'),(1044,944,290.00,'2024-05-04 01:50:26'),(1045,945,490.00,'2024-06-01 01:50:26'),(1046,946,160.00,'2024-05-19 01:50:26'),(1047,947,30.00,'2024-06-01 01:50:26'),(1048,948,130.00,'2024-05-31 01:50:26'),(1049,949,210.00,'2024-05-01 01:50:26'),(1050,950,270.00,'2024-05-07 01:50:26'),(1051,951,230.00,'2024-05-13 01:50:26'),(1052,952,420.00,'2024-05-18 01:50:26'),(1053,953,360.00,'2024-05-16 01:50:26'),(1054,954,490.00,'2024-05-31 01:50:26'),(1055,955,50.00,'2024-05-22 01:50:26'),(1056,956,480.00,'2024-05-21 01:50:26'),(1057,957,90.00,'2024-05-13 01:50:26'),(1058,958,450.00,'2024-05-25 01:50:26'),(1059,959,180.00,'2024-05-22 01:50:26'),(1060,960,300.00,'2024-05-23 01:50:26'),(1061,961,470.00,'2024-05-10 01:50:26'),(1062,962,230.00,'2024-05-30 01:50:26'),(1063,963,30.00,'2024-05-21 01:50:26'),(1064,964,490.00,'2024-05-15 01:50:26'),(1065,965,30.00,'2024-05-20 01:50:26'),(1066,966,80.00,'2024-05-19 01:50:26'),(1067,967,250.00,'2024-05-25 01:50:26'),(1068,968,480.00,'2024-05-09 01:50:26'),(1069,969,270.00,'2024-05-29 01:50:26'),(1070,970,240.00,'2024-05-21 01:50:26'),(1071,971,150.00,'2024-05-25 01:50:26'),(1072,972,180.00,'2024-05-18 01:50:26'),(1073,973,490.00,'2024-05-09 01:50:26'),(1074,974,230.00,'2024-05-29 01:50:26'),(1075,975,390.00,'2024-05-26 01:50:26'),(1076,976,360.00,'2024-05-05 01:50:26'),(1077,977,300.00,'2024-05-31 01:50:26'),(1078,978,370.00,'2024-05-18 01:50:26'),(1079,979,380.00,'2024-05-19 01:50:26'),(1080,980,320.00,'2024-05-20 01:50:26'),(1081,981,190.00,'2024-05-23 01:50:26'),(1082,982,200.00,'2024-05-21 01:50:26'),(1083,983,40.00,'2024-06-07 01:50:26'),(1084,984,420.00,'2024-05-26 01:50:26'),(1085,985,150.00,'2024-05-07 01:50:26'),(1086,986,450.00,'2024-05-12 01:50:26'),(1087,987,150.00,'2024-05-13 01:50:26'),(1088,988,200.00,'2024-05-04 01:50:26'),(1089,989,360.00,'2024-05-11 01:50:26'),(1090,990,450.00,'2024-05-09 01:50:26'),(1091,991,380.00,'2024-05-09 01:50:26'),(1092,992,140.00,'2024-05-25 01:50:26'),(1093,993,260.00,'2024-05-08 01:50:26'),(1094,994,60.00,'2024-05-25 01:50:26'),(1095,995,190.00,'2024-05-04 01:50:26'),(1096,996,150.00,'2024-05-13 01:50:26'),(1097,997,70.00,'2024-05-30 01:50:26'),(1098,998,490.00,'2024-06-07 01:50:26'),(1099,999,120.00,'2024-06-06 01:50:26'),(1100,1000,260.00,'2024-05-17 01:50:26'),(1101,1001,310.00,'2024-05-09 01:50:26'),(1102,1002,30.00,'2024-05-07 01:50:26'),(1103,1003,280.00,'2024-05-11 01:50:26'),(1104,1004,460.00,'2024-05-04 01:50:26'),(1105,1005,270.00,'2024-05-29 01:50:26'),(1106,1006,400.00,'2024-05-07 01:50:26'),(1107,1007,170.00,'2024-05-22 01:50:26'),(1108,1008,100.00,'2024-05-13 01:50:26'),(1109,1009,220.00,'2024-05-25 01:50:26'),(1110,1010,210.00,'2024-06-04 01:50:26'),(1111,1011,80.00,'2024-05-18 01:50:26'),(1112,1012,110.00,'2024-05-25 01:50:26'),(1113,1013,250.00,'2024-05-31 01:50:26'),(1114,1014,270.00,'2024-06-01 01:50:26'),(1115,1015,400.00,'2024-05-11 01:50:26'),(1116,1016,50.00,'2024-05-22 01:50:26'),(1117,1017,390.00,'2024-05-13 01:50:26'),(1118,1018,300.00,'2024-05-31 01:50:26'),(1119,1019,210.00,'2024-05-24 01:50:26'),(1120,1020,260.00,'2024-05-23 01:50:26'),(1121,1021,410.00,'2024-05-10 01:50:26'),(1122,1022,400.00,'2024-06-06 01:50:26'),(1123,1023,400.00,'2024-05-08 01:50:26'),(1124,1024,20.00,'2024-05-24 01:50:26'),(1125,1025,130.00,'2024-05-09 01:50:26'),(1126,1026,260.00,'2024-05-02 01:50:26'),(1127,1027,240.00,'2024-05-24 01:50:26'),(1128,1028,130.00,'2024-05-30 01:50:26'),(1129,1029,230.00,'2024-05-19 01:50:26'),(1130,1030,160.00,'2024-05-03 01:50:26'),(1131,1031,390.00,'2024-06-04 01:50:26'),(1132,1032,30.00,'2024-06-01 01:50:26'),(1133,1033,450.00,'2024-05-19 01:50:26'),(1134,1034,200.00,'2024-05-08 01:50:26'),(1135,1035,230.00,'2024-06-01 01:50:26'),(1136,1036,50.00,'2024-06-02 01:50:26'),(1137,1037,280.00,'2024-05-24 01:50:26'),(1138,1038,360.00,'2024-05-08 01:50:26'),(1139,1039,260.00,'2024-05-24 01:50:26'),(1140,1040,110.00,'2024-06-02 01:50:26'),(1141,1041,320.00,'2024-05-09 01:50:26'),(1142,1042,460.00,'2024-05-16 01:50:26'),(1143,1043,260.00,'2024-05-20 01:50:26'),(1144,1044,230.00,'2024-05-18 01:50:26'),(1145,1045,440.00,'2024-05-06 01:50:26'),(1146,1046,190.00,'2024-05-07 01:50:26'),(1147,1047,170.00,'2024-05-03 01:50:26'),(1148,1048,390.00,'2024-06-07 01:50:26'),(1149,1049,390.00,'2024-05-16 01:50:26'),(1150,1050,260.00,'2024-05-29 01:50:26'),(1151,1051,500.00,'2024-06-06 01:50:26'),(1152,1052,30.00,'2024-05-25 01:50:26'),(1153,1053,100.00,'2024-06-03 01:50:26'),(1154,1054,30.00,'2024-05-13 01:50:26'),(1155,1055,50.00,'2024-05-04 01:50:26'),(1156,1056,160.00,'2024-05-07 01:50:26'),(1157,1057,80.00,'2024-05-25 01:50:26'),(1158,1058,480.00,'2024-05-06 01:50:26'),(1159,1059,380.00,'2024-04-30 01:50:26'),(1160,1060,330.00,'2024-05-26 01:50:26'),(1161,1061,340.00,'2024-05-19 01:50:26'),(1162,1062,430.00,'2024-06-04 01:50:26'),(1163,1063,20.00,'2024-05-06 01:50:26'),(1164,1064,440.00,'2024-06-02 01:50:26'),(1165,1065,250.00,'2024-05-20 01:50:26'),(1166,1066,140.00,'2024-05-24 01:50:26'),(1167,1067,390.00,'2024-05-09 01:50:26'),(1168,1068,140.00,'2024-05-15 01:50:26'),(1169,1069,90.00,'2024-06-05 01:50:26'),(1170,1070,340.00,'2024-05-28 01:50:26'),(1171,1071,50.00,'2024-05-09 01:50:26'),(1172,1072,380.00,'2024-05-28 01:50:26'),(1173,1073,170.00,'2024-05-14 01:50:26'),(1174,1074,330.00,'2024-06-05 01:50:26'),(1175,1075,130.00,'2024-05-29 01:50:26'),(1176,1076,480.00,'2024-05-23 01:50:26'),(1177,1077,470.00,'2024-05-13 01:50:26'),(1178,1078,460.00,'2024-05-07 01:50:26'),(1179,1079,480.00,'2024-05-04 01:50:26'),(1180,1080,410.00,'2024-05-26 01:50:26'),(1181,1081,380.00,'2024-05-29 01:50:26'),(1182,1082,90.00,'2024-05-13 01:50:26'),(1183,1083,190.00,'2024-06-03 01:50:26'),(1184,1084,350.00,'2024-05-03 01:50:26'),(1185,1085,340.00,'2024-05-18 01:50:26'),(1186,1086,180.00,'2024-05-18 01:50:26'),(1187,1087,450.00,'2024-05-22 01:50:26'),(1188,1088,320.00,'2024-05-21 01:50:26'),(1189,1089,500.00,'2024-05-09 01:50:26'),(1190,1090,150.00,'2024-05-09 01:50:26'),(1191,1091,350.00,'2024-05-17 01:50:26'),(1192,1092,260.00,'2024-05-25 01:50:26'),(1193,1093,200.00,'2024-05-13 01:50:26'),(1194,1094,460.00,'2024-06-04 01:50:26'),(1195,1095,410.00,'2024-05-09 01:50:26'),(1196,1096,40.00,'2024-05-26 01:50:26'),(1197,1097,20.00,'2024-05-20 01:50:26'),(1198,1098,410.00,'2024-05-10 01:50:26'),(1199,1099,30.00,'2024-05-12 01:50:26'),(1200,1100,350.00,'2024-05-08 01:50:26'),(1201,1101,380.00,'2024-05-22 01:50:26'),(1202,1102,490.00,'2024-05-19 01:50:26'),(1203,1103,380.00,'2024-05-29 01:50:26'),(1204,1104,330.00,'2024-05-14 01:50:26'),(1205,1105,200.00,'2024-05-09 01:50:26'),(1206,1106,390.00,'2024-05-05 01:50:26'),(1207,1107,450.00,'2024-05-09 01:50:26'),(1208,1108,130.00,'2024-05-25 01:50:26'),(1209,1109,260.00,'2024-05-15 01:50:26'),(1210,1110,170.00,'2024-05-25 01:50:26'),(1211,1111,460.00,'2024-05-23 01:50:26'),(1212,1112,160.00,'2024-05-22 01:50:26'),(1213,1113,260.00,'2024-05-14 01:50:26'),(1214,1114,450.00,'2024-05-22 01:50:26'),(1215,1115,230.00,'2024-05-02 01:50:26'),(1216,1116,230.00,'2024-05-19 01:50:26'),(1217,1117,280.00,'2024-05-11 01:50:26'),(1218,1118,290.00,'2024-05-08 01:50:26'),(1219,1119,380.00,'2024-05-29 01:50:26'),(1220,1120,40.00,'2024-05-26 01:50:26'),(1221,1121,300.00,'2024-05-16 01:50:26'),(1222,1122,380.00,'2024-05-31 01:50:26'),(1223,1123,20.00,'2024-05-26 01:50:26'),(1224,1124,440.00,'2024-05-29 01:50:26'),(1225,1125,60.00,'2024-06-01 01:50:26'),(1226,1126,80.00,'2024-05-19 01:50:26'),(1227,1127,410.00,'2024-05-11 01:50:26');
/*!40000 ALTER TABLE `payment` ENABLE KEYS */;
UNLOCK TABLES;

--
-- Table structure for table `reservation`
--

DROP TABLE IF EXISTS `reservation`;
/*!40101 SET @saved_cs_client     = @@character_set_client */;
/*!50503 SET character_set_client = utf8mb4 */;
CREATE TABLE `reservation` (
  `reservation_id` int NOT NULL AUTO_INCREMENT,
  `trip_id` int DEFAULT NULL,
  `passenger_id` int DEFAULT NULL,
  `seat_count` int DEFAULT NULL,
  `reservation_time` datetime DEFAULT NULL,
  PRIMARY KEY (`reservation_id`),
  KEY `trip_id` (`trip_id`),
  KEY `passenger_id` (`passenger_id`),
  CONSTRAINT `reservation_ibfk_1` FOREIGN KEY (`trip_id`) REFERENCES `trip` (`trip_id`) ON DELETE CASCADE,
  CONSTRAINT `reservation_ibfk_2` FOREIGN KEY (`passenger_id`) REFERENCES `passenger` (`passenger_id`) ON DELETE CASCADE
) ENGINE=InnoDB AUTO_INCREMENT=1151 DEFAULT CHARSET=utf8mb4 COLLATE=utf8mb4_0900_ai_ci;
/*!40101 SET character_set_client = @saved_cs_client */;

--
-- Dumping data for table `reservation`
--

LOCK TABLES `reservation` WRITE;
/*!40000 ALTER TABLE `reservation` DISABLE KEYS */;
INSERT INTO `reservation` VALUES (1,1,40,5,'2024-05-04 01:28:45'),(2,2,82,3,'2024-05-21 01:28:45'),(3,72,83,2,'2024-05-08 01:28:45'),(4,44,89,2,'2024-05-12 01:28:45'),(5,3,26,3,'2024-05-13 01:28:45'),(6,73,35,1,'2024-05-20 01:28:45'),(7,45,43,1,'2024-05-18 01:28:45'),(8,4,51,2,'2024-05-17 01:28:45'),(9,46,99,4,'2024-05-23 01:28:45'),(10,74,18,2,'2024-05-13 01:28:45'),(11,75,14,1,'2024-05-08 01:28:45'),(12,47,47,1,'2024-05-12 01:28:45'),(13,5,32,5,'2024-05-24 01:28:45'),(14,48,42,3,'2024-05-17 01:28:45'),(15,6,57,3,'2024-05-04 01:28:45'),(16,7,75,1,'2024-05-11 01:28:45'),(17,8,54,5,'2024-05-10 01:28:45'),(18,49,72,4,'2024-05-02 01:28:45'),(19,9,77,1,'2024-04-30 01:28:45'),(20,76,79,5,'2024-05-19 01:28:45'),(21,10,88,2,'2024-05-23 01:28:45'),(22,50,4,3,'2024-05-22 01:28:45'),(23,77,86,3,'2024-05-29 01:28:45'),(24,11,56,4,'2024-05-05 01:28:45'),(25,51,97,3,'2024-05-24 01:28:45'),(26,12,61,3,'2024-05-07 01:28:45'),(27,13,22,5,'2024-05-18 01:28:45'),(28,78,50,2,'2024-05-25 01:28:45'),(29,14,74,2,'2024-05-29 01:28:45'),(30,52,32,3,'2024-05-05 01:28:45'),(31,53,40,3,'2024-05-14 01:28:45'),(32,15,1,3,'2024-05-23 01:28:45'),(33,79,69,4,'2024-05-01 01:28:45'),(34,80,33,4,'2024-05-01 01:28:45'),(35,54,44,2,'2024-05-23 01:28:45'),(36,81,18,2,'2024-05-11 01:28:45'),(37,55,34,5,'2024-05-22 01:28:45'),(38,82,76,5,'2024-05-11 01:28:45'),(39,16,14,5,'2024-05-07 01:28:45'),(40,56,26,1,'2024-05-17 01:28:45'),(41,83,91,2,'2024-05-02 01:28:45'),(42,84,60,2,'2024-05-19 01:28:45'),(43,85,8,2,'2024-05-20 01:28:45'),(44,17,63,1,'2024-05-28 01:28:45'),(45,18,77,4,'2024-05-05 01:28:45'),(46,86,27,5,'2024-05-15 01:28:45'),(47,57,90,5,'2024-05-20 01:28:45'),(48,58,54,4,'2024-05-26 01:28:45'),(49,19,39,3,'2024-05-13 01:28:45'),(50,59,19,2,'2024-05-11 01:28:45'),(51,20,42,1,'2024-05-08 01:28:45'),(52,21,9,2,'2024-05-06 01:28:45'),(53,87,25,5,'2024-05-03 01:28:45'),(54,88,59,2,'2024-05-05 01:28:45'),(55,22,17,2,'2024-05-22 01:28:45'),(56,89,24,2,'2024-05-22 01:28:45'),(57,23,3,3,'2024-05-27 01:28:45'),(58,60,6,1,'2024-05-25 01:28:45'),(59,24,62,3,'2024-05-26 01:28:45'),(60,25,83,4,'2024-05-20 01:28:45'),(61,90,33,4,'2024-05-18 01:28:45'),(62,91,90,2,'2024-05-03 01:28:45'),(63,26,51,5,'2024-05-08 01:28:45'),(64,27,100,5,'2024-05-22 01:28:45'),(65,61,79,1,'2024-05-22 01:28:45'),(66,28,93,5,'2024-05-17 01:28:45'),(67,62,52,2,'2024-05-21 01:28:45'),(68,63,33,4,'2024-05-04 01:28:45'),(69,29,89,5,'2024-05-29 01:28:45'),(70,92,25,1,'2024-05-24 01:28:45'),(71,30,31,1,'2024-05-23 01:28:45'),(72,64,8,4,'2024-05-26 01:28:45'),(73,31,54,2,'2024-05-26 01:28:45'),(74,32,56,3,'2024-05-16 01:28:45'),(75,65,95,2,'2024-05-25 01:28:45'),(76,66,60,3,'2024-05-08 01:28:45'),(77,33,4,1,'2024-05-26 01:28:45'),(78,93,45,5,'2024-05-27 01:28:45'),(79,94,70,2,'2024-05-20 01:28:45'),(80,67,76,5,'2024-05-03 01:28:45'),(81,68,91,5,'2024-05-07 01:28:45'),(82,95,12,2,'2024-05-28 01:28:45'),(83,34,36,4,'2024-05-23 01:28:45'),(84,96,13,5,'2024-05-17 01:28:45'),(85,69,19,4,'2024-05-04 01:28:45'),(86,35,23,3,'2024-05-24 01:28:45'),(87,36,14,1,'2024-05-19 01:28:45'),(88,37,34,4,'2024-05-29 01:28:45'),(89,97,33,3,'2024-05-08 01:28:45'),(90,38,92,3,'2024-05-15 01:28:45'),(91,39,10,1,'2024-05-03 01:28:45'),(92,40,26,4,'2024-05-15 01:28:45'),(93,41,54,2,'2024-05-18 01:28:45'),(94,98,35,3,'2024-05-05 01:28:45'),(95,42,31,1,'2024-05-09 01:28:45'),(96,99,7,2,'2024-05-25 01:28:45'),(97,70,95,2,'2024-05-15 01:28:45'),(98,100,63,4,'2024-05-12 01:28:45'),(99,43,78,1,'2024-05-17 01:28:45'),(100,71,70,2,'2024-05-01 01:28:45'),(128,1,327,3,'2024-05-14 01:50:25'),(129,1,326,1,'2024-05-11 01:50:25'),(130,1,325,5,'2024-05-09 01:50:25'),(131,1,324,4,'2024-05-21 01:50:25'),(132,1,323,3,'2024-05-21 01:50:25'),(133,1,322,1,'2024-05-03 01:50:25'),(134,1,321,1,'2024-05-14 01:50:25'),(135,1,320,3,'2024-05-07 01:50:25'),(136,1,319,3,'2024-05-06 01:50:25'),(137,1,318,4,'2024-05-07 01:50:25'),(138,1,317,5,'2024-05-18 01:50:25'),(139,1,316,1,'2024-05-13 01:50:25'),(140,1,315,2,'2024-05-07 01:50:25'),(141,1,314,5,'2024-05-11 01:50:25'),(142,1,313,2,'2024-05-25 01:50:25'),(143,1,312,1,'2024-05-25 01:50:25'),(144,1,311,3,'2024-05-10 01:50:25'),(145,1,310,5,'2024-05-06 01:50:25'),(146,1,309,1,'2024-05-20 01:50:25'),(147,1,308,1,'2024-05-12 01:50:25'),(148,1,307,4,'2024-05-21 01:50:25'),(149,1,306,4,'2024-05-21 01:50:25'),(150,1,305,3,'2024-05-02 01:50:25'),(151,1,304,5,'2024-05-27 01:50:25'),(152,1,303,3,'2024-05-28 01:50:25'),(153,1,302,5,'2024-05-15 01:50:25'),(154,1,301,3,'2024-05-18 01:50:25'),(155,1,300,1,'2024-05-05 01:50:25'),(156,1,299,3,'2024-05-28 01:50:25'),(157,1,298,5,'2024-05-03 01:50:25'),(158,1,297,5,'2024-05-25 01:50:25'),(159,1,296,5,'2024-05-23 01:50:25'),(160,1,295,1,'2024-05-19 01:50:25'),(161,1,294,1,'2024-05-05 01:50:25'),(162,1,293,3,'2024-05-21 01:50:25'),(163,1,292,4,'2024-05-29 01:50:25'),(164,1,291,4,'2024-05-03 01:50:25'),(165,1,290,1,'2024-05-17 01:50:25'),(166,1,289,1,'2024-05-03 01:50:25'),(167,1,288,2,'2024-05-28 01:50:25'),(168,1,287,2,'2024-05-01 01:50:25'),(169,1,286,1,'2024-05-18 01:50:25'),(170,1,285,5,'2024-05-28 01:50:25'),(171,1,284,4,'2024-05-24 01:50:25'),(172,1,283,5,'2024-05-19 01:50:25'),(173,1,282,5,'2024-05-29 01:50:25'),(174,1,281,4,'2024-05-26 01:50:25'),(175,1,280,4,'2024-05-06 01:50:25'),(176,1,279,1,'2024-05-26 01:50:25'),(177,1,278,2,'2024-05-05 01:50:25'),(178,1,277,3,'2024-05-10 01:50:25'),(179,1,276,1,'2024-05-23 01:50:25'),(180,1,275,5,'2024-05-01 01:50:25'),(181,1,274,5,'2024-05-28 01:50:25'),(182,1,273,2,'2024-05-19 01:50:25'),(183,1,272,5,'2024-05-28 01:50:25'),(184,1,271,4,'2024-05-07 01:50:25'),(185,1,270,3,'2024-05-06 01:50:25'),(186,1,269,4,'2024-05-15 01:50:25'),(187,1,268,1,'2024-05-08 01:50:25'),(188,1,267,3,'2024-05-15 01:50:25'),(189,1,266,5,'2024-05-12 01:50:25'),(190,1,265,3,'2024-05-27 01:50:25'),(191,1,264,4,'2024-05-01 01:50:25'),(192,1,263,5,'2024-05-17 01:50:25'),(193,1,262,3,'2024-05-19 01:50:25'),(194,1,261,1,'2024-05-03 01:50:25'),(195,1,260,5,'2024-05-18 01:50:25'),(196,1,259,3,'2024-05-09 01:50:25'),(197,1,258,4,'2024-05-23 01:50:25'),(198,1,257,1,'2024-05-29 01:50:25'),(199,1,256,4,'2024-05-25 01:50:25'),(200,1,255,5,'2024-05-06 01:50:25'),(201,1,254,2,'2024-05-15 01:50:25'),(202,1,253,2,'2024-05-25 01:50:25'),(203,1,252,4,'2024-05-20 01:50:25'),(204,1,251,2,'2024-04-30 01:50:25'),(205,1,250,4,'2024-05-14 01:50:25'),(206,1,249,3,'2024-05-23 01:50:25'),(207,1,248,3,'2024-05-13 01:50:25'),(208,1,247,3,'2024-05-18 01:50:25'),(209,1,246,4,'2024-05-19 01:50:25'),(210,1,245,4,'2024-05-27 01:50:25'),(211,1,244,4,'2024-05-07 01:50:25'),(212,1,243,5,'2024-05-12 01:50:25'),(213,1,242,5,'2024-05-29 01:50:25'),(214,1,241,2,'2024-05-27 01:50:25'),(215,1,240,5,'2024-05-07 01:50:25'),(216,1,239,2,'2024-05-19 01:50:25'),(217,1,238,5,'2024-05-28 01:50:25'),(218,1,237,5,'2024-05-03 01:50:25'),(219,1,236,1,'2024-05-12 01:50:25'),(220,1,235,4,'2024-05-09 01:50:25'),(221,1,234,2,'2024-05-04 01:50:25'),(222,1,233,1,'2024-05-28 01:50:25'),(223,1,232,5,'2024-05-18 01:50:25'),(224,1,231,1,'2024-05-05 01:50:25'),(225,1,230,3,'2024-05-03 01:50:25'),(226,1,229,5,'2024-05-20 01:50:25'),(227,1,228,3,'2024-05-29 01:50:25'),(228,1,227,2,'2024-05-21 01:50:25'),(229,1,226,4,'2024-05-12 01:50:25'),(230,1,225,5,'2024-05-20 01:50:25'),(231,1,224,1,'2024-05-04 01:50:25'),(232,1,223,4,'2024-05-25 01:50:25'),(233,1,222,3,'2024-05-19 01:50:25'),(234,1,221,1,'2024-05-15 01:50:25'),(235,1,220,1,'2024-05-01 01:50:25'),(236,1,219,3,'2024-05-03 01:50:25'),(237,1,218,5,'2024-05-18 01:50:25'),(238,1,217,3,'2024-05-27 01:50:25'),(239,1,216,1,'2024-05-24 01:50:25'),(240,1,215,4,'2024-05-29 01:50:25'),(241,1,214,5,'2024-05-06 01:50:25'),(242,1,213,1,'2024-05-08 01:50:25'),(243,1,212,3,'2024-05-07 01:50:25'),(244,1,211,1,'2024-05-03 01:50:25'),(245,1,210,2,'2024-05-25 01:50:25'),(246,1,209,4,'2024-04-30 01:50:25'),(247,1,208,5,'2024-05-15 01:50:25'),(248,1,207,4,'2024-05-01 01:50:25'),(249,1,206,4,'2024-05-07 01:50:25'),(250,1,205,4,'2024-05-04 01:50:25'),(251,1,204,2,'2024-05-18 01:50:25'),(252,1,203,5,'2024-05-02 01:50:25'),(253,1,202,1,'2024-05-12 01:50:25'),(254,1,201,4,'2024-05-08 01:50:25'),(255,1,200,3,'2024-05-07 01:50:25'),(256,1,199,5,'2024-05-10 01:50:25'),(257,1,198,2,'2024-05-14 01:50:25'),(258,1,197,4,'2024-05-23 01:50:25'),(259,1,196,4,'2024-05-23 01:50:25'),(260,1,195,4,'2024-05-24 01:50:25'),(261,1,194,3,'2024-05-17 01:50:25'),(262,1,193,2,'2024-05-29 01:50:25'),(263,1,192,3,'2024-05-01 01:50:25'),(264,1,191,3,'2024-05-07 01:50:25'),(265,1,190,1,'2024-05-11 01:50:25'),(266,1,189,4,'2024-05-20 01:50:25'),(267,1,188,4,'2024-05-22 01:50:25'),(268,1,187,2,'2024-05-26 01:50:25'),(269,1,186,3,'2024-05-29 01:50:25'),(270,1,185,4,'2024-05-21 01:50:25'),(271,1,184,2,'2024-05-02 01:50:25'),(272,1,183,3,'2024-05-29 01:50:25'),(273,1,182,3,'2024-05-28 01:50:25'),(274,1,181,1,'2024-05-03 01:50:25'),(275,1,180,3,'2024-05-13 01:50:25'),(276,1,179,2,'2024-05-27 01:50:25'),(277,1,178,3,'2024-05-01 01:50:25'),(278,1,177,3,'2024-05-23 01:50:25'),(279,1,176,5,'2024-05-16 01:50:25'),(280,1,175,4,'2024-05-19 01:50:25'),(281,1,174,4,'2024-05-01 01:50:25'),(282,1,173,5,'2024-05-07 01:50:25'),(283,1,172,1,'2024-05-29 01:50:25'),(284,1,171,5,'2024-05-21 01:50:25'),(285,1,170,5,'2024-05-16 01:50:25'),(286,1,169,4,'2024-05-27 01:50:25'),(287,1,168,2,'2024-05-09 01:50:25'),(288,1,167,2,'2024-05-20 01:50:25'),(289,1,166,5,'2024-05-28 01:50:25'),(290,1,165,5,'2024-05-03 01:50:25'),(291,1,164,1,'2024-05-18 01:50:25'),(292,1,163,5,'2024-05-28 01:50:25'),(293,1,162,4,'2024-05-14 01:50:25'),(294,1,161,2,'2024-05-25 01:50:25'),(295,1,160,4,'2024-05-28 01:50:25'),(296,1,159,1,'2024-05-06 01:50:25'),(297,1,158,2,'2024-05-18 01:50:25'),(298,1,157,5,'2024-05-20 01:50:25'),(299,1,156,5,'2024-05-22 01:50:25'),(300,1,155,4,'2024-05-28 01:50:25'),(301,1,154,5,'2024-05-17 01:50:25'),(302,1,153,3,'2024-05-04 01:50:25'),(303,1,152,5,'2024-04-30 01:50:25'),(304,1,151,2,'2024-05-24 01:50:25'),(305,1,150,2,'2024-05-11 01:50:25'),(306,1,149,3,'2024-05-20 01:50:25'),(307,1,148,2,'2024-05-26 01:50:25'),(308,1,147,5,'2024-05-15 01:50:25'),(309,1,146,3,'2024-05-28 01:50:25'),(310,1,145,4,'2024-05-11 01:50:25'),(311,1,144,4,'2024-05-28 01:50:25'),(312,1,143,5,'2024-05-07 01:50:25'),(313,1,142,4,'2024-05-14 01:50:25'),(314,1,141,2,'2024-04-30 01:50:25'),(315,1,140,5,'2024-05-02 01:50:25'),(316,1,139,4,'2024-05-13 01:50:25'),(317,1,138,4,'2024-05-24 01:50:25'),(318,1,137,4,'2024-05-11 01:50:25'),(319,1,136,1,'2024-05-26 01:50:25'),(320,1,135,1,'2024-05-01 01:50:25'),(321,1,134,3,'2024-05-12 01:50:25'),(322,1,133,3,'2024-05-07 01:50:25'),(323,1,132,2,'2024-05-26 01:50:25'),(324,1,131,5,'2024-05-11 01:50:25'),(325,1,130,4,'2024-05-09 01:50:25'),(326,1,129,2,'2024-05-20 01:50:25'),(327,1,128,4,'2024-05-07 01:50:25'),(328,1,100,3,'2024-05-09 01:50:25'),(329,1,99,4,'2024-05-27 01:50:25'),(330,1,98,3,'2024-05-21 01:50:25'),(331,1,97,5,'2024-05-07 01:50:25'),(332,1,96,5,'2024-05-11 01:50:25'),(333,1,95,1,'2024-05-08 01:50:25'),(334,1,94,2,'2024-04-30 01:50:25'),(335,1,93,2,'2024-05-19 01:50:25'),(336,1,92,5,'2024-05-10 01:50:25'),(337,1,91,3,'2024-05-22 01:50:25'),(338,1,90,5,'2024-05-27 01:50:25'),(339,1,89,3,'2024-05-18 01:50:25'),(340,1,88,2,'2024-05-22 01:50:25'),(341,1,87,3,'2024-05-20 01:50:25'),(342,1,86,2,'2024-05-29 01:50:25'),(343,1,85,5,'2024-05-20 01:50:25'),(344,1,84,5,'2024-05-08 01:50:25'),(345,1,83,5,'2024-05-27 01:50:25'),(346,1,82,5,'2024-05-24 01:50:25'),(347,1,81,1,'2024-05-17 01:50:25'),(348,1,80,3,'2024-05-23 01:50:25'),(349,1,79,4,'2024-05-09 01:50:25'),(350,1,78,3,'2024-05-28 01:50:25'),(351,1,77,5,'2024-05-08 01:50:25'),(352,1,76,4,'2024-05-26 01:50:25'),(353,1,75,3,'2024-05-11 01:50:25'),(354,1,74,2,'2024-05-29 01:50:25'),(355,1,73,1,'2024-05-02 01:50:25'),(356,1,72,3,'2024-05-01 01:50:25'),(357,1,71,1,'2024-05-01 01:50:25'),(358,1,70,2,'2024-05-17 01:50:25'),(359,1,69,2,'2024-05-18 01:50:25'),(360,1,68,5,'2024-05-20 01:50:25'),(361,1,67,5,'2024-05-04 01:50:25'),(362,1,66,2,'2024-05-20 01:50:25'),(363,1,65,3,'2024-05-27 01:50:25'),(364,1,64,2,'2024-05-26 01:50:25'),(365,1,63,4,'2024-05-20 01:50:25'),(366,1,62,2,'2024-05-03 01:50:25'),(367,1,61,2,'2024-05-25 01:50:25'),(368,1,60,4,'2024-05-02 01:50:25'),(369,1,59,3,'2024-05-28 01:50:25'),(370,1,58,3,'2024-05-06 01:50:25'),(371,1,57,1,'2024-05-13 01:50:25'),(372,1,56,1,'2024-05-25 01:50:25'),(373,1,55,2,'2024-05-21 01:50:25'),(374,1,54,2,'2024-05-06 01:50:25'),(375,1,53,5,'2024-05-27 01:50:25'),(376,1,52,5,'2024-05-01 01:50:25'),(377,1,51,2,'2024-05-23 01:50:25'),(378,1,50,3,'2024-05-09 01:50:25'),(379,1,49,5,'2024-05-09 01:50:25'),(380,1,48,3,'2024-05-06 01:50:25'),(381,1,47,2,'2024-05-06 01:50:25'),(382,1,46,2,'2024-04-30 01:50:25'),(383,1,45,1,'2024-05-21 01:50:25'),(384,1,44,2,'2024-05-17 01:50:25'),(385,1,43,2,'2024-05-18 01:50:25'),(386,1,42,1,'2024-05-03 01:50:25'),(387,1,41,2,'2024-05-26 01:50:25'),(388,1,40,3,'2024-05-24 01:50:25'),(389,1,39,2,'2024-05-19 01:50:25'),(390,1,38,4,'2024-05-25 01:50:25'),(391,1,37,4,'2024-05-17 01:50:25'),(392,1,36,5,'2024-05-04 01:50:25'),(393,1,35,5,'2024-05-12 01:50:25'),(394,1,34,2,'2024-05-28 01:50:25'),(395,1,33,1,'2024-05-07 01:50:25'),(396,1,32,2,'2024-05-29 01:50:25'),(397,1,31,2,'2024-05-11 01:50:25'),(398,1,30,1,'2024-05-16 01:50:25'),(399,1,29,1,'2024-05-25 01:50:25'),(400,1,28,3,'2024-05-10 01:50:25'),(401,1,27,1,'2024-05-25 01:50:25'),(402,1,26,4,'2024-05-08 01:50:25'),(403,1,25,4,'2024-05-09 01:50:25'),(404,1,24,1,'2024-05-23 01:50:25'),(405,1,23,5,'2024-05-03 01:50:25'),(406,1,22,4,'2024-05-06 01:50:25'),(407,1,21,5,'2024-05-27 01:50:25'),(408,1,20,4,'2024-05-19 01:50:25'),(409,1,19,3,'2024-05-05 01:50:25'),(410,1,18,2,'2024-05-23 01:50:25'),(411,1,17,1,'2024-05-02 01:50:25'),(412,1,16,2,'2024-05-15 01:50:25'),(413,1,15,4,'2024-05-29 01:50:25'),(414,1,14,1,'2024-05-29 01:50:25'),(415,1,13,5,'2024-05-01 01:50:25'),(416,1,12,4,'2024-05-02 01:50:25'),(417,1,11,2,'2024-04-30 01:50:25'),(418,1,10,5,'2024-05-11 01:50:25'),(419,1,9,2,'2024-05-03 01:50:25'),(420,1,8,2,'2024-05-20 01:50:25'),(421,1,7,2,'2024-05-03 01:50:25'),(422,1,6,2,'2024-05-26 01:50:25'),(423,1,5,3,'2024-05-28 01:50:25'),(424,1,4,4,'2024-05-05 01:50:25'),(425,1,3,4,'2024-05-22 01:50:25'),(426,1,2,1,'2024-05-18 01:50:25'),(427,1,1,5,'2024-05-26 01:50:25'),(428,227,327,5,'2024-05-10 01:50:25'),(429,227,326,2,'2024-05-20 01:50:25'),(430,227,325,5,'2024-05-21 01:50:25'),(431,227,324,5,'2024-05-15 01:50:25'),(432,227,323,5,'2024-05-10 01:50:25'),(433,227,322,4,'2024-05-03 01:50:25'),(434,227,321,1,'2024-05-24 01:50:25'),(435,227,320,3,'2024-05-14 01:50:25'),(436,227,319,2,'2024-05-26 01:50:25'),(437,227,318,3,'2024-05-16 01:50:25'),(438,227,317,3,'2024-05-13 01:50:25'),(439,227,316,5,'2024-05-25 01:50:25'),(440,227,315,5,'2024-05-25 01:50:25'),(441,227,314,5,'2024-05-19 01:50:25'),(442,227,313,5,'2024-05-19 01:50:25'),(443,227,312,1,'2024-05-11 01:50:25'),(444,227,311,4,'2024-05-05 01:50:25'),(445,227,310,5,'2024-05-09 01:50:25'),(446,227,309,5,'2024-05-11 01:50:25'),(447,227,308,2,'2024-05-19 01:50:25'),(448,227,307,1,'2024-05-22 01:50:25'),(449,227,306,1,'2024-05-19 01:50:25'),(450,227,305,4,'2024-05-22 01:50:25'),(451,227,304,2,'2024-05-15 01:50:25'),(452,227,303,4,'2024-05-07 01:50:25'),(453,227,302,5,'2024-05-24 01:50:25'),(454,227,301,1,'2024-05-15 01:50:25'),(455,227,300,4,'2024-05-18 01:50:25'),(456,227,299,4,'2024-05-02 01:50:25'),(457,227,298,5,'2024-05-21 01:50:25'),(458,227,297,5,'2024-05-05 01:50:25'),(459,227,296,2,'2024-05-28 01:50:25'),(460,227,295,2,'2024-05-13 01:50:25'),(461,227,294,4,'2024-05-04 01:50:25'),(462,227,293,1,'2024-05-18 01:50:25'),(463,227,292,2,'2024-05-09 01:50:25'),(464,227,291,2,'2024-05-21 01:50:25'),(465,227,290,3,'2024-05-25 01:50:25'),(466,227,289,5,'2024-05-22 01:50:25'),(467,227,288,3,'2024-05-16 01:50:25'),(468,227,287,5,'2024-05-29 01:50:25'),(469,227,286,3,'2024-05-24 01:50:25'),(470,227,285,3,'2024-05-18 01:50:25'),(471,227,284,1,'2024-05-18 01:50:25'),(472,227,283,3,'2024-05-08 01:50:25'),(473,227,282,5,'2024-05-29 01:50:25'),(474,227,281,3,'2024-05-07 01:50:25'),(475,227,280,1,'2024-05-28 01:50:25'),(476,227,279,1,'2024-05-13 01:50:25'),(477,227,278,2,'2024-05-11 01:50:25'),(478,227,277,2,'2024-05-29 01:50:25'),(479,227,276,5,'2024-05-10 01:50:25'),(480,227,275,3,'2024-05-18 01:50:25'),(481,227,274,3,'2024-05-17 01:50:25'),(482,227,273,4,'2024-05-08 01:50:25'),(483,227,272,5,'2024-05-28 01:50:25'),(484,227,271,4,'2024-05-26 01:50:25'),(485,227,270,4,'2024-05-26 01:50:25'),(486,227,269,3,'2024-05-05 01:50:25'),(487,227,268,4,'2024-05-18 01:50:25'),(488,227,267,4,'2024-05-21 01:50:25'),(489,227,266,2,'2024-05-08 01:50:25'),(490,227,265,4,'2024-05-20 01:50:25'),(491,227,264,3,'2024-05-17 01:50:25'),(492,227,263,4,'2024-05-22 01:50:25'),(493,227,262,1,'2024-05-08 01:50:25'),(494,227,261,2,'2024-05-08 01:50:25'),(495,227,260,2,'2024-05-04 01:50:25'),(496,227,259,5,'2024-05-15 01:50:25'),(497,227,258,3,'2024-05-06 01:50:25'),(498,227,257,3,'2024-05-13 01:50:25'),(499,227,256,5,'2024-05-19 01:50:25'),(500,227,255,4,'2024-05-16 01:50:25'),(501,227,254,2,'2024-05-09 01:50:25'),(502,227,253,4,'2024-05-04 01:50:25'),(503,227,252,5,'2024-05-22 01:50:25'),(504,227,251,2,'2024-05-07 01:50:25'),(505,227,250,5,'2024-04-30 01:50:25'),(506,227,249,2,'2024-05-05 01:50:25'),(507,227,248,1,'2024-05-10 01:50:25'),(508,227,247,1,'2024-05-04 01:50:25'),(509,227,246,4,'2024-05-19 01:50:25'),(510,227,245,3,'2024-04-30 01:50:25'),(511,227,244,4,'2024-05-18 01:50:25'),(512,227,243,5,'2024-05-20 01:50:25'),(513,227,242,5,'2024-05-18 01:50:25'),(514,227,241,2,'2024-05-11 01:50:25'),(515,227,240,5,'2024-05-28 01:50:25'),(516,227,239,2,'2024-05-10 01:50:25'),(517,227,238,1,'2024-05-01 01:50:25'),(518,227,237,2,'2024-05-21 01:50:25'),(519,227,236,4,'2024-05-08 01:50:25'),(520,227,235,3,'2024-05-02 01:50:25'),(521,227,234,3,'2024-05-23 01:50:25'),(522,227,233,5,'2024-05-28 01:50:25'),(523,227,232,3,'2024-05-27 01:50:25'),(524,227,231,1,'2024-05-27 01:50:25'),(525,227,230,2,'2024-05-04 01:50:25'),(526,227,229,4,'2024-05-12 01:50:25'),(527,227,228,5,'2024-05-27 01:50:25'),(528,227,227,3,'2024-05-25 01:50:25'),(529,227,226,3,'2024-05-14 01:50:25'),(530,227,225,3,'2024-05-11 01:50:25'),(531,227,224,4,'2024-05-27 01:50:25'),(532,227,223,1,'2024-05-27 01:50:25'),(533,227,222,1,'2024-05-15 01:50:25'),(534,227,221,5,'2024-05-21 01:50:25'),(535,227,220,3,'2024-05-26 01:50:25'),(536,227,219,5,'2024-05-06 01:50:25'),(537,227,218,3,'2024-05-08 01:50:25'),(538,227,217,2,'2024-05-12 01:50:25'),(539,227,216,5,'2024-05-15 01:50:25'),(540,227,215,5,'2024-05-28 01:50:25'),(541,227,214,3,'2024-05-17 01:50:25'),(542,227,213,4,'2024-05-04 01:50:25'),(543,227,212,2,'2024-05-29 01:50:25'),(544,227,211,1,'2024-05-05 01:50:25'),(545,227,210,3,'2024-05-26 01:50:25'),(546,227,209,1,'2024-05-07 01:50:25'),(547,227,208,4,'2024-05-23 01:50:25'),(548,227,207,1,'2024-05-10 01:50:25'),(549,227,206,1,'2024-05-13 01:50:25'),(550,227,205,3,'2024-05-15 01:50:25'),(551,227,204,1,'2024-05-28 01:50:25'),(552,227,203,5,'2024-05-10 01:50:25'),(553,227,202,2,'2024-05-10 01:50:25'),(554,227,201,2,'2024-05-09 01:50:25'),(555,227,200,3,'2024-05-18 01:50:25'),(556,227,199,3,'2024-05-23 01:50:25'),(557,227,198,3,'2024-05-21 01:50:25'),(558,227,197,4,'2024-05-07 01:50:25'),(559,227,196,3,'2024-05-10 01:50:25'),(560,227,195,3,'2024-05-21 01:50:25'),(561,227,194,1,'2024-04-30 01:50:25'),(562,227,193,2,'2024-05-29 01:50:25'),(563,227,192,5,'2024-05-07 01:50:25'),(564,227,191,5,'2024-05-04 01:50:25'),(565,227,190,5,'2024-05-07 01:50:25'),(566,227,189,1,'2024-05-18 01:50:25'),(567,227,188,3,'2024-05-09 01:50:25'),(568,227,187,4,'2024-05-10 01:50:25'),(569,227,186,1,'2024-05-19 01:50:25'),(570,227,185,3,'2024-05-12 01:50:25'),(571,227,184,2,'2024-05-08 01:50:25'),(572,227,183,4,'2024-05-16 01:50:25'),(573,227,182,1,'2024-05-05 01:50:25'),(574,227,181,1,'2024-05-10 01:50:25'),(575,227,180,1,'2024-05-29 01:50:25'),(576,227,179,3,'2024-05-09 01:50:25'),(577,227,178,4,'2024-05-11 01:50:25'),(578,227,177,5,'2024-05-04 01:50:25'),(579,227,176,3,'2024-05-06 01:50:25'),(580,227,175,3,'2024-05-04 01:50:25'),(581,227,174,5,'2024-05-17 01:50:25'),(582,227,173,1,'2024-05-26 01:50:25'),(583,227,172,2,'2024-05-19 01:50:25'),(584,227,171,4,'2024-05-05 01:50:25'),(585,227,170,4,'2024-05-15 01:50:25'),(586,227,169,1,'2024-05-10 01:50:25'),(587,227,168,1,'2024-05-07 01:50:25'),(588,227,167,2,'2024-05-17 01:50:25'),(589,227,166,1,'2024-05-24 01:50:25'),(590,227,165,4,'2024-05-03 01:50:25'),(591,227,164,2,'2024-05-01 01:50:25'),(592,227,163,5,'2024-05-20 01:50:25'),(593,227,162,1,'2024-05-22 01:50:25'),(594,227,161,1,'2024-05-27 01:50:25'),(595,227,160,5,'2024-05-19 01:50:25'),(596,227,159,5,'2024-05-08 01:50:25'),(597,227,158,5,'2024-05-05 01:50:25'),(598,227,157,4,'2024-05-01 01:50:25'),(599,227,156,4,'2024-05-13 01:50:25'),(600,227,155,4,'2024-05-22 01:50:25'),(601,227,154,5,'2024-05-03 01:50:25'),(602,227,153,3,'2024-05-24 01:50:25'),(603,227,152,1,'2024-05-17 01:50:25'),(604,227,151,3,'2024-05-21 01:50:25'),(605,227,150,5,'2024-05-17 01:50:25'),(606,227,149,3,'2024-05-10 01:50:25'),(607,227,148,3,'2024-05-19 01:50:25'),(608,227,147,2,'2024-05-05 01:50:25'),(609,227,146,1,'2024-05-12 01:50:25'),(610,227,145,5,'2024-05-07 01:50:25'),(611,227,144,1,'2024-05-05 01:50:25'),(612,227,143,1,'2024-05-29 01:50:25'),(613,227,142,4,'2024-05-04 01:50:25'),(614,227,141,5,'2024-05-27 01:50:25'),(615,227,140,4,'2024-04-30 01:50:25'),(616,227,139,5,'2024-05-01 01:50:25'),(617,227,138,4,'2024-05-26 01:50:25'),(618,227,137,1,'2024-05-11 01:50:25'),(619,227,136,3,'2024-04-30 01:50:25'),(620,227,135,1,'2024-05-29 01:50:25'),(621,227,134,3,'2024-05-15 01:50:25'),(622,227,133,5,'2024-05-23 01:50:25'),(623,227,132,2,'2024-05-09 01:50:25'),(624,227,131,3,'2024-05-05 01:50:25'),(625,227,130,2,'2024-05-18 01:50:25'),(626,227,129,4,'2024-05-09 01:50:25'),(627,227,128,1,'2024-05-07 01:50:25'),(628,227,100,2,'2024-05-24 01:50:25'),(629,227,99,1,'2024-05-14 01:50:25'),(630,227,98,3,'2024-05-19 01:50:25'),(631,227,97,1,'2024-04-30 01:50:25'),(632,227,96,5,'2024-05-23 01:50:25'),(633,227,95,4,'2024-05-16 01:50:25'),(634,227,94,2,'2024-05-14 01:50:25'),(635,227,93,3,'2024-05-27 01:50:25'),(636,227,92,4,'2024-05-12 01:50:25'),(637,227,91,4,'2024-05-09 01:50:25'),(638,227,90,2,'2024-05-17 01:50:25'),(639,227,89,2,'2024-05-05 01:50:25'),(640,227,88,3,'2024-05-03 01:50:25'),(641,227,87,5,'2024-05-22 01:50:25'),(642,227,86,2,'2024-05-06 01:50:25'),(643,227,85,1,'2024-05-10 01:50:25'),(644,227,84,2,'2024-05-17 01:50:25'),(645,227,83,2,'2024-05-26 01:50:25'),(646,227,82,4,'2024-05-13 01:50:25'),(647,227,81,2,'2024-05-23 01:50:25'),(648,227,80,5,'2024-05-01 01:50:25'),(649,227,79,5,'2024-05-01 01:50:25'),(650,227,78,5,'2024-05-03 01:50:25'),(651,227,77,3,'2024-05-05 01:50:25'),(652,227,76,4,'2024-05-10 01:50:25'),(653,227,75,2,'2024-05-02 01:50:25'),(654,227,74,3,'2024-05-11 01:50:25'),(655,227,73,4,'2024-05-13 01:50:25'),(656,227,72,4,'2024-05-28 01:50:25'),(657,227,71,1,'2024-05-23 01:50:25'),(658,227,70,5,'2024-05-15 01:50:25'),(659,227,69,5,'2024-05-27 01:50:25'),(660,227,68,4,'2024-05-14 01:50:25'),(661,227,67,2,'2024-05-01 01:50:25'),(662,227,66,5,'2024-05-23 01:50:25'),(663,227,65,4,'2024-05-07 01:50:25'),(664,227,64,4,'2024-05-22 01:50:25'),(665,227,63,1,'2024-05-03 01:50:25'),(666,227,62,1,'2024-05-06 01:50:25'),(667,227,61,4,'2024-05-07 01:50:25'),(668,227,60,5,'2024-05-22 01:50:25'),(669,227,59,3,'2024-05-27 01:50:25'),(670,227,58,4,'2024-05-19 01:50:25'),(671,227,57,4,'2024-05-01 01:50:25'),(672,227,56,5,'2024-05-07 01:50:25'),(673,227,55,5,'2024-05-08 01:50:25'),(674,227,54,3,'2024-05-09 01:50:25'),(675,227,53,4,'2024-05-10 01:50:25'),(676,227,52,1,'2024-05-26 01:50:25'),(677,227,51,3,'2024-05-24 01:50:25'),(678,227,50,3,'2024-05-12 01:50:25'),(679,227,49,4,'2024-05-11 01:50:25'),(680,227,48,1,'2024-05-22 01:50:25'),(681,227,47,2,'2024-05-14 01:50:25'),(682,227,46,4,'2024-05-23 01:50:25'),(683,227,45,5,'2024-05-06 01:50:25'),(684,227,44,2,'2024-05-26 01:50:25'),(685,227,43,4,'2024-05-29 01:50:25'),(686,227,42,5,'2024-04-30 01:50:25'),(687,227,41,5,'2024-05-11 01:50:25'),(688,227,40,2,'2024-05-04 01:50:25'),(689,227,39,2,'2024-05-09 01:50:25'),(690,227,38,4,'2024-05-20 01:50:25'),(691,227,37,3,'2024-05-03 01:50:25'),(692,227,36,4,'2024-05-08 01:50:25'),(693,227,35,4,'2024-05-04 01:50:25'),(694,227,34,3,'2024-05-04 01:50:25'),(695,227,33,4,'2024-05-21 01:50:25'),(696,227,32,1,'2024-05-15 01:50:25'),(697,227,31,2,'2024-05-03 01:50:25'),(698,227,30,3,'2024-05-24 01:50:25'),(699,227,29,1,'2024-05-18 01:50:25'),(700,227,28,3,'2024-05-02 01:50:25'),(701,227,27,2,'2024-05-12 01:50:25'),(702,227,26,1,'2024-05-25 01:50:25'),(703,227,25,1,'2024-05-18 01:50:25'),(704,227,24,2,'2024-05-04 01:50:25'),(705,227,23,1,'2024-05-11 01:50:25'),(706,227,22,5,'2024-04-30 01:50:25'),(707,227,21,5,'2024-04-30 01:50:25'),(708,227,20,1,'2024-05-28 01:50:25'),(709,227,19,1,'2024-05-05 01:50:25'),(710,227,18,3,'2024-05-22 01:50:25'),(711,227,17,3,'2024-05-26 01:50:25'),(712,227,16,5,'2024-05-24 01:50:25'),(713,227,15,2,'2024-05-09 01:50:25'),(714,227,14,4,'2024-05-21 01:50:25'),(715,227,13,3,'2024-05-20 01:50:25'),(716,227,12,2,'2024-05-17 01:50:25'),(717,227,11,1,'2024-05-06 01:50:25'),(718,227,10,2,'2024-05-21 01:50:25'),(719,227,9,3,'2024-05-22 01:50:25'),(720,227,8,5,'2024-05-28 01:50:25'),(721,227,7,3,'2024-05-29 01:50:25'),(722,227,6,4,'2024-05-14 01:50:25'),(723,227,5,3,'2024-05-29 01:50:25'),(724,227,4,3,'2024-05-14 01:50:25'),(725,227,3,1,'2024-05-02 01:50:25'),(726,227,2,2,'2024-05-13 01:50:25'),(727,227,1,5,'2024-05-23 01:50:25'),(728,327,327,1,'2024-04-30 01:50:25'),(729,327,326,3,'2024-05-11 01:50:25'),(730,327,325,3,'2024-04-30 01:50:25'),(731,327,324,2,'2024-05-24 01:50:25'),(732,327,323,1,'2024-05-15 01:50:25'),(733,327,322,4,'2024-05-18 01:50:25'),(734,327,321,3,'2024-05-07 01:50:25'),(735,327,320,1,'2024-05-27 01:50:25'),(736,327,319,2,'2024-05-04 01:50:25'),(737,327,318,4,'2024-05-11 01:50:25'),(738,327,317,2,'2024-05-26 01:50:25'),(739,327,316,1,'2024-05-10 01:50:25'),(740,327,315,2,'2024-05-16 01:50:25'),(741,327,314,2,'2024-05-14 01:50:25'),(742,327,313,3,'2024-04-30 01:50:25'),(743,327,312,2,'2024-04-30 01:50:25'),(744,327,311,4,'2024-05-14 01:50:25'),(745,327,310,3,'2024-04-30 01:50:25'),(746,327,309,3,'2024-05-24 01:50:25'),(747,327,308,4,'2024-05-13 01:50:25'),(748,327,307,5,'2024-05-27 01:50:25'),(749,327,306,4,'2024-05-06 01:50:25'),(750,327,305,1,'2024-04-30 01:50:25'),(751,327,304,4,'2024-05-07 01:50:25'),(752,327,303,3,'2024-05-19 01:50:25'),(753,327,302,2,'2024-05-25 01:50:25'),(754,327,301,1,'2024-05-07 01:50:25'),(755,327,300,3,'2024-05-14 01:50:25'),(756,327,299,1,'2024-05-17 01:50:25'),(757,327,298,1,'2024-05-19 01:50:25'),(758,327,297,2,'2024-05-09 01:50:25'),(759,327,296,2,'2024-05-06 01:50:25'),(760,327,295,5,'2024-05-07 01:50:25'),(761,327,294,2,'2024-05-17 01:50:25'),(762,327,293,1,'2024-05-20 01:50:25'),(763,327,292,1,'2024-05-29 01:50:25'),(764,327,291,3,'2024-05-22 01:50:25'),(765,327,290,5,'2024-05-12 01:50:25'),(766,327,289,2,'2024-05-09 01:50:25'),(767,327,288,4,'2024-05-28 01:50:25'),(768,327,287,2,'2024-05-15 01:50:25'),(769,327,286,3,'2024-05-26 01:50:25'),(770,327,285,5,'2024-05-11 01:50:25'),(771,327,284,1,'2024-05-16 01:50:25'),(772,327,283,1,'2024-05-21 01:50:25'),(773,327,282,5,'2024-05-28 01:50:25'),(774,327,281,2,'2024-05-11 01:50:25'),(775,327,280,1,'2024-05-18 01:50:25'),(776,327,279,4,'2024-05-13 01:50:25'),(777,327,278,4,'2024-05-20 01:50:25'),(778,327,277,4,'2024-05-29 01:50:25'),(779,327,276,4,'2024-05-13 01:50:25'),(780,327,275,4,'2024-05-17 01:50:25'),(781,327,274,1,'2024-05-09 01:50:25'),(782,327,273,5,'2024-05-11 01:50:25'),(783,327,272,2,'2024-05-21 01:50:25'),(784,327,271,4,'2024-05-28 01:50:25'),(785,327,270,5,'2024-05-16 01:50:25'),(786,327,269,3,'2024-05-24 01:50:25'),(787,327,268,3,'2024-05-13 01:50:25'),(788,327,267,3,'2024-05-04 01:50:25'),(789,327,266,4,'2024-05-02 01:50:25'),(790,327,265,3,'2024-04-30 01:50:25'),(791,327,264,2,'2024-05-25 01:50:25'),(792,327,263,1,'2024-05-20 01:50:25'),(793,327,262,1,'2024-05-09 01:50:25'),(794,327,261,1,'2024-05-21 01:50:25'),(795,327,260,1,'2024-05-02 01:50:25'),(796,327,259,1,'2024-05-05 01:50:25'),(797,327,258,4,'2024-05-22 01:50:25'),(798,327,257,1,'2024-05-19 01:50:25'),(799,327,256,4,'2024-05-25 01:50:25'),(800,327,255,5,'2024-05-10 01:50:25'),(801,327,254,5,'2024-05-22 01:50:25'),(802,327,253,4,'2024-05-05 01:50:25'),(803,327,252,5,'2024-05-16 01:50:25'),(804,327,251,2,'2024-05-27 01:50:25'),(805,327,250,3,'2024-05-21 01:50:25'),(806,327,249,5,'2024-05-04 01:50:25'),(807,327,248,3,'2024-05-12 01:50:25'),(808,327,247,3,'2024-05-23 01:50:25'),(809,327,246,2,'2024-05-21 01:50:25'),(810,327,245,1,'2024-05-28 01:50:25'),(811,327,244,4,'2024-05-13 01:50:25'),(812,327,243,3,'2024-05-08 01:50:25'),(813,327,242,2,'2024-05-02 01:50:25'),(814,327,241,5,'2024-05-07 01:50:25'),(815,327,240,1,'2024-05-25 01:50:25'),(816,327,239,3,'2024-05-24 01:50:25'),(817,327,238,2,'2024-05-02 01:50:25'),(818,327,237,4,'2024-05-05 01:50:25'),(819,327,236,5,'2024-05-19 01:50:25'),(820,327,235,5,'2024-05-25 01:50:25'),(821,327,234,2,'2024-05-04 01:50:25'),(822,327,233,3,'2024-05-29 01:50:25'),(823,327,232,3,'2024-05-08 01:50:25'),(824,327,231,5,'2024-05-11 01:50:25'),(825,327,230,2,'2024-05-21 01:50:25'),(826,327,229,4,'2024-04-30 01:50:25'),(827,327,228,3,'2024-05-06 01:50:25'),(828,327,227,2,'2024-05-26 01:50:25'),(829,327,226,4,'2024-05-20 01:50:25'),(830,327,225,3,'2024-05-25 01:50:25'),(831,327,224,3,'2024-05-02 01:50:25'),(832,327,223,1,'2024-05-24 01:50:25'),(833,327,222,2,'2024-05-03 01:50:25'),(834,327,221,4,'2024-05-16 01:50:25'),(835,327,220,2,'2024-05-20 01:50:25'),(836,327,219,4,'2024-05-19 01:50:25'),(837,327,218,4,'2024-05-19 01:50:25'),(838,327,217,4,'2024-05-09 01:50:25'),(839,327,216,2,'2024-05-28 01:50:25'),(840,327,215,3,'2024-05-14 01:50:25'),(841,327,214,1,'2024-05-08 01:50:25'),(842,327,213,2,'2024-05-07 01:50:25'),(843,327,212,4,'2024-05-27 01:50:25'),(844,327,211,2,'2024-05-08 01:50:25'),(845,327,210,2,'2024-05-04 01:50:25'),(846,327,209,5,'2024-05-17 01:50:25'),(847,327,208,1,'2024-05-21 01:50:25'),(848,327,207,1,'2024-05-04 01:50:25'),(849,327,206,4,'2024-05-16 01:50:25'),(850,327,205,5,'2024-05-29 01:50:25'),(851,327,204,3,'2024-05-28 01:50:25'),(852,327,203,1,'2024-05-26 01:50:25'),(853,327,202,2,'2024-05-19 01:50:25'),(854,327,201,4,'2024-05-06 01:50:25'),(855,327,200,3,'2024-05-16 01:50:25'),(856,327,199,3,'2024-05-12 01:50:25'),(857,327,198,2,'2024-05-20 01:50:25'),(858,327,197,5,'2024-05-04 01:50:25'),(859,327,196,2,'2024-05-03 01:50:25'),(860,327,195,4,'2024-05-17 01:50:25'),(861,327,194,2,'2024-05-05 01:50:25'),(862,327,193,3,'2024-05-08 01:50:25'),(863,327,192,2,'2024-05-21 01:50:25'),(864,327,191,3,'2024-05-09 01:50:25'),(865,327,190,5,'2024-05-04 01:50:25'),(866,327,189,2,'2024-05-26 01:50:25'),(867,327,188,3,'2024-05-16 01:50:25'),(868,327,187,4,'2024-05-08 01:50:25'),(869,327,186,4,'2024-05-21 01:50:25'),(870,327,185,3,'2024-05-24 01:50:25'),(871,327,184,4,'2024-05-13 01:50:25'),(872,327,183,5,'2024-05-03 01:50:25'),(873,327,182,4,'2024-05-09 01:50:25'),(874,327,181,3,'2024-04-30 01:50:25'),(875,327,180,4,'2024-05-08 01:50:25'),(876,327,179,2,'2024-05-15 01:50:25'),(877,327,178,3,'2024-05-27 01:50:25'),(878,327,177,5,'2024-04-30 01:50:25'),(879,327,176,2,'2024-05-01 01:50:25'),(880,327,175,3,'2024-05-25 01:50:25'),(881,327,174,5,'2024-05-16 01:50:25'),(882,327,173,2,'2024-05-26 01:50:25'),(883,327,172,4,'2024-05-17 01:50:25'),(884,327,171,5,'2024-05-02 01:50:25'),(885,327,170,1,'2024-05-03 01:50:25'),(886,327,169,5,'2024-05-22 01:50:25'),(887,327,168,2,'2024-05-10 01:50:25'),(888,327,167,3,'2024-05-25 01:50:25'),(889,327,166,3,'2024-05-06 01:50:25'),(890,327,165,3,'2024-05-16 01:50:25'),(891,327,164,3,'2024-05-15 01:50:25'),(892,327,163,4,'2024-05-22 01:50:25'),(893,327,162,1,'2024-05-10 01:50:25'),(894,327,161,5,'2024-05-09 01:50:25'),(895,327,160,4,'2024-05-19 01:50:25'),(896,327,159,4,'2024-05-18 01:50:25'),(897,327,158,5,'2024-05-29 01:50:25'),(898,327,157,3,'2024-05-09 01:50:25'),(899,327,156,5,'2024-04-30 01:50:25'),(900,327,155,3,'2024-05-07 01:50:25'),(901,327,154,1,'2024-05-14 01:50:25'),(902,327,153,1,'2024-05-29 01:50:25'),(903,327,152,4,'2024-05-18 01:50:25'),(904,327,151,5,'2024-05-21 01:50:25'),(905,327,150,5,'2024-05-25 01:50:25'),(906,327,149,2,'2024-05-29 01:50:25'),(907,327,148,2,'2024-05-21 01:50:25'),(908,327,147,3,'2024-05-02 01:50:25'),(909,327,146,5,'2024-05-03 01:50:25'),(910,327,145,4,'2024-05-05 01:50:25'),(911,327,144,5,'2024-05-17 01:50:25'),(912,327,143,2,'2024-05-04 01:50:25'),(913,327,142,3,'2024-05-27 01:50:25'),(914,327,141,5,'2024-05-01 01:50:25'),(915,327,140,2,'2024-05-12 01:50:25'),(916,327,139,1,'2024-05-13 01:50:25'),(917,327,138,3,'2024-05-21 01:50:25'),(918,327,137,3,'2024-05-28 01:50:25'),(919,327,136,3,'2024-05-10 01:50:25'),(920,327,135,4,'2024-05-25 01:50:25'),(921,327,134,5,'2024-05-08 01:50:25'),(922,327,133,1,'2024-05-13 01:50:25'),(923,327,132,2,'2024-05-29 01:50:25'),(924,327,131,1,'2024-05-24 01:50:25'),(925,327,130,5,'2024-05-09 01:50:25'),(926,327,129,5,'2024-05-24 01:50:25'),(927,327,128,2,'2024-05-27 01:50:25'),(928,327,100,3,'2024-05-03 01:50:25'),(929,327,99,1,'2024-05-02 01:50:25'),(930,327,98,2,'2024-05-04 01:50:25'),(931,327,97,2,'2024-05-06 01:50:25'),(932,327,96,1,'2024-05-14 01:50:25'),(933,327,95,1,'2024-05-14 01:50:25'),(934,327,94,3,'2024-05-26 01:50:25'),(935,327,93,5,'2024-05-12 01:50:25'),(936,327,92,1,'2024-05-21 01:50:25'),(937,327,91,2,'2024-05-01 01:50:25'),(938,327,90,4,'2024-05-12 01:50:25'),(939,327,89,5,'2024-05-17 01:50:25'),(940,327,88,3,'2024-05-16 01:50:25'),(941,327,87,4,'2024-05-05 01:50:25'),(942,327,86,1,'2024-05-15 01:50:25'),(943,327,85,5,'2024-05-03 01:50:25'),(944,327,84,4,'2024-05-22 01:50:25'),(945,327,83,5,'2024-04-30 01:50:25'),(946,327,82,1,'2024-05-25 01:50:25'),(947,327,81,4,'2024-04-30 01:50:25'),(948,327,80,5,'2024-05-18 01:50:25'),(949,327,79,2,'2024-05-13 01:50:25'),(950,327,78,4,'2024-05-25 01:50:25'),(951,327,77,2,'2024-05-14 01:50:25'),(952,327,76,3,'2024-05-14 01:50:25'),(953,327,75,2,'2024-05-24 01:50:25'),(954,327,74,5,'2024-04-30 01:50:25'),(955,327,73,2,'2024-05-25 01:50:25'),(956,327,72,1,'2024-05-03 01:50:25'),(957,327,71,2,'2024-05-10 01:50:25'),(958,327,70,3,'2024-05-17 01:50:25'),(959,327,69,4,'2024-05-05 01:50:25'),(960,327,68,2,'2024-05-08 01:50:25'),(961,327,67,5,'2024-05-28 01:50:25'),(962,327,66,4,'2024-05-11 01:50:25'),(963,327,65,4,'2024-04-30 01:50:25'),(964,327,64,4,'2024-05-16 01:50:25'),(965,327,63,2,'2024-05-07 01:50:25'),(966,327,62,1,'2024-05-01 01:50:25'),(967,327,61,4,'2024-05-19 01:50:25'),(968,327,60,4,'2024-05-04 01:50:25'),(969,327,59,5,'2024-05-03 01:50:25'),(970,327,58,5,'2024-05-16 01:50:25'),(971,327,57,5,'2024-05-09 01:50:25'),(972,327,56,1,'2024-05-29 01:50:25'),(973,327,55,1,'2024-05-24 01:50:25'),(974,327,54,5,'2024-05-16 01:50:25'),(975,327,53,4,'2024-05-12 01:50:25'),(976,327,52,3,'2024-05-02 01:50:25'),(977,327,51,5,'2024-04-30 01:50:25'),(978,327,50,1,'2024-05-11 01:50:25'),(979,327,49,4,'2024-05-27 01:50:25'),(980,327,48,1,'2024-04-30 01:50:25'),(981,327,47,4,'2024-05-06 01:50:25'),(982,327,46,4,'2024-05-02 01:50:25'),(983,327,45,4,'2024-05-13 01:50:25'),(984,327,44,4,'2024-05-26 01:50:25'),(985,327,43,2,'2024-05-16 01:50:25'),(986,327,42,1,'2024-05-22 01:50:25'),(987,327,41,5,'2024-05-03 01:50:25'),(988,327,40,4,'2024-05-10 01:50:25'),(989,327,39,2,'2024-05-17 01:50:25'),(990,327,38,2,'2024-05-23 01:50:25'),(991,327,37,2,'2024-05-19 01:50:25'),(992,327,36,1,'2024-05-13 01:50:25'),(993,327,35,3,'2024-05-16 01:50:25'),(994,327,34,1,'2024-05-08 01:50:25'),(995,327,33,3,'2024-05-12 01:50:25'),(996,327,32,2,'2024-05-17 01:50:25'),(997,327,31,3,'2024-05-06 01:50:25'),(998,327,30,4,'2024-05-28 01:50:25'),(999,327,29,2,'2024-05-27 01:50:25'),(1000,327,28,4,'2024-05-26 01:50:25'),(1001,327,27,3,'2024-05-18 01:50:25'),(1002,327,26,2,'2024-05-21 01:50:25'),(1003,327,25,4,'2024-05-25 01:50:25'),(1004,327,24,5,'2024-05-01 01:50:25'),(1005,327,23,1,'2024-05-07 01:50:25'),(1006,327,22,2,'2024-05-15 01:50:25'),(1007,327,21,3,'2024-05-11 01:50:25'),(1008,327,20,5,'2024-05-17 01:50:25'),(1009,327,19,3,'2024-05-17 01:50:25'),(1010,327,18,3,'2024-05-04 01:50:25'),(1011,327,17,1,'2024-05-07 01:50:25'),(1012,327,16,3,'2024-05-24 01:50:25'),(1013,327,15,3,'2024-05-26 01:50:25'),(1014,327,14,5,'2024-05-21 01:50:25'),(1015,327,13,4,'2024-05-18 01:50:25'),(1016,327,12,5,'2024-05-08 01:50:25'),(1017,327,11,4,'2024-05-23 01:50:25'),(1018,327,10,1,'2024-05-11 01:50:25'),(1019,327,9,5,'2024-05-03 01:50:25'),(1020,327,8,4,'2024-05-15 01:50:25'),(1021,327,7,3,'2024-05-24 01:50:25'),(1022,327,6,2,'2024-05-26 01:50:25'),(1023,327,5,3,'2024-05-13 01:50:25'),(1024,327,4,1,'2024-05-15 01:50:25'),(1025,327,3,2,'2024-05-26 01:50:25'),(1026,327,2,4,'2024-05-27 01:50:25'),(1027,327,1,2,'2024-05-22 01:50:25'),(1028,427,327,3,'2024-05-19 01:50:25'),(1029,427,326,3,'2024-05-25 01:50:25'),(1030,427,325,3,'2024-05-04 01:50:25'),(1031,427,324,5,'2024-05-05 01:50:25'),(1032,427,323,3,'2024-05-26 01:50:25'),(1033,427,322,1,'2024-05-02 01:50:25'),(1034,427,321,2,'2024-05-23 01:50:25'),(1035,427,320,5,'2024-04-30 01:50:25'),(1036,427,319,1,'2024-05-13 01:50:25'),(1037,427,318,3,'2024-05-14 01:50:25'),(1038,427,317,2,'2024-04-30 01:50:25'),(1039,427,316,1,'2024-05-21 01:50:25'),(1040,427,315,2,'2024-05-08 01:50:25'),(1041,427,314,3,'2024-05-09 01:50:25'),(1042,427,313,4,'2024-05-18 01:50:25'),(1043,427,312,5,'2024-04-30 01:50:25'),(1044,427,311,3,'2024-05-14 01:50:25'),(1045,427,310,1,'2024-05-06 01:50:25'),(1046,427,309,4,'2024-05-20 01:50:25'),(1047,427,308,2,'2024-05-01 01:50:25'),(1048,427,307,4,'2024-05-20 01:50:25'),(1049,427,306,4,'2024-05-09 01:50:25'),(1050,427,305,2,'2024-05-01 01:50:25'),(1051,427,304,2,'2024-05-25 01:50:25'),(1052,427,303,1,'2024-05-26 01:50:25'),(1053,427,302,2,'2024-05-29 01:50:25'),(1054,427,301,2,'2024-05-24 01:50:25'),(1055,427,300,1,'2024-05-19 01:50:25'),(1056,427,299,2,'2024-04-30 01:50:25'),(1057,427,298,2,'2024-05-21 01:50:25'),(1058,427,297,4,'2024-05-10 01:50:25'),(1059,427,296,1,'2024-05-10 01:50:25'),(1060,427,295,5,'2024-05-15 01:50:25'),(1061,427,294,4,'2024-05-22 01:50:25'),(1062,427,293,1,'2024-05-11 01:50:25'),(1063,427,292,5,'2024-05-20 01:50:25'),(1064,427,291,1,'2024-05-20 01:50:25'),(1065,427,290,3,'2024-05-22 01:50:25'),(1066,427,289,5,'2024-05-09 01:50:25'),(1067,427,288,4,'2024-05-08 01:50:25'),(1068,427,287,2,'2024-05-10 01:50:25'),(1069,427,286,2,'2024-05-27 01:50:25'),(1070,427,285,4,'2024-05-12 01:50:25'),(1071,427,284,4,'2024-05-17 01:50:25'),(1072,427,283,1,'2024-05-12 01:50:25'),(1073,427,282,3,'2024-05-20 01:50:25'),(1074,427,281,2,'2024-05-10 01:50:25'),(1075,427,280,2,'2024-05-04 01:50:25'),(1076,427,279,1,'2024-05-23 01:50:25'),(1077,427,278,3,'2024-05-21 01:50:25'),(1078,427,277,4,'2024-05-05 01:50:25'),(1079,427,276,5,'2024-05-11 01:50:25'),(1080,427,275,4,'2024-05-10 01:50:25'),(1081,427,274,1,'2024-05-09 01:50:25'),(1082,427,273,1,'2024-05-17 01:50:25'),(1083,427,272,5,'2024-05-05 01:50:25'),(1084,427,271,3,'2024-05-15 01:50:25'),(1085,427,270,4,'2024-05-09 01:50:25'),(1086,427,269,4,'2024-05-01 01:50:25'),(1087,427,268,5,'2024-05-08 01:50:25'),(1088,427,267,5,'2024-05-25 01:50:25'),(1089,427,266,1,'2024-05-17 01:50:25'),(1090,427,265,3,'2024-05-12 01:50:25'),(1091,427,264,1,'2024-05-28 01:50:25'),(1092,427,263,4,'2024-05-12 01:50:25'),(1093,427,262,4,'2024-05-04 01:50:25'),(1094,427,261,1,'2024-05-07 01:50:25'),(1095,427,260,3,'2024-05-19 01:50:25'),(1096,427,259,2,'2024-05-26 01:50:25'),(1097,427,258,5,'2024-05-23 01:50:25'),(1098,427,257,2,'2024-05-02 01:50:25'),(1099,427,256,4,'2024-05-09 01:50:25'),(1100,427,255,2,'2024-05-15 01:50:25'),(1101,427,254,3,'2024-05-22 01:50:25'),(1102,427,253,4,'2024-05-12 01:50:25'),(1103,427,252,5,'2024-05-11 01:50:25'),(1104,427,251,3,'2024-05-17 01:50:25'),(1105,427,250,4,'2024-05-22 01:50:25'),(1106,427,249,1,'2024-05-01 01:50:25'),(1107,427,248,2,'2024-05-05 01:50:25'),(1108,427,247,1,'2024-05-06 01:50:25'),(1109,427,246,5,'2024-05-07 01:50:25'),(1110,427,245,2,'2024-05-27 01:50:25'),(1111,427,244,3,'2024-05-07 01:50:25'),(1112,427,243,5,'2024-05-10 01:50:25'),(1113,427,242,2,'2024-05-09 01:50:25'),(1114,427,241,3,'2024-05-19 01:50:25'),(1115,427,240,2,'2024-05-22 01:50:25'),(1116,427,239,3,'2024-05-11 01:50:25'),(1117,427,238,4,'2024-05-10 01:50:25'),(1118,427,237,1,'2024-05-11 01:50:25'),(1119,427,236,4,'2024-04-30 01:50:25'),(1120,427,235,3,'2024-05-04 01:50:25'),(1121,427,234,3,'2024-05-17 01:50:25'),(1122,427,233,2,'2024-05-26 01:50:25'),(1123,427,232,5,'2024-05-07 01:50:25'),(1124,427,231,2,'2024-05-29 01:50:25'),(1125,427,230,2,'2024-05-05 01:50:25'),(1126,427,229,5,'2024-05-25 01:50:25'),(1127,427,228,5,'2024-05-19 01:50:25');
/*!40000 ALTER TABLE `reservation` ENABLE KEYS */;
UNLOCK TABLES;

--
-- Table structure for table `route`
--

DROP TABLE IF EXISTS `route`;
/*!40101 SET @saved_cs_client     = @@character_set_client */;
/*!50503 SET character_set_client = utf8mb4 */;
CREATE TABLE `route` (
  `route_id` int NOT NULL AUTO_INCREMENT,
  `origin` varchar(100) NOT NULL,
  `destination` varchar(100) NOT NULL,
  `distance_in_km` float DEFAULT NULL,
  PRIMARY KEY (`route_id`)
) ENGINE=InnoDB AUTO_INCREMENT=159 DEFAULT CHARSET=utf8mb4 COLLATE=utf8mb4_0900_ai_ci;
/*!40101 SET character_set_client = @saved_cs_client */;

--
-- Dumping data for table `route`
--

LOCK TABLES `route` WRITE;
/*!40000 ALTER TABLE `route` DISABLE KEYS */;
INSERT INTO `route` VALUES (1,'Origin1','Destination10',340.077),(2,'Origin10','Destination8',719.941),(3,'Origin5','Destination2',413.197),(4,'Origin6','Destination7',617.325),(5,'Origin1','Destination5',229.682),(6,'Origin7','Destination8',706.81),(7,'Origin3','Destination3',343.361),(8,'Origin1','Destination1',385.023),(9,'Origin7','Destination1',531.079),(10,'Origin4','Destination3',90.6987),(11,'Origin8','Destination5',916.767),(12,'Origin4','Destination8',892.464),(13,'Origin2','Destination3',644.437),(14,'Origin6','Destination6',458.405),(15,'Origin6','Destination2',272.607),(16,'Origin9','Destination7',431.624),(17,'Origin4','Destination3',169.511),(18,'Origin3','Destination6',907.007),(19,'Origin1','Destination5',983.782),(20,'Origin7','Destination5',213.393),(32,'Origin1','Destination6',882.426),(33,'Origin7','Destination5',388.097),(34,'Origin6','Destination9',222.248),(35,'Origin8','Destination9',301.193),(36,'Origin9','Destination4',94.7425),(37,'Origin5','Destination2',447.197),(38,'Origin7','Destination1',217.749),(39,'Origin10','Destination1',345.567),(40,'Origin7','Destination2',766.136),(41,'Origin5','Destination9',960.608),(42,'Origin3','Destination4',162.976),(43,'Origin7','Destination9',101.691),(44,'Origin1','Destination10',734.924),(45,'Origin8','Destination5',48.2279),(46,'Origin9','Destination4',15.2995),(47,'Origin1','Destination3',921.809),(48,'Origin10','Destination1',331.66),(49,'Origin6','Destination7',643.914),(50,'Origin3','Destination5',558.297),(51,'Origin4','Destination1',278.108),(52,'Origin2','Destination2',174.642),(53,'Origin5','Destination6',462.402),(54,'Origin7','Destination1',276.843),(55,'Origin2','Destination1',662.582),(56,'Origin3','Destination1',531.811),(57,'Origin6','Destination3',655.202),(58,'Origin5','Destination3',57.2161),(59,'Origin5','Destination1',886.847),(60,'Origin4','Destination9',402.9),(61,'Origin5','Destination10',287.144),(62,'Origin8','Destination7',93.2436),(63,'Origin6','Destination5',706.596),(64,'Origin2','Destination5',10.1066),(65,'Origin7','Destination2',730.434),(66,'Origin3','Destination2',161.821),(67,'Origin3','Destination6',223.972),(68,'Origin5','Destination4',548.592),(69,'Origin7','Destination8',840.113),(70,'Origin9','Destination8',397.071),(71,'Origin6','Destination8',82.597),(72,'Origin1','Destination3',886.852),(73,'Origin8','Destination10',718.082),(74,'Origin7','Destination1',501.52),(75,'Origin3','Destination7',733.391),(76,'Origin6','Destination8',130.233),(77,'Origin3','Destination2',617.071),(78,'Origin8','Destination1',849.369),(79,'Origin2','Destination2',288.606),(80,'Origin1','Destination3',155.526),(81,'Origin1','Destination8',649.698),(82,'Origin10','Destination10',776.669),(83,'Origin1','Destination10',591.627),(84,'Origin2','Destination8',360.135),(85,'Origin7','Destination10',836.84),(86,'Origin4','Destination5',223.583),(87,'Origin7','Destination7',291.956),(88,'Origin5','Destination6',319.708),(89,'Origin10','Destination7',693.826),(90,'Origin4','Destination9',873.958),(91,'Origin10','Destination3',183.367),(92,'Origin3','Destination8',72.5221),(93,'Origin1','Destination10',850.85),(94,'Origin3','Destination8',109.899),(95,'Origin3','Destination7',818.977),(96,'Origin1','Destination8',550.905),(97,'Origin6','Destination2',959.986),(98,'Origin5','Destination3',924.474),(99,'Origin10','Destination8',38.311),(100,'Origin10','Destination6',104.081),(101,'Origin8','Destination6',292.057),(102,'Origin10','Destination7',554.423),(103,'Origin9','Destination4',468.254),(104,'Origin3','Destination7',490.938),(105,'Origin6','Destination5',632.141),(106,'Origin8','Destination7',315.972),(107,'Origin5','Destination6',209.926),(108,'Origin5','Destination6',262.816),(109,'Origin8','Destination2',357.309),(110,'Origin4','Destination8',488.708),(111,'Origin4','Destination1',449.256),(112,'Origin1','Destination8',745.365),(113,'Origin5','Destination10',499.263),(114,'Origin7','Destination6',816.187),(115,'Origin6','Destination1',814.847),(116,'Origin9','Destination10',150.746),(117,'Origin9','Destination10',58.8337),(118,'Origin5','Destination3',636.548),(119,'Origin6','Destination8',335.318),(120,'Origin4','Destination6',638.687),(121,'Origin7','Destination5',41.3376),(122,'Origin10','Destination9',62.4698),(123,'Origin10','Destination4',881.471),(124,'Origin5','Destination7',831.016),(125,'Origin3','Destination7',681.574),(126,'Origin4','Destination9',88.5164),(127,'Origin10','Destination3',678.803),(128,'Origin6','Destination8',914.282),(129,'Origin5','Destination5',814.854),(130,'Origin9','Destination6',502.686),(131,'Origin8','Destination3',213.817);
/*!40000 ALTER TABLE `route` ENABLE KEYS */;
UNLOCK TABLES;

--
-- Table structure for table `ticket`
--

DROP TABLE IF EXISTS `ticket`;
/*!40101 SET @saved_cs_client     = @@character_set_client */;
/*!50503 SET character_set_client = utf8mb4 */;
CREATE TABLE `ticket` (
  `ticket_id` int NOT NULL AUTO_INCREMENT,
  `trip_id` int DEFAULT NULL,
  `passenger_id` int DEFAULT NULL,
  `seat_number` int DEFAULT NULL,
  `booking_time` datetime DEFAULT NULL,
  PRIMARY KEY (`ticket_id`),
  KEY `trip_id` (`trip_id`),
  KEY `passenger_id` (`passenger_id`),
  CONSTRAINT `ticket_ibfk_1` FOREIGN KEY (`trip_id`) REFERENCES `trip` (`trip_id`) ON DELETE CASCADE,
  CONSTRAINT `ticket_ibfk_2` FOREIGN KEY (`passenger_id`) REFERENCES `passenger` (`passenger_id`) ON DELETE CASCADE
) ENGINE=InnoDB AUTO_INCREMENT=1151 DEFAULT CHARSET=utf8mb4 COLLATE=utf8mb4_0900_ai_ci;
/*!40101 SET character_set_client = @saved_cs_client */;

--
-- Dumping data for table `ticket`
--

LOCK TABLES `ticket` WRITE;
/*!40000 ALTER TABLE `ticket` DISABLE KEYS */;
INSERT INTO `ticket` VALUES (1,1,8,29,'2024-05-11 01:28:45'),(2,2,35,46,'2024-05-14 01:28:45'),(3,72,91,47,'2024-05-02 01:28:45'),(4,44,79,10,'2024-05-11 01:28:45'),(5,3,49,29,'2024-05-17 01:28:45'),(6,73,36,27,'2024-05-12 01:28:45'),(7,45,32,43,'2024-05-21 01:28:45'),(8,4,82,14,'2024-05-04 01:28:45'),(9,46,54,5,'2024-05-05 01:28:45'),(10,74,79,25,'2024-05-25 01:28:45'),(11,75,24,37,'2024-05-01 01:28:45'),(12,47,61,9,'2024-04-30 01:28:45'),(13,5,44,11,'2024-05-08 01:28:45'),(14,48,96,33,'2024-05-18 01:28:45'),(15,6,98,37,'2024-05-07 01:28:45'),(16,7,53,19,'2024-05-20 01:28:45'),(17,8,44,12,'2024-05-03 01:28:45'),(18,49,72,47,'2024-05-14 01:28:45'),(19,9,80,22,'2024-05-08 01:28:45'),(20,76,35,28,'2024-05-09 01:28:45'),(21,10,78,41,'2024-05-06 01:28:45'),(22,50,43,40,'2024-05-10 01:28:45'),(23,77,89,25,'2024-05-06 01:28:45'),(24,11,41,37,'2024-05-18 01:28:45'),(25,51,82,44,'2024-05-01 01:28:45'),(26,12,6,25,'2024-05-22 01:28:45'),(27,13,79,10,'2024-05-11 01:28:45'),(28,78,44,20,'2024-05-12 01:28:45'),(29,14,83,17,'2024-05-25 01:28:45'),(30,52,81,29,'2024-05-16 01:28:45'),(31,53,59,26,'2024-05-05 01:28:45'),(32,15,62,29,'2024-05-29 01:28:45'),(33,79,33,30,'2024-04-30 01:28:45'),(34,80,18,45,'2024-05-02 01:28:45'),(35,54,95,48,'2024-05-03 01:28:45'),(36,81,63,24,'2024-05-16 01:28:45'),(37,55,87,50,'2024-05-20 01:28:45'),(38,82,57,47,'2024-04-30 01:28:45'),(39,16,11,29,'2024-05-13 01:28:45'),(40,56,100,18,'2024-05-07 01:28:45'),(41,83,66,4,'2024-05-18 01:28:45'),(42,84,77,32,'2024-05-05 01:28:45'),(43,85,22,32,'2024-05-15 01:28:45'),(44,17,58,21,'2024-05-20 01:28:45'),(45,18,31,31,'2024-05-26 01:28:45'),(46,86,75,21,'2024-05-06 01:28:45'),(47,57,71,9,'2024-05-07 01:28:45'),(48,58,26,1,'2024-05-22 01:28:45'),(49,19,30,35,'2024-05-13 01:28:45'),(50,59,74,1,'2024-05-04 01:28:45'),(51,20,15,12,'2024-05-09 01:28:45'),(52,21,73,29,'2024-05-08 01:28:45'),(53,87,87,9,'2024-05-22 01:28:45'),(54,88,68,34,'2024-05-19 01:28:45'),(55,22,74,31,'2024-05-04 01:28:45'),(56,89,42,27,'2024-05-17 01:28:45'),(57,23,49,9,'2024-05-19 01:28:45'),(58,60,31,22,'2024-05-22 01:28:45'),(59,24,100,11,'2024-05-27 01:28:45'),(60,25,75,26,'2024-05-21 01:28:45'),(61,90,86,22,'2024-05-11 01:28:45'),(62,91,85,18,'2024-05-23 01:28:45'),(63,26,2,22,'2024-05-27 01:28:45'),(64,27,18,30,'2024-05-16 01:28:45'),(65,61,43,41,'2024-05-06 01:28:45'),(66,28,54,15,'2024-05-05 01:28:45'),(67,62,25,39,'2024-05-26 01:28:45'),(68,63,25,44,'2024-05-10 01:28:45'),(69,29,60,3,'2024-05-16 01:28:45'),(70,92,15,18,'2024-05-20 01:28:45'),(71,30,52,33,'2024-05-09 01:28:45'),(72,64,55,32,'2024-05-15 01:28:45'),(73,31,50,3,'2024-05-05 01:28:45'),(74,32,88,48,'2024-05-25 01:28:45'),(75,65,89,48,'2024-05-26 01:28:45'),(76,66,71,11,'2024-05-02 01:28:45'),(77,33,94,47,'2024-05-03 01:28:45'),(78,93,63,23,'2024-05-19 01:28:45'),(79,94,40,49,'2024-05-11 01:28:45'),(80,67,17,50,'2024-05-17 01:28:45'),(81,68,17,29,'2024-05-18 01:28:45'),(82,95,17,36,'2024-05-29 01:28:45'),(83,34,96,37,'2024-05-05 01:28:45'),(84,96,92,6,'2024-05-05 01:28:45'),(85,69,68,48,'2024-05-06 01:28:45'),(86,35,100,33,'2024-05-21 01:28:45'),(87,36,42,13,'2024-05-29 01:28:45'),(88,37,30,23,'2024-05-20 01:28:45'),(89,97,33,31,'2024-05-26 01:28:45'),(90,38,72,12,'2024-04-30 01:28:45'),(91,39,30,26,'2024-05-10 01:28:45'),(92,40,75,38,'2024-05-14 01:28:45'),(93,41,28,43,'2024-05-17 01:28:45'),(94,98,62,40,'2024-05-27 01:28:45'),(95,42,3,44,'2024-05-20 01:28:45'),(96,99,97,44,'2024-05-16 01:28:45'),(97,70,66,46,'2024-05-13 01:28:45'),(98,100,8,35,'2024-05-22 01:28:45'),(99,43,23,17,'2024-04-30 01:28:45'),(100,71,93,35,'2024-05-11 01:28:45'),(128,1,327,47,'2024-05-13 01:50:26'),(129,1,326,50,'2024-05-21 01:50:26'),(130,1,325,22,'2024-05-21 01:50:26'),(131,1,324,9,'2024-04-30 01:50:26'),(132,1,323,19,'2024-05-02 01:50:26'),(133,1,322,24,'2024-05-12 01:50:26'),(134,1,321,24,'2024-05-10 01:50:26'),(135,1,320,42,'2024-05-25 01:50:26'),(136,1,319,18,'2024-05-23 01:50:26'),(137,1,318,7,'2024-05-01 01:50:26'),(138,1,317,22,'2024-05-22 01:50:26'),(139,1,316,1,'2024-05-22 01:50:26'),(140,1,315,15,'2024-05-11 01:50:26'),(141,1,314,14,'2024-05-15 01:50:26'),(142,1,313,30,'2024-05-14 01:50:26'),(143,1,312,42,'2024-05-11 01:50:26'),(144,1,311,31,'2024-05-24 01:50:26'),(145,1,310,3,'2024-05-08 01:50:26'),(146,1,309,24,'2024-05-23 01:50:26'),(147,1,308,31,'2024-05-18 01:50:26'),(148,1,307,7,'2024-05-15 01:50:26'),(149,1,306,3,'2024-05-07 01:50:26'),(150,1,305,32,'2024-05-04 01:50:26'),(151,1,304,24,'2024-05-08 01:50:26'),(152,1,303,9,'2024-05-08 01:50:26'),(153,1,302,6,'2024-05-18 01:50:26'),(154,1,301,32,'2024-05-01 01:50:26'),(155,1,300,43,'2024-05-18 01:50:26'),(156,1,299,23,'2024-05-29 01:50:26'),(157,1,298,40,'2024-05-02 01:50:26'),(158,1,297,9,'2024-05-27 01:50:26'),(159,1,296,50,'2024-05-10 01:50:26'),(160,1,295,15,'2024-05-13 01:50:26'),(161,1,294,39,'2024-05-21 01:50:26'),(162,1,293,3,'2024-05-16 01:50:26'),(163,1,292,4,'2024-04-30 01:50:26'),(164,1,291,36,'2024-05-10 01:50:26'),(165,1,290,2,'2024-05-23 01:50:26'),(166,1,289,2,'2024-05-14 01:50:26'),(167,1,288,22,'2024-05-09 01:50:26'),(168,1,287,2,'2024-05-24 01:50:26'),(169,1,286,39,'2024-05-21 01:50:26'),(170,1,285,10,'2024-05-26 01:50:26'),(171,1,284,46,'2024-05-23 01:50:26'),(172,1,283,22,'2024-05-15 01:50:26'),(173,1,282,3,'2024-05-04 01:50:26'),(174,1,281,3,'2024-05-08 01:50:26'),(175,1,280,21,'2024-05-02 01:50:26'),(176,1,279,16,'2024-05-05 01:50:26'),(177,1,278,6,'2024-05-25 01:50:26'),(178,1,277,20,'2024-05-15 01:50:26'),(179,1,276,15,'2024-05-29 01:50:26'),(180,1,275,9,'2024-05-04 01:50:26'),(181,1,274,34,'2024-05-06 01:50:26'),(182,1,273,1,'2024-05-11 01:50:26'),(183,1,272,3,'2024-05-18 01:50:26'),(184,1,271,42,'2024-05-01 01:50:26'),(185,1,270,16,'2024-05-09 01:50:26'),(186,1,269,28,'2024-05-10 01:50:26'),(187,1,268,32,'2024-05-25 01:50:26'),(188,1,267,47,'2024-05-25 01:50:26'),(189,1,266,47,'2024-05-22 01:50:26'),(190,1,265,20,'2024-05-23 01:50:26'),(191,1,264,50,'2024-05-21 01:50:26'),(192,1,263,23,'2024-05-18 01:50:26'),(193,1,262,26,'2024-05-17 01:50:26'),(194,1,261,29,'2024-05-11 01:50:26'),(195,1,260,18,'2024-05-03 01:50:26'),(196,1,259,19,'2024-05-24 01:50:26'),(197,1,258,45,'2024-05-04 01:50:26'),(198,1,257,32,'2024-05-13 01:50:26'),(199,1,256,47,'2024-05-29 01:50:26'),(200,1,255,10,'2024-05-02 01:50:26'),(201,1,254,3,'2024-05-16 01:50:26'),(202,1,253,10,'2024-05-14 01:50:26'),(203,1,252,2,'2024-05-11 01:50:26'),(204,1,251,2,'2024-05-20 01:50:26'),(205,1,250,22,'2024-05-22 01:50:26'),(206,1,249,49,'2024-05-27 01:50:26'),(207,1,248,23,'2024-05-29 01:50:26'),(208,1,247,36,'2024-05-14 01:50:26'),(209,1,246,25,'2024-05-03 01:50:26'),(210,1,245,47,'2024-04-30 01:50:26'),(211,1,244,6,'2024-05-12 01:50:26'),(212,1,243,33,'2024-05-16 01:50:26'),(213,1,242,14,'2024-05-29 01:50:26'),(214,1,241,11,'2024-05-27 01:50:26'),(215,1,240,37,'2024-05-16 01:50:26'),(216,1,239,2,'2024-05-06 01:50:26'),(217,1,238,43,'2024-05-02 01:50:26'),(218,1,237,2,'2024-05-18 01:50:26'),(219,1,236,43,'2024-05-27 01:50:26'),(220,1,235,44,'2024-05-26 01:50:26'),(221,1,234,46,'2024-05-23 01:50:26'),(222,1,233,22,'2024-05-15 01:50:26'),(223,1,232,5,'2024-05-29 01:50:26'),(224,1,231,41,'2024-04-30 01:50:26'),(225,1,230,28,'2024-05-06 01:50:26'),(226,1,229,16,'2024-05-26 01:50:26'),(227,1,228,36,'2024-05-24 01:50:26'),(228,1,227,42,'2024-05-13 01:50:26'),(229,1,226,11,'2024-05-17 01:50:26'),(230,1,225,22,'2024-05-01 01:50:26'),(231,1,224,25,'2024-05-13 01:50:26'),(232,1,223,18,'2024-05-29 01:50:26'),(233,1,222,7,'2024-05-14 01:50:26'),(234,1,221,13,'2024-05-08 01:50:26'),(235,1,220,38,'2024-05-09 01:50:26'),(236,1,219,4,'2024-05-19 01:50:26'),(237,1,218,24,'2024-05-18 01:50:26'),(238,1,217,25,'2024-05-21 01:50:26'),(239,1,216,50,'2024-05-27 01:50:26'),(240,1,215,24,'2024-05-28 01:50:26'),(241,1,214,44,'2024-05-23 01:50:26'),(242,1,213,23,'2024-05-10 01:50:26'),(243,1,212,42,'2024-05-22 01:50:26'),(244,1,211,35,'2024-05-09 01:50:26'),(245,1,210,23,'2024-05-25 01:50:26'),(246,1,209,20,'2024-05-15 01:50:26'),(247,1,208,12,'2024-05-08 01:50:26'),(248,1,207,44,'2024-05-22 01:50:26'),(249,1,206,30,'2024-05-22 01:50:26'),(250,1,205,23,'2024-05-14 01:50:26'),(251,1,204,9,'2024-05-19 01:50:26'),(252,1,203,11,'2024-05-29 01:50:26'),(253,1,202,23,'2024-05-24 01:50:26'),(254,1,201,30,'2024-05-17 01:50:26'),(255,1,200,12,'2024-04-30 01:50:26'),(256,1,199,8,'2024-05-04 01:50:26'),(257,1,198,38,'2024-05-23 01:50:26'),(258,1,197,44,'2024-05-09 01:50:26'),(259,1,196,42,'2024-05-27 01:50:26'),(260,1,195,45,'2024-05-22 01:50:26'),(261,1,194,32,'2024-05-19 01:50:26'),(262,1,193,43,'2024-05-24 01:50:26'),(263,1,192,19,'2024-05-19 01:50:26'),(264,1,191,28,'2024-05-07 01:50:26'),(265,1,190,2,'2024-05-01 01:50:26'),(266,1,189,34,'2024-05-14 01:50:26'),(267,1,188,28,'2024-05-25 01:50:26'),(268,1,187,10,'2024-05-15 01:50:26'),(269,1,186,41,'2024-05-11 01:50:26'),(270,1,185,35,'2024-05-11 01:50:26'),(271,1,184,49,'2024-05-29 01:50:26'),(272,1,183,12,'2024-05-27 01:50:26'),(273,1,182,33,'2024-05-29 01:50:26'),(274,1,181,6,'2024-05-13 01:50:26'),(275,1,180,22,'2024-05-14 01:50:26'),(276,1,179,15,'2024-05-04 01:50:26'),(277,1,178,24,'2024-05-07 01:50:26'),(278,1,177,19,'2024-05-13 01:50:26'),(279,1,176,34,'2024-05-09 01:50:26'),(280,1,175,23,'2024-05-23 01:50:26'),(281,1,174,35,'2024-05-05 01:50:26'),(282,1,173,4,'2024-05-04 01:50:26'),(283,1,172,2,'2024-05-11 01:50:26'),(284,1,171,2,'2024-05-20 01:50:26'),(285,1,170,23,'2024-05-20 01:50:26'),(286,1,169,9,'2024-05-02 01:50:26'),(287,1,168,8,'2024-05-01 01:50:26'),(288,1,167,17,'2024-05-05 01:50:26'),(289,1,166,6,'2024-05-28 01:50:26'),(290,1,165,50,'2024-05-05 01:50:26'),(291,1,164,1,'2024-05-11 01:50:26'),(292,1,163,7,'2024-05-07 01:50:26'),(293,1,162,16,'2024-05-19 01:50:26'),(294,1,161,43,'2024-05-23 01:50:26'),(295,1,160,23,'2024-05-11 01:50:26'),(296,1,159,35,'2024-05-10 01:50:26'),(297,1,158,6,'2024-05-10 01:50:26'),(298,1,157,45,'2024-05-15 01:50:26'),(299,1,156,41,'2024-05-12 01:50:26'),(300,1,155,25,'2024-05-08 01:50:26'),(301,1,154,4,'2024-05-23 01:50:26'),(302,1,153,45,'2024-05-05 01:50:26'),(303,1,152,17,'2024-05-22 01:50:26'),(304,1,151,16,'2024-05-07 01:50:26'),(305,1,150,45,'2024-05-25 01:50:26'),(306,1,149,3,'2024-05-05 01:50:26'),(307,1,148,45,'2024-04-30 01:50:26'),(308,1,147,17,'2024-05-10 01:50:26'),(309,1,146,12,'2024-05-23 01:50:26'),(310,1,145,24,'2024-05-11 01:50:26'),(311,1,144,37,'2024-05-05 01:50:26'),(312,1,143,43,'2024-05-06 01:50:26'),(313,1,142,23,'2024-05-05 01:50:26'),(314,1,141,41,'2024-05-13 01:50:26'),(315,1,140,14,'2024-05-07 01:50:26'),(316,1,139,49,'2024-05-13 01:50:26'),(317,1,138,41,'2024-05-17 01:50:26'),(318,1,137,37,'2024-05-19 01:50:26'),(319,1,136,25,'2024-05-15 01:50:26'),(320,1,135,44,'2024-05-02 01:50:26'),(321,1,134,49,'2024-05-25 01:50:26'),(322,1,133,38,'2024-05-18 01:50:26'),(323,1,132,30,'2024-05-05 01:50:26'),(324,1,131,17,'2024-05-25 01:50:26'),(325,1,130,44,'2024-05-05 01:50:26'),(326,1,129,26,'2024-05-26 01:50:26'),(327,1,128,2,'2024-05-04 01:50:26'),(328,1,100,6,'2024-04-30 01:50:26'),(329,1,99,30,'2024-05-28 01:50:26'),(330,1,98,21,'2024-04-30 01:50:26'),(331,1,97,30,'2024-05-28 01:50:26'),(332,1,96,23,'2024-05-27 01:50:26'),(333,1,95,7,'2024-05-19 01:50:26'),(334,1,94,16,'2024-05-12 01:50:26'),(335,1,93,47,'2024-05-01 01:50:26'),(336,1,92,46,'2024-05-08 01:50:26'),(337,1,91,42,'2024-05-29 01:50:26'),(338,1,90,33,'2024-05-24 01:50:26'),(339,1,89,46,'2024-05-28 01:50:26'),(340,1,88,26,'2024-05-18 01:50:26'),(341,1,87,22,'2024-04-30 01:50:26'),(342,1,86,34,'2024-05-19 01:50:26'),(343,1,85,41,'2024-04-30 01:50:26'),(344,1,84,23,'2024-05-20 01:50:26'),(345,1,83,14,'2024-05-18 01:50:26'),(346,1,82,7,'2024-05-15 01:50:26'),(347,1,81,3,'2024-05-05 01:50:26'),(348,1,80,45,'2024-05-29 01:50:26'),(349,1,79,19,'2024-05-04 01:50:26'),(350,1,78,4,'2024-05-04 01:50:26'),(351,1,77,2,'2024-05-10 01:50:26'),(352,1,76,5,'2024-05-13 01:50:26'),(353,1,75,23,'2024-05-11 01:50:26'),(354,1,74,39,'2024-05-29 01:50:26'),(355,1,73,34,'2024-05-19 01:50:26'),(356,1,72,40,'2024-05-04 01:50:26'),(357,1,71,43,'2024-05-08 01:50:26'),(358,1,70,5,'2024-05-21 01:50:26'),(359,1,69,8,'2024-05-02 01:50:26'),(360,1,68,8,'2024-05-29 01:50:26'),(361,1,67,29,'2024-05-04 01:50:26'),(362,1,66,26,'2024-04-30 01:50:26'),(363,1,65,24,'2024-05-19 01:50:26'),(364,1,64,15,'2024-05-16 01:50:26'),(365,1,63,22,'2024-05-08 01:50:26'),(366,1,62,18,'2024-05-11 01:50:26'),(367,1,61,50,'2024-05-26 01:50:26'),(368,1,60,32,'2024-05-06 01:50:26'),(369,1,59,49,'2024-05-13 01:50:26'),(370,1,58,43,'2024-05-12 01:50:26'),(371,1,57,18,'2024-05-28 01:50:26'),(372,1,56,6,'2024-05-17 01:50:26'),(373,1,55,41,'2024-05-06 01:50:26'),(374,1,54,23,'2024-05-01 01:50:26'),(375,1,53,18,'2024-05-01 01:50:26'),(376,1,52,37,'2024-05-06 01:50:26'),(377,1,51,33,'2024-05-02 01:50:26'),(378,1,50,32,'2024-05-17 01:50:26'),(379,1,49,10,'2024-05-08 01:50:26'),(380,1,48,3,'2024-05-28 01:50:26'),(381,1,47,9,'2024-05-11 01:50:26'),(382,1,46,32,'2024-05-21 01:50:26'),(383,1,45,30,'2024-05-29 01:50:26'),(384,1,44,21,'2024-05-02 01:50:26'),(385,1,43,20,'2024-05-23 01:50:26'),(386,1,42,48,'2024-05-29 01:50:26'),(387,1,41,17,'2024-05-13 01:50:26'),(388,1,40,42,'2024-05-17 01:50:26'),(389,1,39,35,'2024-05-26 01:50:26'),(390,1,38,29,'2024-05-15 01:50:26'),(391,1,37,37,'2024-05-25 01:50:26'),(392,1,36,32,'2024-05-09 01:50:26'),(393,1,35,23,'2024-05-21 01:50:26'),(394,1,34,3,'2024-05-18 01:50:26'),(395,1,33,37,'2024-05-13 01:50:26'),(396,1,32,30,'2024-05-21 01:50:26'),(397,1,31,31,'2024-05-23 01:50:26'),(398,1,30,13,'2024-05-12 01:50:26'),(399,1,29,13,'2024-05-16 01:50:26'),(400,1,28,22,'2024-05-03 01:50:26'),(401,1,27,4,'2024-05-08 01:50:26'),(402,1,26,22,'2024-04-30 01:50:26'),(403,1,25,28,'2024-05-04 01:50:26'),(404,1,24,31,'2024-05-15 01:50:26'),(405,1,23,33,'2024-05-08 01:50:26'),(406,1,22,35,'2024-05-22 01:50:26'),(407,1,21,12,'2024-05-18 01:50:26'),(408,1,20,13,'2024-05-27 01:50:26'),(409,1,19,34,'2024-05-27 01:50:26'),(410,1,18,20,'2024-05-07 01:50:26'),(411,1,17,28,'2024-05-16 01:50:26'),(412,1,16,36,'2024-05-25 01:50:26'),(413,1,15,29,'2024-05-17 01:50:26'),(414,1,14,19,'2024-05-10 01:50:26'),(415,1,13,7,'2024-05-09 01:50:26'),(416,1,12,2,'2024-05-25 01:50:26'),(417,1,11,29,'2024-05-17 01:50:26'),(418,1,10,22,'2024-05-02 01:50:26'),(419,1,9,13,'2024-05-15 01:50:26'),(420,1,8,33,'2024-05-06 01:50:26'),(421,1,7,50,'2024-05-12 01:50:26'),(422,1,6,48,'2024-05-29 01:50:26'),(423,1,5,8,'2024-05-06 01:50:26'),(424,1,4,24,'2024-05-01 01:50:26'),(425,1,3,19,'2024-05-29 01:50:26'),(426,1,2,48,'2024-05-08 01:50:26'),(427,1,1,36,'2024-05-18 01:50:26'),(428,227,327,42,'2024-04-30 01:50:26'),(429,227,326,20,'2024-05-29 01:50:26'),(430,227,325,43,'2024-05-21 01:50:26'),(431,227,324,41,'2024-05-23 01:50:26'),(432,227,323,32,'2024-05-13 01:50:26'),(433,227,322,42,'2024-05-15 01:50:26'),(434,227,321,48,'2024-05-20 01:50:26'),(435,227,320,37,'2024-05-10 01:50:26'),(436,227,319,5,'2024-05-15 01:50:26'),(437,227,318,9,'2024-05-18 01:50:26'),(438,227,317,23,'2024-05-27 01:50:26'),(439,227,316,1,'2024-05-06 01:50:26'),(440,227,315,50,'2024-05-12 01:50:26'),(441,227,314,43,'2024-05-12 01:50:26'),(442,227,313,20,'2024-05-25 01:50:26'),(443,227,312,34,'2024-05-05 01:50:26'),(444,227,311,7,'2024-05-25 01:50:26'),(445,227,310,17,'2024-05-23 01:50:26'),(446,227,309,7,'2024-04-30 01:50:26'),(447,227,308,26,'2024-05-11 01:50:26'),(448,227,307,26,'2024-05-09 01:50:26'),(449,227,306,48,'2024-05-10 01:50:26'),(450,227,305,20,'2024-05-29 01:50:26'),(451,227,304,43,'2024-05-22 01:50:26'),(452,227,303,33,'2024-05-13 01:50:26'),(453,227,302,41,'2024-05-19 01:50:26'),(454,227,301,18,'2024-05-08 01:50:26'),(455,227,300,27,'2024-05-16 01:50:26'),(456,227,299,36,'2024-05-24 01:50:26'),(457,227,298,40,'2024-05-19 01:50:26'),(458,227,297,24,'2024-05-22 01:50:26'),(459,227,296,46,'2024-05-07 01:50:26'),(460,227,295,1,'2024-05-05 01:50:26'),(461,227,294,50,'2024-05-13 01:50:26'),(462,227,293,41,'2024-05-18 01:50:26'),(463,227,292,24,'2024-05-22 01:50:26'),(464,227,291,40,'2024-05-22 01:50:26'),(465,227,290,42,'2024-05-17 01:50:26'),(466,227,289,28,'2024-05-13 01:50:26'),(467,227,288,6,'2024-05-03 01:50:26'),(468,227,287,7,'2024-05-29 01:50:26'),(469,227,286,31,'2024-04-30 01:50:26'),(470,227,285,10,'2024-05-01 01:50:26'),(471,227,284,11,'2024-05-25 01:50:26'),(472,227,283,10,'2024-05-15 01:50:26'),(473,227,282,41,'2024-05-10 01:50:26'),(474,227,281,39,'2024-05-03 01:50:26'),(475,227,280,10,'2024-05-21 01:50:26'),(476,227,279,42,'2024-05-20 01:50:26'),(477,227,278,2,'2024-05-24 01:50:26'),(478,227,277,46,'2024-04-30 01:50:26'),(479,227,276,11,'2024-05-28 01:50:26'),(480,227,275,29,'2024-05-07 01:50:26'),(481,227,274,3,'2024-05-29 01:50:26'),(482,227,273,46,'2024-05-13 01:50:26'),(483,227,272,49,'2024-05-23 01:50:26'),(484,227,271,12,'2024-05-15 01:50:26'),(485,227,270,39,'2024-05-19 01:50:26'),(486,227,269,23,'2024-05-23 01:50:26'),(487,227,268,34,'2024-05-07 01:50:26'),(488,227,267,34,'2024-05-27 01:50:26'),(489,227,266,26,'2024-05-22 01:50:26'),(490,227,265,39,'2024-05-26 01:50:26'),(491,227,264,11,'2024-05-08 01:50:26'),(492,227,263,50,'2024-05-06 01:50:26'),(493,227,262,46,'2024-05-23 01:50:26'),(494,227,261,17,'2024-05-29 01:50:26'),(495,227,260,3,'2024-05-24 01:50:26'),(496,227,259,43,'2024-05-11 01:50:26'),(497,227,258,30,'2024-05-26 01:50:26'),(498,227,257,41,'2024-05-10 01:50:26'),(499,227,256,45,'2024-05-15 01:50:26'),(500,227,255,35,'2024-05-29 01:50:26'),(501,227,254,2,'2024-05-25 01:50:26'),(502,227,253,29,'2024-05-16 01:50:26'),(503,227,252,24,'2024-05-28 01:50:26'),(504,227,251,43,'2024-05-26 01:50:26'),(505,227,250,49,'2024-05-13 01:50:26'),(506,227,249,40,'2024-05-20 01:50:26'),(507,227,248,15,'2024-05-16 01:50:26'),(508,227,247,19,'2024-05-14 01:50:26'),(509,227,246,23,'2024-05-08 01:50:26'),(510,227,245,11,'2024-05-01 01:50:26'),(511,227,244,5,'2024-05-13 01:50:26'),(512,227,243,30,'2024-05-22 01:50:26'),(513,227,242,21,'2024-05-19 01:50:26'),(514,227,241,25,'2024-05-17 01:50:26'),(515,227,240,30,'2024-05-07 01:50:26'),(516,227,239,49,'2024-05-11 01:50:26'),(517,227,238,8,'2024-05-01 01:50:26'),(518,227,237,11,'2024-05-22 01:50:26'),(519,227,236,28,'2024-05-28 01:50:26'),(520,227,235,30,'2024-05-05 01:50:26'),(521,227,234,16,'2024-05-27 01:50:26'),(522,227,233,28,'2024-05-15 01:50:26'),(523,227,232,41,'2024-05-13 01:50:26'),(524,227,231,15,'2024-05-05 01:50:26'),(525,227,230,8,'2024-05-19 01:50:26'),(526,227,229,14,'2024-05-20 01:50:26'),(527,227,228,36,'2024-05-10 01:50:26'),(528,227,227,8,'2024-05-05 01:50:26'),(529,227,226,29,'2024-05-16 01:50:26'),(530,227,225,24,'2024-05-28 01:50:26'),(531,227,224,44,'2024-05-23 01:50:26'),(532,227,223,20,'2024-05-19 01:50:26'),(533,227,222,28,'2024-05-07 01:50:26'),(534,227,221,1,'2024-05-04 01:50:26'),(535,227,220,12,'2024-05-11 01:50:26'),(536,227,219,17,'2024-05-05 01:50:26'),(537,227,218,8,'2024-05-22 01:50:26'),(538,227,217,42,'2024-05-19 01:50:26'),(539,227,216,18,'2024-05-11 01:50:26'),(540,227,215,5,'2024-05-13 01:50:26'),(541,227,214,25,'2024-05-05 01:50:26'),(542,227,213,32,'2024-05-09 01:50:26'),(543,227,212,30,'2024-05-04 01:50:26'),(544,227,211,21,'2024-05-12 01:50:26'),(545,227,210,31,'2024-05-19 01:50:26'),(546,227,209,46,'2024-05-14 01:50:26'),(547,227,208,45,'2024-05-03 01:50:26'),(548,227,207,35,'2024-05-05 01:50:26'),(549,227,206,2,'2024-05-09 01:50:26'),(550,227,205,14,'2024-05-19 01:50:26'),(551,227,204,48,'2024-05-09 01:50:26'),(552,227,203,31,'2024-04-30 01:50:26'),(553,227,202,4,'2024-05-17 01:50:26'),(554,227,201,47,'2024-05-19 01:50:26'),(555,227,200,1,'2024-04-30 01:50:26'),(556,227,199,43,'2024-05-21 01:50:26'),(557,227,198,45,'2024-05-13 01:50:26'),(558,227,197,10,'2024-05-23 01:50:26'),(559,227,196,25,'2024-05-05 01:50:26'),(560,227,195,33,'2024-05-06 01:50:26'),(561,227,194,50,'2024-05-11 01:50:26'),(562,227,193,1,'2024-05-21 01:50:26'),(563,227,192,21,'2024-05-24 01:50:26'),(564,227,191,32,'2024-05-10 01:50:26'),(565,227,190,20,'2024-04-30 01:50:26'),(566,227,189,38,'2024-05-05 01:50:26'),(567,227,188,43,'2024-05-06 01:50:26'),(568,227,187,22,'2024-05-07 01:50:26'),(569,227,186,26,'2024-05-21 01:50:26'),(570,227,185,43,'2024-05-17 01:50:26'),(571,227,184,26,'2024-05-21 01:50:26'),(572,227,183,48,'2024-05-02 01:50:26'),(573,227,182,35,'2024-05-09 01:50:26'),(574,227,181,16,'2024-05-13 01:50:26'),(575,227,180,44,'2024-05-10 01:50:26'),(576,227,179,31,'2024-05-26 01:50:26'),(577,227,178,41,'2024-05-11 01:50:26'),(578,227,177,37,'2024-05-07 01:50:26'),(579,227,176,29,'2024-05-13 01:50:26'),(580,227,175,6,'2024-05-02 01:50:26'),(581,227,174,11,'2024-05-20 01:50:26'),(582,227,173,2,'2024-05-26 01:50:26'),(583,227,172,23,'2024-05-01 01:50:26'),(584,227,171,20,'2024-05-27 01:50:26'),(585,227,170,10,'2024-05-07 01:50:26'),(586,227,169,9,'2024-05-12 01:50:26'),(587,227,168,24,'2024-05-13 01:50:26'),(588,227,167,20,'2024-05-21 01:50:26'),(589,227,166,16,'2024-05-11 01:50:26'),(590,227,165,9,'2024-05-28 01:50:26'),(591,227,164,35,'2024-05-20 01:50:26'),(592,227,163,24,'2024-05-17 01:50:26'),(593,227,162,36,'2024-05-21 01:50:26'),(594,227,161,17,'2024-05-08 01:50:26'),(595,227,160,35,'2024-05-22 01:50:26'),(596,227,159,11,'2024-05-21 01:50:26'),(597,227,158,40,'2024-05-25 01:50:26'),(598,227,157,14,'2024-04-30 01:50:26'),(599,227,156,6,'2024-05-11 01:50:26'),(600,227,155,38,'2024-05-02 01:50:26'),(601,227,154,15,'2024-05-07 01:50:26'),(602,227,153,45,'2024-05-24 01:50:26'),(603,227,152,11,'2024-05-15 01:50:26'),(604,227,151,41,'2024-05-10 01:50:26'),(605,227,150,38,'2024-05-04 01:50:26'),(606,227,149,49,'2024-05-21 01:50:26'),(607,227,148,24,'2024-05-14 01:50:26'),(608,227,147,12,'2024-05-13 01:50:26'),(609,227,146,4,'2024-05-10 01:50:26'),(610,227,145,7,'2024-05-10 01:50:26'),(611,227,144,41,'2024-05-25 01:50:26'),(612,227,143,19,'2024-05-19 01:50:26'),(613,227,142,35,'2024-05-18 01:50:26'),(614,227,141,41,'2024-05-02 01:50:26'),(615,227,140,9,'2024-05-28 01:50:26'),(616,227,139,40,'2024-05-07 01:50:26'),(617,227,138,21,'2024-05-07 01:50:26'),(618,227,137,29,'2024-05-12 01:50:26'),(619,227,136,9,'2024-05-25 01:50:26'),(620,227,135,11,'2024-05-10 01:50:26'),(621,227,134,29,'2024-05-03 01:50:26'),(622,227,133,40,'2024-05-23 01:50:26'),(623,227,132,40,'2024-05-22 01:50:26'),(624,227,131,47,'2024-05-03 01:50:26'),(625,227,130,34,'2024-05-10 01:50:26'),(626,227,129,14,'2024-05-19 01:50:26'),(627,227,128,49,'2024-05-05 01:50:26'),(628,227,100,5,'2024-05-28 01:50:26'),(629,227,99,48,'2024-05-12 01:50:26'),(630,227,98,4,'2024-05-10 01:50:26'),(631,227,97,49,'2024-05-02 01:50:26'),(632,227,96,36,'2024-05-06 01:50:26'),(633,227,95,40,'2024-05-11 01:50:26'),(634,227,94,36,'2024-05-08 01:50:26'),(635,227,93,20,'2024-05-04 01:50:26'),(636,227,92,6,'2024-05-01 01:50:26'),(637,227,91,22,'2024-05-19 01:50:26'),(638,227,90,21,'2024-04-30 01:50:26'),(639,227,89,38,'2024-05-06 01:50:26'),(640,227,88,31,'2024-05-07 01:50:26'),(641,227,87,47,'2024-05-19 01:50:26'),(642,227,86,3,'2024-05-25 01:50:26'),(643,227,85,29,'2024-05-16 01:50:26'),(644,227,84,30,'2024-05-13 01:50:26'),(645,227,83,47,'2024-05-28 01:50:26'),(646,227,82,25,'2024-05-21 01:50:26'),(647,227,81,49,'2024-04-30 01:50:26'),(648,227,80,1,'2024-05-26 01:50:26'),(649,227,79,26,'2024-05-23 01:50:26'),(650,227,78,31,'2024-05-19 01:50:26'),(651,227,77,47,'2024-05-11 01:50:26'),(652,227,76,15,'2024-05-12 01:50:26'),(653,227,75,2,'2024-05-17 01:50:26'),(654,227,74,48,'2024-05-13 01:50:26'),(655,227,73,47,'2024-05-29 01:50:26'),(656,227,72,10,'2024-04-30 01:50:26'),(657,227,71,15,'2024-05-14 01:50:26'),(658,227,70,37,'2024-05-27 01:50:26'),(659,227,69,14,'2024-05-28 01:50:26'),(660,227,68,21,'2024-04-30 01:50:26'),(661,227,67,31,'2024-05-26 01:50:26'),(662,227,66,36,'2024-05-23 01:50:26'),(663,227,65,2,'2024-05-15 01:50:26'),(664,227,64,14,'2024-05-01 01:50:26'),(665,227,63,47,'2024-05-05 01:50:26'),(666,227,62,14,'2024-05-03 01:50:26'),(667,227,61,29,'2024-05-21 01:50:26'),(668,227,60,31,'2024-05-21 01:50:26'),(669,227,59,28,'2024-05-03 01:50:26'),(670,227,58,37,'2024-05-29 01:50:26'),(671,227,57,47,'2024-05-12 01:50:26'),(672,227,56,7,'2024-05-04 01:50:26'),(673,227,55,48,'2024-05-25 01:50:26'),(674,227,54,44,'2024-05-01 01:50:26'),(675,227,53,8,'2024-05-04 01:50:26'),(676,227,52,44,'2024-05-07 01:50:26'),(677,227,51,9,'2024-05-11 01:50:26'),(678,227,50,26,'2024-05-08 01:50:26'),(679,227,49,50,'2024-05-03 01:50:26'),(680,227,48,20,'2024-05-19 01:50:26'),(681,227,47,31,'2024-04-30 01:50:26'),(682,227,46,3,'2024-05-20 01:50:26'),(683,227,45,25,'2024-05-15 01:50:26'),(684,227,44,44,'2024-05-02 01:50:26'),(685,227,43,50,'2024-05-24 01:50:26'),(686,227,42,49,'2024-05-20 01:50:26'),(687,227,41,36,'2024-05-14 01:50:26'),(688,227,40,26,'2024-05-01 01:50:26'),(689,227,39,14,'2024-05-14 01:50:26'),(690,227,38,36,'2024-04-30 01:50:26'),(691,227,37,42,'2024-05-23 01:50:26'),(692,227,36,28,'2024-05-27 01:50:26'),(693,227,35,38,'2024-05-13 01:50:26'),(694,227,34,24,'2024-05-09 01:50:26'),(695,227,33,50,'2024-05-02 01:50:26'),(696,227,32,35,'2024-05-11 01:50:26'),(697,227,31,3,'2024-05-18 01:50:26'),(698,227,30,38,'2024-05-10 01:50:26'),(699,227,29,47,'2024-05-07 01:50:26'),(700,227,28,49,'2024-05-13 01:50:26'),(701,227,27,46,'2024-05-04 01:50:26'),(702,227,26,26,'2024-05-28 01:50:26'),(703,227,25,33,'2024-05-26 01:50:26'),(704,227,24,30,'2024-05-09 01:50:26'),(705,227,23,30,'2024-05-02 01:50:26'),(706,227,22,44,'2024-05-12 01:50:26'),(707,227,21,16,'2024-05-05 01:50:26'),(708,227,20,8,'2024-05-22 01:50:26'),(709,227,19,45,'2024-05-10 01:50:26'),(710,227,18,29,'2024-05-03 01:50:26'),(711,227,17,39,'2024-05-25 01:50:26'),(712,227,16,22,'2024-05-07 01:50:26'),(713,227,15,22,'2024-05-02 01:50:26'),(714,227,14,13,'2024-05-13 01:50:26'),(715,227,13,48,'2024-05-25 01:50:26'),(716,227,12,42,'2024-05-08 01:50:26'),(717,227,11,3,'2024-05-26 01:50:26'),(718,227,10,20,'2024-05-10 01:50:26'),(719,227,9,1,'2024-05-24 01:50:26'),(720,227,8,40,'2024-05-15 01:50:26'),(721,227,7,50,'2024-05-13 01:50:26'),(722,227,6,42,'2024-05-16 01:50:26'),(723,227,5,37,'2024-05-21 01:50:26'),(724,227,4,13,'2024-05-17 01:50:26'),(725,227,3,20,'2024-05-10 01:50:26'),(726,227,2,7,'2024-05-09 01:50:26'),(727,227,1,1,'2024-05-28 01:50:26'),(728,327,327,9,'2024-05-08 01:50:26'),(729,327,326,2,'2024-05-28 01:50:26'),(730,327,325,7,'2024-05-13 01:50:26'),(731,327,324,14,'2024-05-06 01:50:26'),(732,327,323,3,'2024-05-02 01:50:26'),(733,327,322,25,'2024-05-10 01:50:26'),(734,327,321,38,'2024-05-05 01:50:26'),(735,327,320,42,'2024-05-08 01:50:26'),(736,327,319,5,'2024-05-22 01:50:26'),(737,327,318,5,'2024-05-11 01:50:26'),(738,327,317,43,'2024-05-18 01:50:26'),(739,327,316,19,'2024-05-09 01:50:26'),(740,327,315,15,'2024-05-18 01:50:26'),(741,327,314,6,'2024-05-18 01:50:26'),(742,327,313,33,'2024-05-28 01:50:26'),(743,327,312,15,'2024-05-20 01:50:26'),(744,327,311,38,'2024-05-08 01:50:26'),(745,327,310,23,'2024-05-29 01:50:26'),(746,327,309,36,'2024-05-14 01:50:26'),(747,327,308,21,'2024-05-14 01:50:26'),(748,327,307,18,'2024-05-24 01:50:26'),(749,327,306,48,'2024-05-25 01:50:26'),(750,327,305,46,'2024-05-27 01:50:26'),(751,327,304,38,'2024-05-16 01:50:26'),(752,327,303,3,'2024-05-04 01:50:26'),(753,327,302,5,'2024-05-02 01:50:26'),(754,327,301,13,'2024-05-14 01:50:26'),(755,327,300,45,'2024-05-02 01:50:26'),(756,327,299,41,'2024-05-18 01:50:26'),(757,327,298,21,'2024-05-01 01:50:26'),(758,327,297,25,'2024-05-11 01:50:26'),(759,327,296,31,'2024-05-22 01:50:26'),(760,327,295,18,'2024-05-28 01:50:26'),(761,327,294,11,'2024-05-03 01:50:26'),(762,327,293,43,'2024-05-12 01:50:26'),(763,327,292,15,'2024-05-06 01:50:26'),(764,327,291,50,'2024-05-12 01:50:26'),(765,327,290,50,'2024-05-23 01:50:26'),(766,327,289,2,'2024-05-13 01:50:26'),(767,327,288,36,'2024-05-04 01:50:26'),(768,327,287,6,'2024-05-29 01:50:26'),(769,327,286,37,'2024-05-12 01:50:26'),(770,327,285,40,'2024-05-25 01:50:26'),(771,327,284,18,'2024-05-18 01:50:26'),(772,327,283,39,'2024-05-07 01:50:26'),(773,327,282,20,'2024-05-08 01:50:26'),(774,327,281,21,'2024-05-02 01:50:26'),(775,327,280,21,'2024-05-21 01:50:26'),(776,327,279,9,'2024-05-29 01:50:26'),(777,327,278,28,'2024-05-07 01:50:26'),(778,327,277,50,'2024-05-06 01:50:26'),(779,327,276,50,'2024-05-13 01:50:26'),(780,327,275,37,'2024-05-27 01:50:26'),(781,327,274,8,'2024-05-14 01:50:26'),(782,327,273,7,'2024-05-26 01:50:26'),(783,327,272,8,'2024-05-17 01:50:26'),(784,327,271,35,'2024-05-25 01:50:26'),(785,327,270,32,'2024-05-06 01:50:26'),(786,327,269,47,'2024-05-19 01:50:26'),(787,327,268,1,'2024-04-30 01:50:26'),(788,327,267,42,'2024-05-22 01:50:26'),(789,327,266,38,'2024-05-01 01:50:26'),(790,327,265,28,'2024-05-02 01:50:26'),(791,327,264,45,'2024-05-08 01:50:26'),(792,327,263,46,'2024-05-17 01:50:26'),(793,327,262,20,'2024-05-08 01:50:26'),(794,327,261,18,'2024-05-11 01:50:26'),(795,327,260,3,'2024-05-18 01:50:26'),(796,327,259,41,'2024-05-03 01:50:26'),(797,327,258,47,'2024-05-29 01:50:26'),(798,327,257,13,'2024-05-22 01:50:26'),(799,327,256,27,'2024-05-02 01:50:26'),(800,327,255,46,'2024-05-05 01:50:26'),(801,327,254,18,'2024-05-20 01:50:26'),(802,327,253,25,'2024-05-14 01:50:26'),(803,327,252,6,'2024-05-29 01:50:26'),(804,327,251,35,'2024-05-16 01:50:26'),(805,327,250,6,'2024-05-21 01:50:26'),(806,327,249,50,'2024-05-24 01:50:26'),(807,327,248,43,'2024-05-07 01:50:26'),(808,327,247,12,'2024-05-03 01:50:26'),(809,327,246,39,'2024-05-26 01:50:26'),(810,327,245,19,'2024-05-17 01:50:26'),(811,327,244,4,'2024-05-28 01:50:26'),(812,327,243,4,'2024-05-25 01:50:26'),(813,327,242,26,'2024-05-25 01:50:26'),(814,327,241,10,'2024-05-13 01:50:26'),(815,327,240,8,'2024-05-27 01:50:26'),(816,327,239,46,'2024-05-18 01:50:26'),(817,327,238,10,'2024-05-06 01:50:26'),(818,327,237,15,'2024-05-26 01:50:26'),(819,327,236,34,'2024-05-29 01:50:26'),(820,327,235,7,'2024-05-13 01:50:26'),(821,327,234,22,'2024-05-15 01:50:26'),(822,327,233,5,'2024-05-28 01:50:26'),(823,327,232,47,'2024-05-14 01:50:26'),(824,327,231,42,'2024-05-13 01:50:26'),(825,327,230,18,'2024-05-29 01:50:26'),(826,327,229,5,'2024-05-17 01:50:26'),(827,327,228,37,'2024-05-15 01:50:26'),(828,327,227,9,'2024-05-18 01:50:26'),(829,327,226,22,'2024-04-30 01:50:26'),(830,327,225,32,'2024-05-25 01:50:26'),(831,327,224,48,'2024-05-21 01:50:26'),(832,327,223,29,'2024-05-29 01:50:26'),(833,327,222,16,'2024-05-12 01:50:26'),(834,327,221,45,'2024-05-08 01:50:26'),(835,327,220,48,'2024-05-13 01:50:26'),(836,327,219,50,'2024-05-22 01:50:26'),(837,327,218,16,'2024-05-07 01:50:26'),(838,327,217,43,'2024-04-30 01:50:26'),(839,327,216,22,'2024-05-26 01:50:26'),(840,327,215,20,'2024-05-14 01:50:26'),(841,327,214,22,'2024-05-11 01:50:26'),(842,327,213,39,'2024-04-30 01:50:26'),(843,327,212,31,'2024-05-27 01:50:26'),(844,327,211,33,'2024-05-29 01:50:26'),(845,327,210,4,'2024-05-21 01:50:26'),(846,327,209,13,'2024-05-17 01:50:26'),(847,327,208,19,'2024-05-12 01:50:26'),(848,327,207,38,'2024-05-28 01:50:26'),(849,327,206,48,'2024-05-11 01:50:26'),(850,327,205,16,'2024-05-10 01:50:26'),(851,327,204,14,'2024-05-17 01:50:26'),(852,327,203,15,'2024-05-24 01:50:26'),(853,327,202,5,'2024-05-03 01:50:26'),(854,327,201,8,'2024-05-26 01:50:26'),(855,327,200,9,'2024-05-16 01:50:26'),(856,327,199,39,'2024-05-16 01:50:26'),(857,327,198,50,'2024-05-11 01:50:26'),(858,327,197,5,'2024-05-12 01:50:26'),(859,327,196,36,'2024-05-07 01:50:26'),(860,327,195,35,'2024-05-25 01:50:26'),(861,327,194,35,'2024-04-30 01:50:26'),(862,327,193,43,'2024-05-21 01:50:26'),(863,327,192,45,'2024-05-11 01:50:26'),(864,327,191,21,'2024-05-24 01:50:26'),(865,327,190,33,'2024-05-08 01:50:26'),(866,327,189,30,'2024-05-06 01:50:26'),(867,327,188,12,'2024-05-06 01:50:26'),(868,327,187,11,'2024-05-08 01:50:26'),(869,327,186,45,'2024-05-20 01:50:26'),(870,327,185,48,'2024-05-06 01:50:26'),(871,327,184,4,'2024-05-29 01:50:26'),(872,327,183,42,'2024-05-26 01:50:26'),(873,327,182,4,'2024-04-30 01:50:26'),(874,327,181,38,'2024-05-05 01:50:26'),(875,327,180,40,'2024-05-13 01:50:26'),(876,327,179,16,'2024-05-02 01:50:26'),(877,327,178,31,'2024-05-20 01:50:26'),(878,327,177,38,'2024-05-04 01:50:26'),(879,327,176,48,'2024-05-22 01:50:26'),(880,327,175,19,'2024-05-25 01:50:26'),(881,327,174,29,'2024-05-18 01:50:26'),(882,327,173,15,'2024-05-22 01:50:26'),(883,327,172,17,'2024-05-01 01:50:26'),(884,327,171,39,'2024-04-30 01:50:26'),(885,327,170,28,'2024-05-03 01:50:26'),(886,327,169,34,'2024-05-06 01:50:26'),(887,327,168,43,'2024-05-02 01:50:26'),(888,327,167,4,'2024-05-12 01:50:26'),(889,327,166,36,'2024-05-05 01:50:26'),(890,327,165,50,'2024-05-16 01:50:26'),(891,327,164,14,'2024-05-29 01:50:26'),(892,327,163,17,'2024-05-13 01:50:26'),(893,327,162,38,'2024-05-25 01:50:26'),(894,327,161,23,'2024-05-04 01:50:26'),(895,327,160,45,'2024-05-03 01:50:26'),(896,327,159,38,'2024-05-28 01:50:26'),(897,327,158,5,'2024-05-20 01:50:26'),(898,327,157,11,'2024-05-25 01:50:26'),(899,327,156,6,'2024-05-27 01:50:26'),(900,327,155,6,'2024-05-20 01:50:26'),(901,327,154,15,'2024-05-16 01:50:26'),(902,327,153,22,'2024-05-05 01:50:26'),(903,327,152,37,'2024-05-23 01:50:26'),(904,327,151,42,'2024-05-13 01:50:26'),(905,327,150,11,'2024-05-15 01:50:26'),(906,327,149,36,'2024-05-27 01:50:26'),(907,327,148,18,'2024-05-16 01:50:26'),(908,327,147,14,'2024-04-30 01:50:26'),(909,327,146,8,'2024-05-06 01:50:26'),(910,327,145,26,'2024-05-24 01:50:26'),(911,327,144,19,'2024-05-21 01:50:26'),(912,327,143,15,'2024-05-10 01:50:26'),(913,327,142,20,'2024-05-01 01:50:26'),(914,327,141,31,'2024-05-25 01:50:26'),(915,327,140,48,'2024-05-20 01:50:26'),(916,327,139,33,'2024-05-19 01:50:26'),(917,327,138,43,'2024-05-25 01:50:26'),(918,327,137,8,'2024-05-20 01:50:26'),(919,327,136,11,'2024-05-28 01:50:26'),(920,327,135,31,'2024-05-03 01:50:26'),(921,327,134,33,'2024-05-13 01:50:26'),(922,327,133,38,'2024-05-25 01:50:26'),(923,327,132,26,'2024-05-26 01:50:26'),(924,327,131,2,'2024-05-05 01:50:26'),(925,327,130,1,'2024-05-13 01:50:26'),(926,327,129,40,'2024-05-22 01:50:26'),(927,327,128,44,'2024-05-12 01:50:26'),(928,327,100,16,'2024-05-04 01:50:26'),(929,327,99,14,'2024-05-06 01:50:26'),(930,327,98,9,'2024-05-15 01:50:26'),(931,327,97,42,'2024-05-06 01:50:26'),(932,327,96,18,'2024-05-18 01:50:26'),(933,327,95,48,'2024-05-13 01:50:26'),(934,327,94,48,'2024-05-27 01:50:26'),(935,327,93,25,'2024-05-22 01:50:26'),(936,327,92,39,'2024-05-27 01:50:26'),(937,327,91,6,'2024-05-21 01:50:26'),(938,327,90,6,'2024-05-07 01:50:26'),(939,327,89,17,'2024-05-17 01:50:26'),(940,327,88,8,'2024-05-16 01:50:26'),(941,327,87,44,'2024-04-30 01:50:26'),(942,327,86,18,'2024-05-08 01:50:26'),(943,327,85,28,'2024-05-10 01:50:26'),(944,327,84,29,'2024-05-01 01:50:26'),(945,327,83,49,'2024-05-28 01:50:26'),(946,327,82,16,'2024-05-18 01:50:26'),(947,327,81,3,'2024-05-27 01:50:26'),(948,327,80,13,'2024-05-28 01:50:26'),(949,327,79,21,'2024-05-01 01:50:26'),(950,327,78,27,'2024-05-05 01:50:26'),(951,327,77,23,'2024-05-04 01:50:26'),(952,327,76,42,'2024-05-10 01:50:26'),(953,327,75,36,'2024-05-11 01:50:26'),(954,327,74,49,'2024-05-29 01:50:26'),(955,327,73,5,'2024-05-16 01:50:26'),(956,327,72,48,'2024-05-17 01:50:26'),(957,327,71,9,'2024-05-09 01:50:26'),(958,327,70,45,'2024-05-17 01:50:26'),(959,327,69,18,'2024-05-14 01:50:26'),(960,327,68,30,'2024-05-19 01:50:26'),(961,327,67,47,'2024-05-10 01:50:26'),(962,327,66,23,'2024-05-21 01:50:26'),(963,327,65,3,'2024-05-17 01:50:26'),(964,327,64,49,'2024-05-12 01:50:26'),(965,327,63,3,'2024-05-16 01:50:26'),(966,327,62,8,'2024-05-18 01:50:26'),(967,327,61,25,'2024-05-21 01:50:26'),(968,327,60,48,'2024-05-03 01:50:26'),(969,327,59,27,'2024-05-29 01:50:26'),(970,327,58,24,'2024-05-19 01:50:26'),(971,327,57,15,'2024-05-16 01:50:26'),(972,327,56,18,'2024-05-17 01:50:26'),(973,327,55,49,'2024-05-09 01:50:26'),(974,327,54,23,'2024-05-23 01:50:26'),(975,327,53,39,'2024-05-23 01:50:26'),(976,327,52,36,'2024-05-01 01:50:26'),(977,327,51,30,'2024-05-26 01:50:26'),(978,327,50,37,'2024-05-18 01:50:26'),(979,327,49,38,'2024-05-12 01:50:26'),(980,327,48,32,'2024-05-16 01:50:26'),(981,327,47,19,'2024-05-14 01:50:26'),(982,327,46,20,'2024-05-16 01:50:26'),(983,327,45,4,'2024-05-29 01:50:26'),(984,327,44,42,'2024-05-25 01:50:26'),(985,327,43,15,'2024-05-01 01:50:26'),(986,327,42,45,'2024-05-12 01:50:26'),(987,327,41,15,'2024-05-10 01:50:26'),(988,327,40,20,'2024-04-30 01:50:26'),(989,327,39,36,'2024-05-11 01:50:26'),(990,327,38,45,'2024-05-09 01:50:26'),(991,327,37,38,'2024-05-08 01:50:26'),(992,327,36,14,'2024-05-21 01:50:26'),(993,327,35,26,'2024-05-08 01:50:26'),(994,327,34,6,'2024-05-19 01:50:26'),(995,327,33,19,'2024-05-03 01:50:26'),(996,327,32,15,'2024-05-05 01:50:26'),(997,327,31,7,'2024-05-21 01:50:26'),(998,327,30,49,'2024-05-29 01:50:26'),(999,327,29,12,'2024-05-28 01:50:26'),(1000,327,28,26,'2024-05-17 01:50:26'),(1001,327,27,31,'2024-05-06 01:50:26'),(1002,327,26,3,'2024-05-01 01:50:26'),(1003,327,25,28,'2024-05-02 01:50:26'),(1004,327,24,46,'2024-05-04 01:50:26'),(1005,327,23,27,'2024-05-27 01:50:26'),(1006,327,22,40,'2024-05-07 01:50:26'),(1007,327,21,17,'2024-05-16 01:50:26'),(1008,327,20,10,'2024-05-12 01:50:26'),(1009,327,19,22,'2024-05-19 01:50:26'),(1010,327,18,21,'2024-05-27 01:50:26'),(1011,327,17,8,'2024-05-13 01:50:26'),(1012,327,16,11,'2024-05-17 01:50:26'),(1013,327,15,25,'2024-05-23 01:50:26'),(1014,327,14,27,'2024-05-27 01:50:26'),(1015,327,13,40,'2024-05-09 01:50:26'),(1016,327,12,5,'2024-05-17 01:50:26'),(1017,327,11,39,'2024-05-12 01:50:26'),(1018,327,10,30,'2024-05-22 01:50:26'),(1019,327,9,21,'2024-05-19 01:50:26'),(1020,327,8,26,'2024-05-16 01:50:26'),(1021,327,7,41,'2024-05-10 01:50:26'),(1022,327,6,40,'2024-05-28 01:50:26'),(1023,327,5,40,'2024-05-03 01:50:26'),(1024,327,4,2,'2024-05-16 01:50:26'),(1025,327,3,13,'2024-05-04 01:50:26'),(1026,327,2,26,'2024-04-30 01:50:26'),(1027,327,1,24,'2024-05-20 01:50:26'),(1028,427,327,13,'2024-05-22 01:50:26'),(1029,427,326,23,'2024-05-14 01:50:26'),(1030,427,325,16,'2024-05-01 01:50:26'),(1031,427,324,39,'2024-05-27 01:50:26'),(1032,427,323,3,'2024-05-29 01:50:26'),(1033,427,322,45,'2024-05-17 01:50:26'),(1034,427,321,20,'2024-05-08 01:50:26'),(1035,427,320,23,'2024-05-27 01:50:26'),(1036,427,319,5,'2024-05-25 01:50:26'),(1037,427,318,28,'2024-05-21 01:50:26'),(1038,427,317,36,'2024-05-08 01:50:26'),(1039,427,316,26,'2024-05-19 01:50:26'),(1040,427,315,11,'2024-05-28 01:50:26'),(1041,427,314,32,'2024-05-01 01:50:26'),(1042,427,313,46,'2024-05-10 01:50:26'),(1043,427,312,26,'2024-05-12 01:50:26'),(1044,427,311,23,'2024-05-16 01:50:26'),(1045,427,310,44,'2024-04-30 01:50:26'),(1046,427,309,19,'2024-05-03 01:50:26'),(1047,427,308,17,'2024-05-01 01:50:26'),(1048,427,307,39,'2024-05-29 01:50:26'),(1049,427,306,39,'2024-05-07 01:50:26'),(1050,427,305,26,'2024-05-20 01:50:26'),(1051,427,304,50,'2024-05-29 01:50:26'),(1052,427,303,3,'2024-05-21 01:50:26'),(1053,427,302,10,'2024-05-26 01:50:26'),(1054,427,301,3,'2024-05-04 01:50:26'),(1055,427,300,5,'2024-05-02 01:50:26'),(1056,427,299,16,'2024-05-05 01:50:26'),(1057,427,298,8,'2024-05-21 01:50:26'),(1058,427,297,48,'2024-05-02 01:50:26'),(1059,427,296,38,'2024-04-30 01:50:26'),(1060,427,295,33,'2024-05-20 01:50:26'),(1061,427,294,34,'2024-05-18 01:50:26'),(1062,427,293,43,'2024-05-26 01:50:26'),(1063,427,292,2,'2024-05-06 01:50:26'),(1064,427,291,44,'2024-05-29 01:50:26'),(1065,427,290,25,'2024-05-19 01:50:26'),(1066,427,289,14,'2024-05-20 01:50:26'),(1067,427,288,39,'2024-05-02 01:50:26'),(1068,427,287,14,'2024-05-12 01:50:26'),(1069,427,286,9,'2024-05-29 01:50:26'),(1070,427,285,34,'2024-05-23 01:50:26'),(1071,427,284,5,'2024-05-05 01:50:26'),(1072,427,283,38,'2024-05-20 01:50:26'),(1073,427,282,17,'2024-05-08 01:50:26'),(1074,427,281,33,'2024-05-28 01:50:26'),(1075,427,280,13,'2024-05-25 01:50:26'),(1076,427,279,48,'2024-05-19 01:50:26'),(1077,427,278,47,'2024-05-13 01:50:26'),(1078,427,277,46,'2024-05-01 01:50:26'),(1079,427,276,48,'2024-05-02 01:50:26'),(1080,427,275,41,'2024-05-22 01:50:26'),(1081,427,274,38,'2024-05-27 01:50:26'),(1082,427,273,9,'2024-05-12 01:50:26'),(1083,427,272,19,'2024-05-25 01:50:26'),(1084,427,271,35,'2024-05-01 01:50:26'),(1085,427,270,34,'2024-05-15 01:50:26'),(1086,427,269,18,'2024-05-18 01:50:26'),(1087,427,268,45,'2024-05-22 01:50:26'),(1088,427,267,32,'2024-05-18 01:50:26'),(1089,427,266,50,'2024-05-04 01:50:26'),(1090,427,265,15,'2024-05-02 01:50:26'),(1091,427,264,35,'2024-05-08 01:50:26'),(1092,427,263,26,'2024-05-18 01:50:26'),(1093,427,262,20,'2024-05-05 01:50:26'),(1094,427,261,46,'2024-05-26 01:50:26'),(1095,427,260,41,'2024-05-09 01:50:26'),(1096,427,259,4,'2024-05-22 01:50:26'),(1097,427,258,2,'2024-05-18 01:50:26'),(1098,427,257,41,'2024-05-03 01:50:26'),(1099,427,256,3,'2024-05-12 01:50:26'),(1100,427,255,35,'2024-05-07 01:50:26'),(1101,427,254,38,'2024-05-16 01:50:26'),(1102,427,253,49,'2024-05-13 01:50:26'),(1103,427,252,38,'2024-05-24 01:50:26'),(1104,427,251,33,'2024-05-10 01:50:26'),(1105,427,250,20,'2024-04-30 01:50:26'),(1106,427,249,39,'2024-05-04 01:50:26'),(1107,427,248,45,'2024-04-30 01:50:26'),(1108,427,247,13,'2024-05-22 01:50:26'),(1109,427,246,26,'2024-05-06 01:50:26'),(1110,427,245,17,'2024-05-18 01:50:26'),(1111,427,244,46,'2024-05-17 01:50:26'),(1112,427,243,16,'2024-05-21 01:50:26'),(1113,427,242,26,'2024-05-09 01:50:26'),(1114,427,241,45,'2024-05-17 01:50:26'),(1115,427,240,23,'2024-05-01 01:50:26'),(1116,427,239,23,'2024-05-18 01:50:26'),(1117,427,238,28,'2024-05-10 01:50:26'),(1118,427,237,29,'2024-05-03 01:50:26'),(1119,427,236,38,'2024-05-28 01:50:26'),(1120,427,235,4,'2024-05-25 01:50:26'),(1121,427,234,30,'2024-05-14 01:50:26'),(1122,427,233,38,'2024-05-22 01:50:26'),(1123,427,232,2,'2024-05-18 01:50:26'),(1124,427,231,44,'2024-05-25 01:50:26'),(1125,427,230,6,'2024-05-27 01:50:26'),(1126,427,229,8,'2024-05-16 01:50:26'),(1127,427,228,41,'2024-05-09 01:50:26');
/*!40000 ALTER TABLE `ticket` ENABLE KEYS */;
UNLOCK TABLES;

--
-- Table structure for table `transaction`
--

DROP TABLE IF EXISTS `transaction`;
/*!40101 SET @saved_cs_client     = @@character_set_client */;
/*!50503 SET character_set_client = utf8mb4 */;
CREATE TABLE `transaction` (
  `transaction_id` int NOT NULL AUTO_INCREMENT,
  `reservation_id` int DEFAULT NULL,
  `payment_id` int DEFAULT NULL,
  `transaction_time` datetime DEFAULT NULL,
  PRIMARY KEY (`transaction_id`),
  KEY `reservation_id` (`reservation_id`),
  KEY `payment_id` (`payment_id`),
  CONSTRAINT `transaction_ibfk_1` FOREIGN KEY (`reservation_id`) REFERENCES `reservation` (`reservation_id`) ON DELETE CASCADE,
  CONSTRAINT `transaction_ibfk_2` FOREIGN KEY (`payment_id`) REFERENCES `payment` (`payment_id`) ON DELETE CASCADE
) ENGINE=InnoDB AUTO_INCREMENT=1024 DEFAULT CHARSET=utf8mb4 COLLATE=utf8mb4_0900_ai_ci;
/*!40101 SET character_set_client = @saved_cs_client */;

--
-- Dumping data for table `transaction`
--

LOCK TABLES `transaction` WRITE;
/*!40000 ALTER TABLE `transaction` DISABLE KEYS */;
INSERT INTO `transaction` VALUES (1,1,1,'2024-05-11 01:58:57'),(2,1,128,'2024-05-10 01:58:57'),(3,128,228,'2024-05-17 01:58:57'),(4,129,229,'2024-05-27 01:58:57'),(5,130,230,'2024-05-26 01:58:57'),(6,131,231,'2024-05-17 01:58:57'),(7,132,232,'2024-05-10 01:58:57'),(8,133,233,'2024-05-29 01:58:57'),(9,134,234,'2024-05-25 01:58:57'),(10,135,235,'2024-05-08 01:58:57'),(11,136,236,'2024-05-27 01:58:57'),(12,137,237,'2024-05-21 01:58:57'),(13,138,238,'2024-05-26 01:58:57'),(14,139,239,'2024-05-08 01:58:57'),(15,140,240,'2024-05-19 01:58:57'),(16,141,241,'2024-05-15 01:58:57'),(17,142,242,'2024-05-18 01:58:57'),(18,143,243,'2024-05-13 01:58:57'),(19,144,244,'2024-05-13 01:58:57'),(20,145,245,'2024-05-28 01:58:57'),(21,146,246,'2024-05-12 01:58:57'),(22,147,247,'2024-05-05 01:58:57'),(23,148,248,'2024-05-19 01:58:57'),(24,149,249,'2024-05-23 01:58:57'),(25,150,250,'2024-05-26 01:58:57'),(26,151,251,'2024-05-01 01:58:57'),(27,152,252,'2024-05-17 01:58:57'),(28,153,253,'2024-05-25 01:58:57'),(29,154,254,'2024-05-14 01:58:57'),(30,155,255,'2024-05-25 01:58:57'),(31,156,256,'2024-05-25 01:58:57'),(32,157,257,'2024-05-19 01:58:57'),(33,158,258,'2024-05-21 01:58:57'),(34,159,259,'2024-05-19 01:58:57'),(35,160,260,'2024-04-30 01:58:57'),(36,161,261,'2024-05-06 01:58:57'),(37,162,262,'2024-04-30 01:58:57'),(38,163,263,'2024-05-14 01:58:57'),(39,164,264,'2024-05-08 01:58:57'),(40,165,265,'2024-05-01 01:58:57'),(41,166,266,'2024-05-11 01:58:57'),(42,167,267,'2024-05-22 01:58:57'),(43,168,268,'2024-05-19 01:58:57'),(44,169,269,'2024-05-27 01:58:57'),(45,170,270,'2024-05-20 01:58:57'),(46,171,271,'2024-05-19 01:58:57'),(47,172,272,'2024-05-05 01:58:57'),(48,173,273,'2024-05-27 01:58:57'),(49,174,274,'2024-05-04 01:58:57'),(50,175,275,'2024-05-27 01:58:57'),(51,176,276,'2024-05-06 01:58:57'),(52,177,277,'2024-05-09 01:58:57'),(53,178,278,'2024-05-25 01:58:57'),(54,179,279,'2024-05-11 01:58:57'),(55,180,280,'2024-05-08 01:58:57'),(56,181,281,'2024-05-09 01:58:57'),(57,182,282,'2024-05-23 01:58:57'),(58,183,283,'2024-05-25 01:58:57'),(59,184,284,'2024-04-30 01:58:57'),(60,185,285,'2024-05-13 01:58:57'),(61,186,286,'2024-05-05 01:58:57'),(62,187,287,'2024-05-17 01:58:57'),(63,188,288,'2024-05-12 01:58:57'),(64,189,289,'2024-05-11 01:58:57'),(65,190,290,'2024-05-16 01:58:57'),(66,191,291,'2024-05-19 01:58:57'),(67,192,292,'2024-05-16 01:58:57'),(68,193,293,'2024-05-26 01:58:57'),(69,194,294,'2024-05-23 01:58:57'),(70,195,295,'2024-05-07 01:58:57'),(71,196,296,'2024-05-24 01:58:57'),(72,197,297,'2024-05-12 01:58:57'),(73,198,298,'2024-05-17 01:58:57'),(74,199,299,'2024-05-22 01:58:57'),(75,200,300,'2024-05-29 01:58:57'),(76,201,301,'2024-05-17 01:58:57'),(77,202,302,'2024-05-29 01:58:57'),(78,203,303,'2024-05-07 01:58:57'),(79,204,304,'2024-05-07 01:58:57'),(80,205,305,'2024-05-16 01:58:57'),(81,206,306,'2024-05-27 01:58:57'),(82,207,307,'2024-05-27 01:58:57'),(83,208,308,'2024-05-24 01:58:57'),(84,209,309,'2024-05-09 01:58:57'),(85,210,310,'2024-05-07 01:58:57'),(86,211,311,'2024-05-05 01:58:57'),(87,212,312,'2024-05-06 01:58:57'),(88,213,313,'2024-05-17 01:58:57'),(89,214,314,'2024-05-07 01:58:57'),(90,215,315,'2024-05-15 01:58:57'),(91,216,316,'2024-05-24 01:58:57'),(92,217,317,'2024-05-17 01:58:57'),(93,218,318,'2024-05-13 01:58:57'),(94,219,319,'2024-05-16 01:58:57'),(95,220,320,'2024-05-10 01:58:57'),(96,221,321,'2024-05-01 01:58:57'),(97,222,322,'2024-05-07 01:58:57'),(98,223,323,'2024-05-01 01:58:57'),(99,224,324,'2024-05-15 01:58:57'),(100,225,325,'2024-05-13 01:58:57'),(101,226,326,'2024-05-20 01:58:57'),(102,227,327,'2024-04-30 01:58:57'),(103,228,328,'2024-05-04 01:58:57'),(104,229,329,'2024-05-18 01:58:57'),(105,230,330,'2024-05-19 01:58:57'),(106,231,331,'2024-05-13 01:58:57'),(107,232,332,'2024-05-09 01:58:57'),(108,233,333,'2024-05-05 01:58:57'),(109,234,334,'2024-05-01 01:58:57'),(110,235,335,'2024-05-18 01:58:57'),(111,236,336,'2024-05-26 01:58:57'),(112,237,337,'2024-05-18 01:58:57'),(113,238,338,'2024-05-14 01:58:57'),(114,239,339,'2024-05-15 01:58:57'),(115,240,340,'2024-05-05 01:58:57'),(116,241,341,'2024-05-10 01:58:57'),(117,242,342,'2024-05-04 01:58:57'),(118,243,343,'2024-05-20 01:58:57'),(119,244,344,'2024-05-27 01:58:57'),(120,245,345,'2024-05-19 01:58:57'),(121,246,346,'2024-05-13 01:58:57'),(122,247,347,'2024-05-09 01:58:57'),(123,248,348,'2024-05-05 01:58:57'),(124,249,349,'2024-05-28 01:58:57'),(125,250,350,'2024-05-06 01:58:57'),(126,251,351,'2024-05-08 01:58:57'),(127,252,352,'2024-05-23 01:58:57'),(128,253,353,'2024-05-02 01:58:57'),(129,254,354,'2024-05-03 01:58:57'),(130,255,355,'2024-05-06 01:58:57'),(131,256,356,'2024-05-24 01:58:57'),(132,257,357,'2024-05-10 01:58:57'),(133,258,358,'2024-05-11 01:58:57'),(134,259,359,'2024-05-25 01:58:57'),(135,260,360,'2024-05-01 01:58:57'),(136,261,361,'2024-05-22 01:58:57'),(137,262,362,'2024-05-19 01:58:57'),(138,263,363,'2024-05-28 01:58:57'),(139,264,364,'2024-05-26 01:58:57'),(140,265,365,'2024-05-13 01:58:57'),(141,266,366,'2024-05-18 01:58:57'),(142,267,367,'2024-05-21 01:58:57'),(143,268,368,'2024-05-22 01:58:57'),(144,269,369,'2024-05-17 01:58:57'),(145,270,370,'2024-05-21 01:58:57'),(146,271,371,'2024-05-22 01:58:57'),(147,272,372,'2024-05-18 01:58:57'),(148,273,373,'2024-05-26 01:58:57'),(149,274,374,'2024-05-18 01:58:57'),(150,275,375,'2024-05-10 01:58:57'),(151,276,376,'2024-05-26 01:58:57'),(152,277,377,'2024-05-13 01:58:57'),(153,278,378,'2024-05-16 01:58:57'),(154,279,379,'2024-05-10 01:58:57'),(155,280,380,'2024-05-04 01:58:57'),(156,281,381,'2024-05-19 01:58:57'),(157,282,382,'2024-05-24 01:58:57'),(158,283,383,'2024-05-03 01:58:57'),(159,284,384,'2024-05-06 01:58:57'),(160,285,385,'2024-05-21 01:58:57'),(161,286,386,'2024-05-26 01:58:57'),(162,287,387,'2024-05-09 01:58:57'),(163,288,388,'2024-05-25 01:58:57'),(164,289,389,'2024-05-10 01:58:57'),(165,290,390,'2024-05-05 01:58:57'),(166,291,391,'2024-05-24 01:58:57'),(167,292,392,'2024-05-18 01:58:57'),(168,293,393,'2024-05-18 01:58:57'),(169,294,394,'2024-05-06 01:58:57'),(170,295,395,'2024-05-06 01:58:57'),(171,296,396,'2024-05-15 01:58:57'),(172,297,397,'2024-05-26 01:58:57'),(173,298,398,'2024-05-27 01:58:57'),(174,299,399,'2024-05-25 01:58:57'),(175,300,400,'2024-05-17 01:58:57'),(176,301,401,'2024-05-08 01:58:57'),(177,302,402,'2024-05-20 01:58:57'),(178,303,403,'2024-05-19 01:58:57'),(179,304,404,'2024-05-03 01:58:57'),(180,305,405,'2024-05-20 01:58:57'),(181,306,406,'2024-04-30 01:58:57'),(182,307,407,'2024-05-01 01:58:57'),(183,308,408,'2024-05-05 01:58:57'),(184,309,409,'2024-05-22 01:58:57'),(185,310,410,'2024-05-05 01:58:57'),(186,311,411,'2024-05-20 01:58:57'),(187,312,412,'2024-05-28 01:58:57'),(188,313,413,'2024-05-18 01:58:57'),(189,314,414,'2024-05-07 01:58:57'),(190,315,415,'2024-05-10 01:58:57'),(191,316,416,'2024-05-01 01:58:57'),(192,317,417,'2024-05-07 01:58:57'),(193,318,418,'2024-05-29 01:58:57'),(194,319,419,'2024-05-08 01:58:57'),(195,320,420,'2024-05-12 01:58:57'),(196,321,421,'2024-05-07 01:58:57'),(197,322,422,'2024-05-29 01:58:57'),(198,323,423,'2024-05-06 01:58:57'),(199,324,424,'2024-05-02 01:58:57'),(200,325,425,'2024-05-21 01:58:57'),(201,326,426,'2024-05-10 01:58:57'),(202,327,427,'2024-05-20 01:58:57'),(203,328,428,'2024-05-08 01:58:57'),(204,329,429,'2024-05-13 01:58:57'),(205,330,430,'2024-05-09 01:58:57'),(206,331,431,'2024-05-07 01:58:57'),(207,332,432,'2024-05-10 01:58:57'),(208,333,433,'2024-04-30 01:58:57'),(209,334,434,'2024-05-01 01:58:57'),(210,335,435,'2024-05-04 01:58:57'),(211,336,436,'2024-05-18 01:58:57'),(212,337,437,'2024-05-16 01:58:57'),(213,338,438,'2024-05-29 01:58:57'),(214,339,439,'2024-05-09 01:58:57'),(215,340,440,'2024-05-16 01:58:57'),(216,341,441,'2024-05-23 01:58:57'),(217,342,442,'2024-05-08 01:58:57'),(218,343,443,'2024-04-30 01:58:57'),(219,344,444,'2024-05-06 01:58:57'),(220,345,445,'2024-05-04 01:58:57'),(221,346,446,'2024-04-30 01:58:57'),(222,347,447,'2024-05-17 01:58:57'),(223,348,448,'2024-05-28 01:58:57'),(224,349,449,'2024-05-27 01:58:57'),(225,350,450,'2024-05-22 01:58:57'),(226,351,451,'2024-05-01 01:58:57'),(227,352,452,'2024-05-28 01:58:57'),(228,353,453,'2024-05-19 01:58:57'),(229,354,454,'2024-05-11 01:58:57'),(230,355,455,'2024-05-29 01:58:57'),(231,356,456,'2024-05-21 01:58:57'),(232,357,457,'2024-05-20 01:58:57'),(233,358,458,'2024-05-09 01:58:57'),(234,359,459,'2024-05-13 01:58:57'),(235,360,460,'2024-05-09 01:58:57'),(236,361,461,'2024-05-06 01:58:57'),(237,362,462,'2024-05-03 01:58:57'),(238,363,463,'2024-05-29 01:58:57'),(239,364,464,'2024-05-15 01:58:57'),(240,365,465,'2024-05-18 01:58:57'),(241,366,466,'2024-05-16 01:58:57'),(242,367,467,'2024-05-28 01:58:57'),(243,368,468,'2024-05-03 01:58:57'),(244,369,469,'2024-05-20 01:58:57'),(245,370,470,'2024-04-30 01:58:57'),(246,371,471,'2024-05-02 01:58:57'),(247,372,472,'2024-05-09 01:58:57'),(248,373,473,'2024-05-10 01:58:57'),(249,374,474,'2024-05-22 01:58:57'),(250,375,475,'2024-05-22 01:58:57'),(251,376,476,'2024-05-13 01:58:57'),(252,377,477,'2024-05-29 01:58:57'),(253,378,478,'2024-05-17 01:58:57'),(254,379,479,'2024-05-01 01:58:57'),(255,380,480,'2024-05-12 01:58:57'),(256,381,481,'2024-04-30 01:58:57'),(257,382,482,'2024-05-23 01:58:57'),(258,383,483,'2024-05-28 01:58:57'),(259,384,484,'2024-05-09 01:58:57'),(260,385,485,'2024-05-21 01:58:57'),(261,386,486,'2024-05-20 01:58:57'),(262,387,487,'2024-05-06 01:58:57'),(263,388,488,'2024-05-03 01:58:57'),(264,389,489,'2024-05-25 01:58:57'),(265,390,490,'2024-05-29 01:58:57'),(266,391,491,'2024-05-11 01:58:57'),(267,392,492,'2024-05-29 01:58:57'),(268,393,493,'2024-05-22 01:58:57'),(269,394,494,'2024-05-23 01:58:57'),(270,395,495,'2024-05-20 01:58:57'),(271,396,496,'2024-05-01 01:58:57'),(272,397,497,'2024-05-04 01:58:57'),(273,398,498,'2024-05-18 01:58:57'),(274,399,499,'2024-05-20 01:58:57'),(275,400,500,'2024-05-17 01:58:57'),(276,401,501,'2024-05-25 01:58:57'),(277,402,502,'2024-05-15 01:58:57'),(278,403,503,'2024-05-29 01:58:57'),(279,404,504,'2024-05-13 01:58:57'),(280,405,505,'2024-05-06 01:58:57'),(281,406,506,'2024-05-22 01:58:57'),(282,407,507,'2024-05-01 01:58:57'),(283,408,508,'2024-05-03 01:58:57'),(284,409,509,'2024-05-10 01:58:57'),(285,410,510,'2024-05-13 01:58:57'),(286,411,511,'2024-05-05 01:58:57'),(287,412,512,'2024-05-17 01:58:57'),(288,413,513,'2024-05-09 01:58:57'),(289,414,514,'2024-05-24 01:58:57'),(290,415,515,'2024-05-06 01:58:57'),(291,416,516,'2024-05-16 01:58:57'),(292,417,517,'2024-05-05 01:58:57'),(293,418,518,'2024-05-06 01:58:57'),(294,419,519,'2024-05-14 01:58:57'),(295,420,520,'2024-05-23 01:58:57'),(296,421,521,'2024-05-13 01:58:57'),(297,422,522,'2024-05-26 01:58:57'),(298,423,523,'2024-05-03 01:58:57'),(299,424,524,'2024-05-26 01:58:57'),(300,425,525,'2024-05-04 01:58:57'),(301,426,526,'2024-05-29 01:58:57'),(302,427,527,'2024-05-16 01:58:57'),(303,2,2,'2024-05-25 01:58:57'),(304,2,129,'2024-05-15 01:58:57'),(305,5,5,'2024-04-30 01:58:57'),(306,5,132,'2024-05-16 01:58:57'),(307,8,8,'2024-05-21 01:58:57'),(308,8,135,'2024-05-28 01:58:57'),(309,13,13,'2024-05-19 01:58:57'),(310,13,140,'2024-05-09 01:58:57'),(311,15,15,'2024-05-21 01:58:57'),(312,15,142,'2024-05-16 01:58:57'),(313,16,16,'2024-05-20 01:58:57'),(314,16,143,'2024-05-21 01:58:57'),(315,17,17,'2024-05-16 01:58:57'),(316,17,144,'2024-05-16 01:58:57'),(317,19,19,'2024-05-02 01:58:57'),(318,19,146,'2024-05-21 01:58:57'),(319,21,21,'2024-05-13 01:58:57'),(320,21,148,'2024-05-01 01:58:57'),(321,24,24,'2024-05-25 01:58:57'),(322,24,151,'2024-05-04 01:58:57'),(323,26,26,'2024-05-05 01:58:57'),(324,26,153,'2024-05-14 01:58:57'),(325,27,27,'2024-05-26 01:58:57'),(326,27,154,'2024-05-27 01:58:57'),(327,29,29,'2024-05-28 01:58:57'),(328,29,156,'2024-05-29 01:58:57'),(329,32,32,'2024-05-02 01:58:57'),(330,32,159,'2024-05-12 01:58:57'),(331,39,39,'2024-05-25 01:58:57'),(332,39,166,'2024-04-30 01:58:57'),(333,44,44,'2024-05-16 01:58:57'),(334,44,171,'2024-05-20 01:58:57'),(335,45,45,'2024-05-24 01:58:57'),(336,45,172,'2024-05-28 01:58:57'),(337,49,49,'2024-05-08 01:58:57'),(338,49,176,'2024-05-16 01:58:57'),(339,51,51,'2024-05-27 01:58:57'),(340,51,178,'2024-05-27 01:58:57'),(341,52,52,'2024-05-24 01:58:57'),(342,52,179,'2024-05-11 01:58:57'),(343,55,55,'2024-05-12 01:58:57'),(344,55,182,'2024-05-28 01:58:57'),(345,57,57,'2024-05-15 01:58:57'),(346,57,184,'2024-05-22 01:58:57'),(347,59,59,'2024-05-07 01:58:57'),(348,59,186,'2024-05-26 01:58:57'),(349,60,60,'2024-05-23 01:58:57'),(350,60,187,'2024-05-04 01:58:57'),(351,63,63,'2024-05-14 01:58:57'),(352,63,190,'2024-05-27 01:58:57'),(353,64,64,'2024-05-03 01:58:57'),(354,64,191,'2024-05-25 01:58:57'),(355,66,66,'2024-05-26 01:58:57'),(356,66,193,'2024-05-25 01:58:57'),(357,69,69,'2024-05-17 01:58:57'),(358,69,196,'2024-05-12 01:58:57'),(359,71,71,'2024-05-11 01:58:57'),(360,71,198,'2024-05-17 01:58:57'),(361,73,73,'2024-05-25 01:58:57'),(362,73,200,'2024-05-15 01:58:57'),(363,74,74,'2024-05-29 01:58:57'),(364,74,201,'2024-05-12 01:58:57'),(365,77,77,'2024-05-03 01:58:57'),(366,77,204,'2024-05-10 01:58:57'),(367,83,83,'2024-05-11 01:58:57'),(368,83,210,'2024-05-25 01:58:57'),(369,86,86,'2024-05-04 01:58:57'),(370,86,213,'2024-05-06 01:58:57'),(371,87,87,'2024-05-18 01:58:57'),(372,87,214,'2024-05-12 01:58:57'),(373,88,88,'2024-05-06 01:58:57'),(374,88,215,'2024-05-23 01:58:57'),(375,90,90,'2024-05-08 01:58:57'),(376,90,217,'2024-05-04 01:58:57'),(377,91,91,'2024-05-26 01:58:57'),(378,91,218,'2024-05-26 01:58:57'),(379,92,92,'2024-05-24 01:58:57'),(380,92,219,'2024-05-11 01:58:57'),(381,93,93,'2024-05-14 01:58:57'),(382,93,220,'2024-05-08 01:58:57'),(383,95,95,'2024-05-29 01:58:57'),(384,95,222,'2024-05-03 01:58:57'),(385,99,99,'2024-05-17 01:58:57'),(386,99,226,'2024-05-15 01:58:57'),(387,4,4,'2024-05-24 01:58:57'),(388,4,131,'2024-05-15 01:58:57'),(389,7,7,'2024-05-05 01:58:57'),(390,7,134,'2024-05-09 01:58:57'),(391,9,9,'2024-05-02 01:58:57'),(392,9,136,'2024-05-13 01:58:57'),(393,12,12,'2024-05-01 01:58:57'),(394,12,139,'2024-05-26 01:58:57'),(395,14,14,'2024-05-07 01:58:57'),(396,14,141,'2024-05-17 01:58:57'),(397,18,18,'2024-05-04 01:58:57'),(398,18,145,'2024-05-01 01:58:57'),(399,22,22,'2024-05-24 01:58:57'),(400,22,149,'2024-05-26 01:58:57'),(401,25,25,'2024-04-30 01:58:57'),(402,25,152,'2024-05-12 01:58:57'),(403,30,30,'2024-05-29 01:58:57'),(404,30,157,'2024-05-21 01:58:57'),(405,31,31,'2024-05-16 01:58:57'),(406,31,158,'2024-05-20 01:58:57'),(407,35,35,'2024-05-23 01:58:57'),(408,35,162,'2024-05-26 01:58:57'),(409,37,37,'2024-05-02 01:58:57'),(410,37,164,'2024-05-22 01:58:57'),(411,40,40,'2024-05-13 01:58:57'),(412,40,167,'2024-05-29 01:58:57'),(413,47,47,'2024-05-19 01:58:57'),(414,47,174,'2024-05-06 01:58:57'),(415,48,48,'2024-05-04 01:58:57'),(416,48,175,'2024-05-02 01:58:57'),(417,50,50,'2024-05-01 01:58:57'),(418,50,177,'2024-05-26 01:58:57'),(419,58,58,'2024-05-11 01:58:57'),(420,58,185,'2024-05-07 01:58:57'),(421,65,65,'2024-04-30 01:58:57'),(422,65,192,'2024-05-13 01:58:57'),(423,67,67,'2024-05-02 01:58:57'),(424,67,194,'2024-05-02 01:58:57'),(425,68,68,'2024-05-06 01:58:57'),(426,68,195,'2024-05-22 01:58:57'),(427,72,72,'2024-05-06 01:58:57'),(428,72,199,'2024-05-21 01:58:57'),(429,75,75,'2024-04-30 01:58:57'),(430,75,202,'2024-05-29 01:58:57'),(431,76,76,'2024-05-23 01:58:57'),(432,76,203,'2024-05-29 01:58:57'),(433,80,80,'2024-05-18 01:58:57'),(434,80,207,'2024-05-05 01:58:57'),(435,81,81,'2024-05-28 01:58:57'),(436,81,208,'2024-05-07 01:58:57'),(437,85,85,'2024-05-12 01:58:57'),(438,85,212,'2024-05-10 01:58:57'),(439,97,97,'2024-05-12 01:58:57'),(440,97,224,'2024-05-02 01:58:57'),(441,100,100,'2024-05-03 01:58:57'),(442,100,227,'2024-05-10 01:58:57'),(443,3,3,'2024-05-12 01:58:57'),(444,3,130,'2024-05-02 01:58:57'),(445,6,6,'2024-05-02 01:58:57'),(446,6,133,'2024-05-06 01:58:57'),(447,10,10,'2024-05-25 01:58:57'),(448,10,137,'2024-05-16 01:58:57'),(449,11,11,'2024-05-07 01:58:57'),(450,11,138,'2024-05-15 01:58:57'),(451,20,20,'2024-05-28 01:58:57'),(452,20,147,'2024-05-03 01:58:57'),(453,23,23,'2024-05-23 01:58:57'),(454,23,150,'2024-05-17 01:58:57'),(455,28,28,'2024-05-14 01:58:57'),(456,28,155,'2024-05-22 01:58:57'),(457,33,33,'2024-05-07 01:58:57'),(458,33,160,'2024-05-29 01:58:57'),(459,34,34,'2024-05-05 01:58:57'),(460,34,161,'2024-05-29 01:58:57'),(461,36,36,'2024-05-09 01:58:57'),(462,36,163,'2024-05-18 01:58:57'),(463,38,38,'2024-05-03 01:58:57'),(464,38,165,'2024-05-21 01:58:57'),(465,41,41,'2024-05-09 01:58:57'),(466,41,168,'2024-05-10 01:58:57'),(467,42,42,'2024-05-24 01:58:57'),(468,42,169,'2024-04-30 01:58:57'),(469,43,43,'2024-05-18 01:58:57'),(470,43,170,'2024-05-02 01:58:57'),(471,46,46,'2024-05-18 01:58:57'),(472,46,173,'2024-05-21 01:58:57'),(473,53,53,'2024-05-24 01:58:57'),(474,53,180,'2024-05-26 01:58:57'),(475,54,54,'2024-05-28 01:58:57'),(476,54,181,'2024-05-05 01:58:57'),(477,56,56,'2024-05-02 01:58:57'),(478,56,183,'2024-05-24 01:58:57'),(479,61,61,'2024-05-23 01:58:57'),(480,61,188,'2024-05-16 01:58:57'),(481,62,62,'2024-05-12 01:58:57'),(482,62,189,'2024-05-11 01:58:57'),(483,70,70,'2024-05-19 01:58:57'),(484,70,197,'2024-05-05 01:58:57'),(485,78,78,'2024-05-25 01:58:57'),(486,78,205,'2024-05-24 01:58:57'),(487,79,79,'2024-05-13 01:58:57'),(488,79,206,'2024-05-24 01:58:57'),(489,82,82,'2024-05-22 01:58:57'),(490,82,209,'2024-05-07 01:58:57'),(491,84,84,'2024-05-02 01:58:57'),(492,84,211,'2024-05-20 01:58:57'),(493,89,89,'2024-05-02 01:58:57'),(494,89,216,'2024-05-13 01:58:57'),(495,94,94,'2024-05-27 01:58:57'),(496,94,221,'2024-05-06 01:58:57'),(497,96,96,'2024-05-12 01:58:57'),(498,96,223,'2024-05-13 01:58:57'),(499,98,98,'2024-05-28 01:58:57'),(500,98,225,'2024-05-11 01:58:57'),(501,428,528,'2024-05-01 01:58:57'),(502,429,529,'2024-05-01 01:58:57'),(503,430,530,'2024-05-05 01:58:57'),(504,431,531,'2024-05-23 01:58:57'),(505,432,532,'2024-05-10 01:58:57'),(506,433,533,'2024-05-13 01:58:57'),(507,434,534,'2024-05-03 01:58:57'),(508,435,535,'2024-05-09 01:58:57'),(509,436,536,'2024-05-04 01:58:57'),(510,437,537,'2024-05-23 01:58:57'),(511,438,538,'2024-05-14 01:58:57'),(512,439,539,'2024-05-04 01:58:57'),(513,440,540,'2024-05-07 01:58:57'),(514,441,541,'2024-05-22 01:58:57'),(515,442,542,'2024-05-29 01:58:57'),(516,443,543,'2024-05-20 01:58:57'),(517,444,544,'2024-05-16 01:58:57'),(518,445,545,'2024-05-18 01:58:57'),(519,446,546,'2024-05-12 01:58:57'),(520,447,547,'2024-05-06 01:58:57'),(521,448,548,'2024-05-26 01:58:57'),(522,449,549,'2024-05-23 01:58:57'),(523,450,550,'2024-05-07 01:58:57'),(524,451,551,'2024-05-27 01:58:57'),(525,452,552,'2024-05-23 01:58:57'),(526,453,553,'2024-05-04 01:58:57'),(527,454,554,'2024-05-13 01:58:57'),(528,455,555,'2024-05-24 01:58:57'),(529,456,556,'2024-05-19 01:58:57'),(530,457,557,'2024-05-26 01:58:57'),(531,458,558,'2024-05-12 01:58:57'),(532,459,559,'2024-05-13 01:58:57'),(533,460,560,'2024-04-30 01:58:57'),(534,461,561,'2024-05-22 01:58:57'),(535,462,562,'2024-05-21 01:58:57'),(536,463,563,'2024-05-10 01:58:57'),(537,464,564,'2024-05-16 01:58:57'),(538,465,565,'2024-05-19 01:58:57'),(539,466,566,'2024-05-20 01:58:57'),(540,467,567,'2024-05-15 01:58:57'),(541,468,568,'2024-05-13 01:58:57'),(542,469,569,'2024-05-19 01:58:57'),(543,470,570,'2024-04-30 01:58:57'),(544,471,571,'2024-05-02 01:58:57'),(545,472,572,'2024-05-09 01:58:57'),(546,473,573,'2024-05-09 01:58:57'),(547,474,574,'2024-05-22 01:58:57'),(548,475,575,'2024-05-21 01:58:57'),(549,476,576,'2024-05-08 01:58:57'),(550,477,577,'2024-05-09 01:58:57'),(551,478,578,'2024-05-22 01:58:57'),(552,479,579,'2024-05-25 01:58:57'),(553,480,580,'2024-05-29 01:58:57'),(554,481,581,'2024-05-10 01:58:57'),(555,482,582,'2024-05-25 01:58:57'),(556,483,583,'2024-05-05 01:58:57'),(557,484,584,'2024-05-08 01:58:57'),(558,485,585,'2024-05-27 01:58:57'),(559,486,586,'2024-05-23 01:58:57'),(560,487,587,'2024-05-03 01:58:57'),(561,488,588,'2024-05-08 01:58:57'),(562,489,589,'2024-05-02 01:58:57'),(563,490,590,'2024-05-14 01:58:57'),(564,491,591,'2024-05-07 01:58:57'),(565,492,592,'2024-05-21 01:58:57'),(566,493,593,'2024-05-25 01:58:57'),(567,494,594,'2024-05-03 01:58:57'),(568,495,595,'2024-05-29 01:58:57'),(569,496,596,'2024-05-19 01:58:57'),(570,497,597,'2024-05-07 01:58:57'),(571,498,598,'2024-05-09 01:58:57'),(572,499,599,'2024-05-26 01:58:57'),(573,500,600,'2024-05-12 01:58:57'),(574,501,601,'2024-05-13 01:58:57'),(575,502,602,'2024-05-29 01:58:57'),(576,503,603,'2024-05-16 01:58:57'),(577,504,604,'2024-05-26 01:58:57'),(578,505,605,'2024-05-22 01:58:57'),(579,506,606,'2024-05-01 01:58:57'),(580,507,607,'2024-05-29 01:58:57'),(581,508,608,'2024-05-23 01:58:57'),(582,509,609,'2024-05-27 01:58:57'),(583,510,610,'2024-05-10 01:58:57'),(584,511,611,'2024-05-26 01:58:57'),(585,512,612,'2024-05-12 01:58:57'),(586,513,613,'2024-05-15 01:58:57'),(587,514,614,'2024-05-06 01:58:57'),(588,515,615,'2024-05-15 01:58:57'),(589,516,616,'2024-05-28 01:58:57'),(590,517,617,'2024-05-06 01:58:57'),(591,518,618,'2024-05-08 01:58:57'),(592,519,619,'2024-05-22 01:58:57'),(593,520,620,'2024-05-26 01:58:57'),(594,521,621,'2024-05-04 01:58:57'),(595,522,622,'2024-05-05 01:58:57'),(596,523,623,'2024-05-11 01:58:57'),(597,524,624,'2024-05-12 01:58:57'),(598,525,625,'2024-05-28 01:58:57'),(599,526,626,'2024-05-12 01:58:57'),(600,527,627,'2024-05-08 01:58:57'),(601,528,628,'2024-05-03 01:58:57'),(602,529,629,'2024-05-24 01:58:57'),(603,530,630,'2024-05-19 01:58:57'),(604,531,631,'2024-05-23 01:58:57'),(605,532,632,'2024-04-30 01:58:57'),(606,533,633,'2024-05-20 01:58:57'),(607,534,634,'2024-05-11 01:58:57'),(608,535,635,'2024-05-25 01:58:57'),(609,536,636,'2024-05-03 01:58:57'),(610,537,637,'2024-05-02 01:58:57'),(611,538,638,'2024-04-30 01:58:57'),(612,539,639,'2024-05-24 01:58:57'),(613,540,640,'2024-05-03 01:58:57'),(614,541,641,'2024-05-03 01:58:57'),(615,542,642,'2024-05-04 01:58:57'),(616,543,643,'2024-05-14 01:58:57'),(617,544,644,'2024-04-30 01:58:57'),(618,545,645,'2024-05-16 01:58:57'),(619,546,646,'2024-05-21 01:58:57'),(620,547,647,'2024-05-28 01:58:57'),(621,548,648,'2024-05-16 01:58:57'),(622,549,649,'2024-05-26 01:58:57'),(623,550,650,'2024-05-24 01:58:57'),(624,551,651,'2024-05-13 01:58:57'),(625,552,652,'2024-05-22 01:58:57'),(626,553,653,'2024-05-11 01:58:57'),(627,554,654,'2024-05-19 01:58:57'),(628,555,655,'2024-05-03 01:58:57'),(629,556,656,'2024-05-17 01:58:57'),(630,557,657,'2024-05-19 01:58:57'),(631,558,658,'2024-05-13 01:58:57'),(632,559,659,'2024-05-11 01:58:57'),(633,560,660,'2024-05-13 01:58:57'),(634,561,661,'2024-05-05 01:58:57'),(635,562,662,'2024-05-16 01:58:57'),(636,563,663,'2024-05-05 01:58:57'),(637,564,664,'2024-05-06 01:58:57'),(638,565,665,'2024-05-16 01:58:57'),(639,566,666,'2024-05-01 01:58:57'),(640,567,667,'2024-05-21 01:58:57'),(641,568,668,'2024-05-09 01:58:57'),(642,569,669,'2024-05-15 01:58:57'),(643,570,670,'2024-05-17 01:58:57'),(644,571,671,'2024-05-09 01:58:57'),(645,572,672,'2024-05-28 01:58:57'),(646,573,673,'2024-05-21 01:58:57'),(647,574,674,'2024-05-23 01:58:57'),(648,575,675,'2024-05-24 01:58:57'),(649,576,676,'2024-05-19 01:58:57'),(650,577,677,'2024-05-24 01:58:57'),(651,578,678,'2024-05-04 01:58:57'),(652,579,679,'2024-05-09 01:58:57'),(653,580,680,'2024-05-04 01:58:57'),(654,581,681,'2024-05-23 01:58:57'),(655,582,682,'2024-05-15 01:58:57'),(656,583,683,'2024-05-07 01:58:57'),(657,584,684,'2024-05-18 01:58:57'),(658,585,685,'2024-05-11 01:58:57'),(659,586,686,'2024-04-30 01:58:57'),(660,587,687,'2024-05-28 01:58:57'),(661,588,688,'2024-05-22 01:58:57'),(662,589,689,'2024-05-25 01:58:57'),(663,590,690,'2024-05-29 01:58:57'),(664,591,691,'2024-05-13 01:58:57'),(665,592,692,'2024-05-07 01:58:57'),(666,593,693,'2024-05-29 01:58:57'),(667,594,694,'2024-05-01 01:58:57'),(668,595,695,'2024-05-11 01:58:57'),(669,596,696,'2024-05-20 01:58:57'),(670,597,697,'2024-05-09 01:58:57'),(671,598,698,'2024-05-17 01:58:57'),(672,599,699,'2024-05-25 01:58:57'),(673,600,700,'2024-05-18 01:58:57'),(674,601,701,'2024-05-15 01:58:57'),(675,602,702,'2024-05-22 01:58:57'),(676,603,703,'2024-05-04 01:58:57'),(677,604,704,'2024-05-16 01:58:57'),(678,605,705,'2024-05-08 01:58:57'),(679,606,706,'2024-05-21 01:58:57'),(680,607,707,'2024-05-23 01:58:57'),(681,608,708,'2024-05-22 01:58:57'),(682,609,709,'2024-05-14 01:58:57'),(683,610,710,'2024-05-01 01:58:57'),(684,611,711,'2024-05-25 01:58:57'),(685,612,712,'2024-05-02 01:58:57'),(686,613,713,'2024-05-24 01:58:57'),(687,614,714,'2024-05-25 01:58:57'),(688,615,715,'2024-05-22 01:58:57'),(689,616,716,'2024-05-09 01:58:57'),(690,617,717,'2024-05-06 01:58:57'),(691,618,718,'2024-05-05 01:58:57'),(692,619,719,'2024-05-06 01:58:57'),(693,620,720,'2024-05-17 01:58:57'),(694,621,721,'2024-05-08 01:58:57'),(695,622,722,'2024-05-18 01:58:57'),(696,623,723,'2024-05-07 01:58:57'),(697,624,724,'2024-05-11 01:58:57'),(698,625,725,'2024-05-07 01:58:57'),(699,626,726,'2024-05-01 01:58:57'),(700,627,727,'2024-05-15 01:58:57'),(701,628,728,'2024-05-12 01:58:57'),(702,629,729,'2024-05-16 01:58:57'),(703,630,730,'2024-05-15 01:58:57'),(704,631,731,'2024-05-29 01:58:57'),(705,632,732,'2024-05-08 01:58:57'),(706,633,733,'2024-05-15 01:58:57'),(707,634,734,'2024-05-20 01:58:57'),(708,635,735,'2024-05-28 01:58:57'),(709,636,736,'2024-05-18 01:58:57'),(710,637,737,'2024-05-09 01:58:57'),(711,638,738,'2024-05-20 01:58:57'),(712,639,739,'2024-05-14 01:58:57'),(713,640,740,'2024-05-10 01:58:57'),(714,641,741,'2024-05-09 01:58:57'),(715,642,742,'2024-05-15 01:58:57'),(716,643,743,'2024-05-17 01:58:57'),(717,644,744,'2024-05-11 01:58:57'),(718,645,745,'2024-05-03 01:58:57'),(719,646,746,'2024-05-16 01:58:57'),(720,647,747,'2024-05-09 01:58:57'),(721,648,748,'2024-04-30 01:58:57'),(722,649,749,'2024-05-01 01:58:57'),(723,650,750,'2024-05-05 01:58:57'),(724,651,751,'2024-05-24 01:58:57'),(725,652,752,'2024-05-16 01:58:57'),(726,653,753,'2024-05-07 01:58:57'),(727,654,754,'2024-05-20 01:58:57'),(728,655,755,'2024-05-17 01:58:57'),(729,656,756,'2024-05-28 01:58:57'),(730,657,757,'2024-05-29 01:58:57'),(731,658,758,'2024-05-02 01:58:57'),(732,659,759,'2024-05-15 01:58:57'),(733,660,760,'2024-05-08 01:58:57'),(734,661,761,'2024-05-24 01:58:57'),(735,662,762,'2024-05-07 01:58:57'),(736,663,763,'2024-05-26 01:58:57'),(737,664,764,'2024-05-18 01:58:57'),(738,665,765,'2024-05-12 01:58:57'),(739,666,766,'2024-05-05 01:58:57'),(740,667,767,'2024-05-22 01:58:57'),(741,668,768,'2024-05-03 01:58:57'),(742,669,769,'2024-05-09 01:58:57'),(743,670,770,'2024-05-08 01:58:57'),(744,671,771,'2024-05-14 01:58:57'),(745,672,772,'2024-05-17 01:58:57'),(746,673,773,'2024-05-11 01:58:57'),(747,674,774,'2024-05-06 01:58:57'),(748,675,775,'2024-05-26 01:58:57'),(749,676,776,'2024-05-24 01:58:57'),(750,677,777,'2024-05-12 01:58:57'),(751,678,778,'2024-05-19 01:58:57'),(752,679,779,'2024-04-30 01:58:57'),(753,680,780,'2024-05-05 01:58:57'),(754,681,781,'2024-05-22 01:58:57'),(755,682,782,'2024-05-08 01:58:57'),(756,683,783,'2024-05-02 01:58:57'),(757,684,784,'2024-05-16 01:58:57'),(758,685,785,'2024-05-16 01:58:57'),(759,686,786,'2024-05-03 01:58:57'),(760,687,787,'2024-05-29 01:58:57'),(761,688,788,'2024-05-13 01:58:57'),(762,689,789,'2024-05-11 01:58:57'),(763,690,790,'2024-05-18 01:58:57'),(764,691,791,'2024-05-24 01:58:57'),(765,692,792,'2024-05-10 01:58:57'),(766,693,793,'2024-05-05 01:58:57'),(767,694,794,'2024-05-27 01:58:57'),(768,695,795,'2024-04-30 01:58:57'),(769,696,796,'2024-05-10 01:58:57'),(770,697,797,'2024-05-22 01:58:57'),(771,698,798,'2024-05-21 01:58:57'),(772,699,799,'2024-05-08 01:58:57'),(773,700,800,'2024-05-10 01:58:57'),(774,701,801,'2024-05-23 01:58:57'),(775,702,802,'2024-05-29 01:58:57'),(776,703,803,'2024-05-14 01:58:57'),(777,704,804,'2024-05-16 01:58:57'),(778,705,805,'2024-05-08 01:58:57'),(779,706,806,'2024-05-22 01:58:57'),(780,707,807,'2024-05-26 01:58:57'),(781,708,808,'2024-05-05 01:58:57'),(782,709,809,'2024-05-06 01:58:57'),(783,710,810,'2024-05-15 01:58:57'),(784,711,811,'2024-05-27 01:58:57'),(785,712,812,'2024-04-30 01:58:57'),(786,713,813,'2024-05-11 01:58:57'),(787,714,814,'2024-05-26 01:58:57'),(788,715,815,'2024-05-07 01:58:57'),(789,716,816,'2024-05-18 01:58:57'),(790,717,817,'2024-05-10 01:58:57'),(791,718,818,'2024-05-27 01:58:57'),(792,719,819,'2024-05-16 01:58:57'),(793,720,820,'2024-04-30 01:58:57'),(794,721,821,'2024-05-11 01:58:57'),(795,722,822,'2024-05-28 01:58:57'),(796,723,823,'2024-05-14 01:58:57'),(797,724,824,'2024-05-19 01:58:57'),(798,725,825,'2024-05-22 01:58:57'),(799,726,826,'2024-05-23 01:58:57'),(800,727,827,'2024-05-19 01:58:57'),(801,728,828,'2024-05-26 01:58:57'),(802,729,829,'2024-05-15 01:58:57'),(803,730,830,'2024-05-28 01:58:57'),(804,731,831,'2024-05-07 01:58:57'),(805,732,832,'2024-05-09 01:58:57'),(806,733,833,'2024-05-24 01:58:57'),(807,734,834,'2024-05-04 01:58:57'),(808,735,835,'2024-05-11 01:58:57'),(809,736,836,'2024-05-11 01:58:57'),(810,737,837,'2024-05-25 01:58:57'),(811,738,838,'2024-04-30 01:58:57'),(812,739,839,'2024-05-16 01:58:57'),(813,740,840,'2024-05-21 01:58:57'),(814,741,841,'2024-05-25 01:58:57'),(815,742,842,'2024-05-05 01:58:57'),(816,743,843,'2024-05-09 01:58:57'),(817,744,844,'2024-05-02 01:58:57'),(818,745,845,'2024-05-13 01:58:57'),(819,746,846,'2024-04-30 01:58:57'),(820,747,847,'2024-05-23 01:58:57'),(821,748,848,'2024-05-24 01:58:57'),(822,749,849,'2024-05-21 01:58:57'),(823,750,850,'2024-05-04 01:58:57'),(824,751,851,'2024-05-16 01:58:57'),(825,752,852,'2024-05-11 01:58:57'),(826,753,853,'2024-05-06 01:58:57'),(827,754,854,'2024-05-26 01:58:57'),(828,755,855,'2024-05-23 01:58:57'),(829,756,856,'2024-05-10 01:58:57'),(830,757,857,'2024-05-08 01:58:57'),(831,758,858,'2024-05-13 01:58:57'),(832,759,859,'2024-05-12 01:58:57'),(833,760,860,'2024-05-22 01:58:57'),(834,761,861,'2024-05-14 01:58:57'),(835,762,862,'2024-05-04 01:58:57'),(836,763,863,'2024-05-08 01:58:57'),(837,764,864,'2024-05-01 01:58:57'),(838,765,865,'2024-05-10 01:58:57'),(839,766,866,'2024-05-19 01:58:57'),(840,767,867,'2024-05-04 01:58:57'),(841,768,868,'2024-05-26 01:58:57'),(842,769,869,'2024-05-26 01:58:57'),(843,770,870,'2024-05-22 01:58:57'),(844,771,871,'2024-05-02 01:58:57'),(845,772,872,'2024-05-06 01:58:57'),(846,773,873,'2024-05-24 01:58:57'),(847,774,874,'2024-05-13 01:58:57'),(848,775,875,'2024-05-22 01:58:57'),(849,776,876,'2024-05-12 01:58:57'),(850,777,877,'2024-05-24 01:58:57'),(851,778,878,'2024-05-25 01:58:57'),(852,779,879,'2024-05-24 01:58:57'),(853,780,880,'2024-05-14 01:58:57'),(854,781,881,'2024-04-30 01:58:57'),(855,782,882,'2024-05-18 01:58:57'),(856,783,883,'2024-05-28 01:58:57'),(857,784,884,'2024-04-30 01:58:57'),(858,785,885,'2024-05-05 01:58:57'),(859,786,886,'2024-05-24 01:58:57'),(860,787,887,'2024-05-19 01:58:57'),(861,788,888,'2024-05-21 01:58:57'),(862,789,889,'2024-05-19 01:58:57'),(863,790,890,'2024-05-04 01:58:57'),(864,791,891,'2024-05-21 01:58:57'),(865,792,892,'2024-05-05 01:58:57'),(866,793,893,'2024-05-23 01:58:57'),(867,794,894,'2024-05-09 01:58:57'),(868,795,895,'2024-05-08 01:58:57'),(869,796,896,'2024-05-15 01:58:57'),(870,797,897,'2024-05-19 01:58:57'),(871,798,898,'2024-05-21 01:58:57'),(872,799,899,'2024-05-20 01:58:57'),(873,800,900,'2024-05-08 01:58:57'),(874,801,901,'2024-05-12 01:58:57'),(875,802,902,'2024-05-03 01:58:57'),(876,803,903,'2024-05-11 01:58:57'),(877,804,904,'2024-05-18 01:58:57'),(878,805,905,'2024-05-26 01:58:57'),(879,806,906,'2024-05-16 01:58:57'),(880,807,907,'2024-05-04 01:58:57'),(881,808,908,'2024-05-03 01:58:57'),(882,809,909,'2024-05-03 01:58:57'),(883,810,910,'2024-05-05 01:58:57'),(884,811,911,'2024-05-17 01:58:57'),(885,812,912,'2024-05-13 01:58:57'),(886,813,913,'2024-05-11 01:58:57'),(887,814,914,'2024-05-18 01:58:57'),(888,815,915,'2024-05-26 01:58:57'),(889,816,916,'2024-05-18 01:58:57'),(890,817,917,'2024-05-12 01:58:57'),(891,818,918,'2024-05-06 01:58:57'),(892,819,919,'2024-05-26 01:58:57'),(893,820,920,'2024-05-20 01:58:57'),(894,821,921,'2024-05-25 01:58:57'),(895,822,922,'2024-05-06 01:58:57'),(896,823,923,'2024-05-15 01:58:57'),(897,824,924,'2024-05-28 01:58:57'),(898,825,925,'2024-05-05 01:58:57'),(899,826,926,'2024-04-30 01:58:57'),(900,827,927,'2024-05-19 01:58:57'),(901,828,928,'2024-05-02 01:58:57'),(902,829,929,'2024-05-13 01:58:57'),(903,830,930,'2024-05-02 01:58:57'),(904,831,931,'2024-05-01 01:58:57'),(905,832,932,'2024-05-01 01:58:57'),(906,833,933,'2024-04-30 01:58:57'),(907,834,934,'2024-05-27 01:58:57'),(908,835,935,'2024-05-14 01:58:57'),(909,836,936,'2024-05-23 01:58:57'),(910,837,937,'2024-05-13 01:58:57'),(911,838,938,'2024-05-27 01:58:57'),(912,839,939,'2024-05-04 01:58:57'),(913,840,940,'2024-04-30 01:58:57'),(914,841,941,'2024-05-19 01:58:57'),(915,842,942,'2024-05-07 01:58:57'),(916,843,943,'2024-05-09 01:58:57'),(917,844,944,'2024-05-24 01:58:57'),(918,845,945,'2024-05-03 01:58:57'),(919,846,946,'2024-05-05 01:58:57'),(920,847,947,'2024-05-17 01:58:57'),(921,848,948,'2024-05-10 01:58:57'),(922,849,949,'2024-04-30 01:58:57'),(923,850,950,'2024-05-28 01:58:57'),(924,851,951,'2024-05-23 01:58:57'),(925,852,952,'2024-05-02 01:58:57'),(926,853,953,'2024-05-29 01:58:57'),(927,854,954,'2024-05-21 01:58:57'),(928,855,955,'2024-05-20 01:58:57'),(929,856,956,'2024-05-06 01:58:57'),(930,857,957,'2024-04-30 01:58:57'),(931,858,958,'2024-05-13 01:58:57'),(932,859,959,'2024-05-06 01:58:57'),(933,860,960,'2024-05-20 01:58:57'),(934,861,961,'2024-05-22 01:58:57'),(935,862,962,'2024-05-19 01:58:57'),(936,863,963,'2024-05-03 01:58:57'),(937,864,964,'2024-05-18 01:58:57'),(938,865,965,'2024-05-20 01:58:57'),(939,866,966,'2024-05-19 01:58:57'),(940,867,967,'2024-05-03 01:58:57'),(941,868,968,'2024-05-21 01:58:57'),(942,869,969,'2024-05-07 01:58:57'),(943,870,970,'2024-05-01 01:58:57'),(944,871,971,'2024-05-14 01:58:57'),(945,872,972,'2024-05-09 01:58:57'),(946,873,973,'2024-05-03 01:58:57'),(947,874,974,'2024-05-20 01:58:57'),(948,875,975,'2024-05-29 01:58:57'),(949,876,976,'2024-05-28 01:58:57'),(950,877,977,'2024-05-21 01:58:57'),(951,878,978,'2024-05-21 01:58:57'),(952,879,979,'2024-05-16 01:58:57'),(953,880,980,'2024-05-14 01:58:57'),(954,881,981,'2024-05-24 01:58:57'),(955,882,982,'2024-05-19 01:58:57'),(956,883,983,'2024-05-21 01:58:57'),(957,884,984,'2024-05-21 01:58:57'),(958,885,985,'2024-05-10 01:58:57'),(959,886,986,'2024-05-17 01:58:57'),(960,887,987,'2024-05-27 01:58:57'),(961,888,988,'2024-05-25 01:58:57'),(962,889,989,'2024-05-14 01:58:57'),(963,890,990,'2024-05-25 01:58:57'),(964,891,991,'2024-05-24 01:58:57'),(965,892,992,'2024-05-14 01:58:57'),(966,893,993,'2024-05-29 01:58:57'),(967,894,994,'2024-05-12 01:58:57'),(968,895,995,'2024-05-05 01:58:57'),(969,896,996,'2024-05-21 01:58:57'),(970,897,997,'2024-05-29 01:58:57'),(971,898,998,'2024-05-24 01:58:57'),(972,899,999,'2024-05-01 01:58:57'),(973,900,1000,'2024-05-25 01:58:57'),(974,901,1001,'2024-05-01 01:58:57'),(975,902,1002,'2024-05-21 01:58:57'),(976,903,1003,'2024-05-11 01:58:57'),(977,904,1004,'2024-05-25 01:58:57'),(978,905,1005,'2024-05-03 01:58:57'),(979,906,1006,'2024-05-28 01:58:57'),(980,907,1007,'2024-05-14 01:58:57'),(981,908,1008,'2024-05-15 01:58:57'),(982,909,1009,'2024-05-05 01:58:57'),(983,910,1010,'2024-05-08 01:58:57'),(984,911,1011,'2024-05-25 01:58:57'),(985,912,1012,'2024-05-14 01:58:57'),(986,913,1013,'2024-05-26 01:58:57'),(987,914,1014,'2024-05-27 01:58:57'),(988,915,1015,'2024-05-27 01:58:57'),(989,916,1016,'2024-05-25 01:58:57'),(990,917,1017,'2024-05-13 01:58:57'),(991,918,1018,'2024-05-23 01:58:57'),(992,919,1019,'2024-05-15 01:58:57'),(993,920,1020,'2024-05-08 01:58:57'),(994,921,1021,'2024-05-25 01:58:57'),(995,922,1022,'2024-05-11 01:58:57'),(996,923,1023,'2024-05-09 01:58:57'),(997,924,1024,'2024-05-13 01:58:57'),(998,925,1025,'2024-05-07 01:58:57'),(999,926,1026,'2024-05-29 01:58:57'),(1000,927,1027,'2024-05-05 01:58:57');
/*!40000 ALTER TABLE `transaction` ENABLE KEYS */;
UNLOCK TABLES;

--
-- Table structure for table `trip`
--

DROP TABLE IF EXISTS `trip`;
/*!40101 SET @saved_cs_client     = @@character_set_client */;
/*!50503 SET character_set_client = utf8mb4 */;
CREATE TABLE `trip` (
  `trip_id` int NOT NULL AUTO_INCREMENT,
  `bus_id` int DEFAULT NULL,
  `route_id` int DEFAULT NULL,
  `departure_time` datetime DEFAULT NULL,
  `arrival_time` datetime DEFAULT NULL,
  `fare` decimal(10,2) DEFAULT NULL,
  PRIMARY KEY (`trip_id`),
  KEY `bus_id` (`bus_id`),
  KEY `route_id` (`route_id`),
  CONSTRAINT `trip_ibfk_1` FOREIGN KEY (`bus_id`) REFERENCES `bus` (`bus_id`) ON DELETE CASCADE,
  CONSTRAINT `trip_ibfk_2` FOREIGN KEY (`route_id`) REFERENCES `route` (`route_id`) ON DELETE CASCADE
) ENGINE=InnoDB AUTO_INCREMENT=639 DEFAULT CHARSET=utf8mb4 COLLATE=utf8mb4_0900_ai_ci;
/*!40101 SET character_set_client = @saved_cs_client */;

--
-- Dumping data for table `trip`
--

LOCK TABLES `trip` WRITE;
/*!40000 ALTER TABLE `trip` DISABLE KEYS */;
INSERT INTO `trip` VALUES (1,1,15,'2024-08-30 01:28:44','2024-07-19 01:28:44',125.00),(2,2,6,'2024-09-04 01:28:44','2024-06-15 01:28:44',139.00),(3,5,20,'2024-06-06 01:28:44','2024-07-27 01:28:44',115.00),(4,8,11,'2024-08-07 01:28:44','2024-08-31 01:28:44',105.00),(5,13,20,'2024-06-15 01:28:44','2024-09-02 01:28:44',77.00),(6,15,11,'2024-08-13 01:28:44','2024-06-23 01:28:44',145.00),(7,16,1,'2024-06-19 01:28:44','2024-05-31 01:28:44',95.00),(8,17,5,'2024-08-05 01:28:44','2024-08-19 01:28:44',50.00),(9,19,12,'2024-08-27 01:28:44','2024-08-15 01:28:44',64.00),(10,21,9,'2024-08-05 01:28:44','2024-06-13 01:28:44',116.00),(11,24,18,'2024-07-07 01:28:44','2024-07-03 01:28:44',105.00),(12,26,15,'2024-08-28 01:28:44','2024-07-13 01:28:44',95.00),(13,27,19,'2024-07-03 01:28:44','2024-09-03 01:28:44',124.00),(14,29,17,'2024-08-26 01:28:44','2024-09-05 01:28:44',77.00),(15,32,8,'2024-06-10 01:28:44','2024-07-16 01:28:44',51.00),(16,39,13,'2024-06-03 01:28:44','2024-07-09 01:28:44',137.00),(17,44,4,'2024-06-20 01:28:44','2024-07-30 01:28:44',88.00),(18,45,2,'2024-06-26 01:28:44','2024-06-15 01:28:44',145.00),(19,49,6,'2024-07-25 01:28:44','2024-06-01 01:28:44',90.00),(20,51,19,'2024-07-19 01:28:44','2024-08-11 01:28:44',63.00),(21,52,9,'2024-08-21 01:28:44','2024-08-25 01:28:44',136.00),(22,55,14,'2024-08-23 01:28:44','2024-06-22 01:28:44',108.00),(23,57,5,'2024-07-04 01:28:44','2024-06-15 01:28:44',122.00),(24,59,3,'2024-07-18 01:28:44','2024-06-08 01:28:44',147.00),(25,60,12,'2024-06-03 01:28:44','2024-07-16 01:28:44',69.00),(26,63,12,'2024-06-30 01:28:44','2024-08-26 01:28:44',94.00),(27,64,12,'2024-07-17 01:28:44','2024-08-16 01:28:44',95.00),(28,66,18,'2024-06-10 01:28:44','2024-08-31 01:28:44',79.00),(29,69,14,'2024-07-19 01:28:44','2024-07-22 01:28:44',62.00),(30,71,1,'2024-08-19 01:28:44','2024-09-05 01:28:44',94.00),(31,73,6,'2024-09-03 01:28:44','2024-06-09 01:28:44',108.00),(32,74,13,'2024-06-30 01:28:44','2024-08-17 01:28:44',146.00),(33,77,10,'2024-07-13 01:28:44','2024-08-25 01:28:44',51.00),(34,83,9,'2024-06-13 01:28:44','2024-07-16 01:28:44',139.00),(35,86,1,'2024-07-20 01:28:44','2024-07-17 01:28:44',137.00),(36,87,19,'2024-09-02 01:28:44','2024-06-07 01:28:44',103.00),(37,88,8,'2024-07-06 01:28:44','2024-08-10 01:28:44',97.00),(38,90,5,'2024-07-26 01:28:44','2024-06-30 01:28:44',134.00),(39,91,6,'2024-08-10 01:28:44','2024-08-29 01:28:44',88.00),(40,92,4,'2024-08-10 01:28:44','2024-06-14 01:28:44',107.00),(41,93,8,'2024-06-17 01:28:44','2024-08-19 01:28:44',102.00),(42,95,3,'2024-06-14 01:28:44','2024-07-07 01:28:44',94.00),(43,99,1,'2024-08-29 01:28:44','2024-07-14 01:28:44',101.00),(44,4,5,'2024-07-20 01:28:44','2024-09-03 01:28:44',75.00),(45,7,8,'2024-06-17 01:28:44','2024-08-17 01:28:44',89.00),(46,9,13,'2024-08-19 01:28:44','2024-06-30 01:28:44',61.00),(47,12,13,'2024-08-04 01:28:44','2024-07-27 01:28:44',140.00),(48,14,16,'2024-06-14 01:28:44','2024-07-18 01:28:44',147.00),(49,18,9,'2024-06-09 01:28:44','2024-07-02 01:28:44',84.00),(50,22,15,'2024-07-28 01:28:44','2024-08-20 01:28:44',82.00),(51,25,4,'2024-08-15 01:28:44','2024-07-16 01:28:44',50.00),(52,30,13,'2024-05-29 01:28:44','2024-06-20 01:28:44',55.00),(53,31,13,'2024-05-30 01:28:44','2024-06-14 01:28:44',125.00),(54,35,6,'2024-06-14 01:28:44','2024-09-02 01:28:44',81.00),(55,37,14,'2024-07-16 01:28:44','2024-07-06 01:28:44',92.00),(56,40,20,'2024-08-03 01:28:44','2024-07-04 01:28:44',126.00),(57,47,16,'2024-07-28 01:28:44','2024-08-07 01:28:44',113.00),(58,48,2,'2024-07-20 01:28:44','2024-07-06 01:28:44',80.00),(59,50,8,'2024-09-03 01:28:44','2024-08-12 01:28:44',131.00),(60,58,17,'2024-08-13 01:28:44','2024-06-27 01:28:44',62.00),(61,65,16,'2024-07-27 01:28:44','2024-07-26 01:28:44',59.00),(62,67,16,'2024-07-18 01:28:44','2024-06-21 01:28:44',113.00),(63,68,10,'2024-07-21 01:28:44','2024-06-21 01:28:44',100.00),(64,72,18,'2024-08-11 01:28:44','2024-06-15 01:28:44',108.00),(65,75,10,'2024-07-17 01:28:44','2024-06-09 01:28:44',52.00),(66,76,17,'2024-06-09 01:28:44','2024-06-06 01:28:44',50.00),(67,80,17,'2024-05-31 01:28:44','2024-08-09 01:28:44',96.00),(68,81,5,'2024-08-03 01:28:44','2024-08-06 01:28:44',94.00),(69,85,3,'2024-07-07 01:28:44','2024-07-24 01:28:44',108.00),(70,97,6,'2024-07-30 01:28:44','2024-06-27 01:28:44',103.00),(71,100,17,'2024-07-22 01:28:44','2024-06-23 01:28:44',108.00),(72,3,4,'2024-06-08 01:28:44','2024-06-02 01:28:44',132.00),(73,6,2,'2024-08-16 01:28:44','2024-08-16 01:28:44',107.00),(74,10,10,'2024-08-13 01:28:44','2024-07-02 01:28:44',87.00),(75,11,18,'2024-06-17 01:28:44','2024-07-08 01:28:44',89.00),(76,20,16,'2024-08-14 01:28:44','2024-07-16 01:28:44',56.00),(77,23,19,'2024-07-06 01:28:44','2024-06-17 01:28:44',126.00),(78,28,6,'2024-06-07 01:28:44','2024-07-31 01:28:44',136.00),(79,33,9,'2024-07-28 01:28:44','2024-08-09 01:28:44',124.00),(80,34,13,'2024-08-14 01:28:44','2024-06-04 01:28:44',145.00),(81,36,12,'2024-06-09 01:28:44','2024-08-16 01:28:44',110.00),(82,38,13,'2024-07-08 01:28:44','2024-06-10 01:28:44',84.00),(83,41,8,'2024-08-28 01:28:44','2024-07-07 01:28:44',69.00),(84,42,17,'2024-07-16 01:28:44','2024-09-03 01:28:44',89.00),(85,43,2,'2024-06-22 01:28:44','2024-09-03 01:28:44',58.00),(86,46,11,'2024-07-06 01:28:44','2024-07-01 01:28:44',100.00),(87,53,11,'2024-06-06 01:28:44','2024-08-27 01:28:44',68.00),(88,54,5,'2024-08-03 01:28:44','2024-07-28 01:28:44',149.00),(89,56,4,'2024-09-01 01:28:44','2024-06-19 01:28:44',67.00),(90,61,6,'2024-08-17 01:28:44','2024-06-19 01:28:44',112.00),(91,62,11,'2024-08-08 01:28:44','2024-06-01 01:28:44',146.00),(92,70,16,'2024-08-27 01:28:44','2024-06-22 01:28:44',97.00),(93,78,14,'2024-08-31 01:28:44','2024-08-09 01:28:44',123.00),(94,79,11,'2024-07-15 01:28:44','2024-08-13 01:28:44',84.00),(95,82,10,'2024-06-30 01:28:44','2024-06-17 01:28:44',148.00),(96,84,7,'2024-08-13 01:28:44','2024-08-17 01:28:44',118.00),(97,89,2,'2024-06-19 01:28:44','2024-08-26 01:28:44',129.00),(98,94,7,'2024-06-15 01:28:44','2024-09-01 01:28:44',68.00),(99,96,2,'2024-08-26 01:28:44','2024-06-20 01:28:44',89.00),(100,98,7,'2024-07-05 01:28:44','2024-08-31 01:28:44',105.00),(128,98,1,'2024-07-02 01:50:24','2024-08-25 01:50:24',82.00),(129,96,1,'2024-05-30 01:50:24','2024-06-10 01:50:24',100.00),(130,94,1,'2024-06-18 01:50:24','2024-07-20 01:50:24',145.00),(131,89,1,'2024-06-18 01:50:24','2024-06-17 01:50:24',81.00),(132,84,1,'2024-05-30 01:50:24','2024-06-13 01:50:24',117.00),(133,82,1,'2024-08-29 01:50:24','2024-07-31 01:50:24',83.00),(134,79,1,'2024-08-17 01:50:24','2024-06-01 01:50:24',118.00),(135,78,1,'2024-07-05 01:50:24','2024-08-19 01:50:24',145.00),(136,70,1,'2024-06-29 01:50:24','2024-08-10 01:50:24',115.00),(137,62,1,'2024-06-11 01:50:24','2024-08-05 01:50:24',149.00),(138,61,1,'2024-08-30 01:50:24','2024-08-05 01:50:24',109.00),(139,56,1,'2024-08-29 01:50:24','2024-08-22 01:50:24',96.00),(140,54,1,'2024-08-14 01:50:24','2024-07-18 01:50:24',64.00),(141,53,1,'2024-06-23 01:50:24','2024-08-22 01:50:24',92.00),(142,46,1,'2024-07-29 01:50:24','2024-08-17 01:50:24',64.00),(143,43,1,'2024-07-01 01:50:24','2024-06-22 01:50:24',68.00),(144,42,1,'2024-06-20 01:50:24','2024-07-24 01:50:24',60.00),(145,41,1,'2024-08-23 01:50:24','2024-05-31 01:50:24',95.00),(146,38,1,'2024-06-21 01:50:24','2024-08-20 01:50:24',89.00),(147,36,1,'2024-07-20 01:50:24','2024-07-10 01:50:24',103.00),(148,34,1,'2024-07-07 01:50:24','2024-07-09 01:50:24',130.00),(149,33,1,'2024-08-19 01:50:24','2024-08-10 01:50:24',63.00),(150,28,1,'2024-07-19 01:50:24','2024-06-15 01:50:24',77.00),(151,23,1,'2024-08-27 01:50:24','2024-08-04 01:50:24',114.00),(152,20,1,'2024-06-18 01:50:24','2024-06-07 01:50:24',133.00),(153,11,1,'2024-08-27 01:50:24','2024-06-02 01:50:24',96.00),(154,10,1,'2024-06-18 01:50:24','2024-08-03 01:50:24',112.00),(155,6,1,'2024-06-16 01:50:24','2024-06-01 01:50:24',110.00),(156,3,1,'2024-08-28 01:50:24','2024-08-17 01:50:24',71.00),(157,100,1,'2024-08-05 01:50:24','2024-08-14 01:50:24',129.00),(158,97,1,'2024-08-04 01:50:24','2024-09-05 01:50:24',140.00),(159,85,1,'2024-07-25 01:50:24','2024-06-12 01:50:24',148.00),(160,81,1,'2024-07-16 01:50:24','2024-07-18 01:50:24',51.00),(161,80,1,'2024-07-27 01:50:24','2024-08-29 01:50:24',128.00),(162,76,1,'2024-06-18 01:50:24','2024-08-01 01:50:24',109.00),(163,75,1,'2024-06-04 01:50:24','2024-07-23 01:50:24',102.00),(164,72,1,'2024-09-04 01:50:24','2024-07-03 01:50:24',126.00),(165,68,1,'2024-08-14 01:50:24','2024-07-30 01:50:24',123.00),(166,67,1,'2024-08-18 01:50:24','2024-08-26 01:50:24',149.00),(167,65,1,'2024-06-29 01:50:24','2024-07-26 01:50:24',141.00),(168,58,1,'2024-08-24 01:50:24','2024-07-29 01:50:24',90.00),(169,50,1,'2024-06-17 01:50:24','2024-08-17 01:50:24',87.00),(170,48,1,'2024-07-16 01:50:24','2024-07-01 01:50:24',63.00),(171,47,1,'2024-08-10 01:50:24','2024-06-24 01:50:24',55.00),(172,40,1,'2024-07-20 01:50:24','2024-07-15 01:50:24',124.00),(173,37,1,'2024-06-30 01:50:24','2024-07-07 01:50:24',145.00),(174,35,1,'2024-07-30 01:50:24','2024-06-23 01:50:24',85.00),(175,31,1,'2024-06-03 01:50:24','2024-06-19 01:50:24',136.00),(176,30,1,'2024-08-06 01:50:24','2024-08-28 01:50:24',91.00),(177,25,1,'2024-07-04 01:50:24','2024-07-27 01:50:24',132.00),(178,22,1,'2024-07-03 01:50:24','2024-07-01 01:50:24',106.00),(179,18,1,'2024-08-20 01:50:24','2024-07-18 01:50:24',147.00),(180,14,1,'2024-07-07 01:50:24','2024-05-31 01:50:24',142.00),(181,12,1,'2024-07-26 01:50:24','2024-06-12 01:50:24',141.00),(182,9,1,'2024-06-16 01:50:24','2024-06-16 01:50:24',82.00),(183,7,1,'2024-06-09 01:50:24','2024-07-27 01:50:24',108.00),(184,4,1,'2024-06-13 01:50:24','2024-06-01 01:50:24',117.00),(185,99,1,'2024-06-28 01:50:24','2024-07-19 01:50:24',110.00),(186,95,1,'2024-07-17 01:50:24','2024-08-04 01:50:24',133.00),(187,93,1,'2024-06-16 01:50:24','2024-07-09 01:50:24',98.00),(188,92,1,'2024-06-18 01:50:24','2024-07-26 01:50:24',77.00),(189,91,1,'2024-07-29 01:50:24','2024-06-27 01:50:24',104.00),(190,90,1,'2024-08-27 01:50:24','2024-08-23 01:50:24',107.00),(191,88,1,'2024-06-29 01:50:24','2024-08-20 01:50:24',70.00),(192,87,1,'2024-07-20 01:50:24','2024-06-01 01:50:24',104.00),(193,86,1,'2024-07-31 01:50:24','2024-07-24 01:50:24',135.00),(194,83,1,'2024-07-28 01:50:24','2024-07-15 01:50:24',101.00),(195,77,1,'2024-06-14 01:50:24','2024-06-27 01:50:24',144.00),(196,74,1,'2024-08-24 01:50:24','2024-07-22 01:50:24',56.00),(197,73,1,'2024-08-08 01:50:24','2024-07-06 01:50:24',122.00),(198,71,1,'2024-07-17 01:50:24','2024-06-30 01:50:24',57.00),(199,69,1,'2024-07-09 01:50:24','2024-08-25 01:50:24',60.00),(200,66,1,'2024-08-27 01:50:24','2024-06-18 01:50:24',77.00),(201,64,1,'2024-08-17 01:50:24','2024-06-19 01:50:24',111.00),(202,63,1,'2024-07-14 01:50:24','2024-07-15 01:50:24',141.00),(203,60,1,'2024-06-17 01:50:24','2024-06-23 01:50:24',114.00),(204,59,1,'2024-07-16 01:50:24','2024-07-17 01:50:24',148.00),(205,57,1,'2024-07-11 01:50:24','2024-06-24 01:50:24',145.00),(206,55,1,'2024-06-01 01:50:24','2024-06-27 01:50:24',82.00),(207,52,1,'2024-08-15 01:50:24','2024-09-01 01:50:24',85.00),(208,51,1,'2024-08-31 01:50:24','2024-08-04 01:50:24',97.00),(209,49,1,'2024-07-06 01:50:24','2024-07-20 01:50:24',89.00),(210,45,1,'2024-07-10 01:50:24','2024-09-01 01:50:24',93.00),(211,44,1,'2024-07-03 01:50:24','2024-07-16 01:50:24',80.00),(212,39,1,'2024-06-09 01:50:24','2024-08-02 01:50:24',136.00),(213,32,1,'2024-07-08 01:50:24','2024-07-12 01:50:24',145.00),(214,29,1,'2024-07-15 01:50:24','2024-07-18 01:50:24',55.00),(215,27,1,'2024-08-16 01:50:24','2024-08-20 01:50:24',124.00),(216,26,1,'2024-06-20 01:50:24','2024-08-28 01:50:24',134.00),(217,24,1,'2024-07-20 01:50:24','2024-06-08 01:50:24',140.00),(218,21,1,'2024-06-21 01:50:24','2024-07-13 01:50:24',101.00),(219,19,1,'2024-06-20 01:50:24','2024-07-30 01:50:24',88.00),(220,17,1,'2024-06-06 01:50:24','2024-06-25 01:50:24',55.00),(221,16,1,'2024-07-16 01:50:24','2024-06-27 01:50:24',145.00),(222,15,1,'2024-08-28 01:50:24','2024-08-10 01:50:24',136.00),(223,13,1,'2024-06-15 01:50:24','2024-06-23 01:50:24',122.00),(224,8,1,'2024-08-25 01:50:24','2024-06-21 01:50:24',100.00),(225,5,1,'2024-08-20 01:50:24','2024-08-05 01:50:24',135.00),(226,2,1,'2024-06-22 01:50:24','2024-08-04 01:50:24',107.00),(227,1,1,'2024-08-28 01:50:24','2024-08-19 01:50:24',83.00),(228,98,2,'2024-06-22 01:50:24','2024-06-19 01:50:24',77.00),(229,96,2,'2024-08-15 01:50:24','2024-06-09 01:50:24',64.00),(230,94,2,'2024-07-11 01:50:24','2024-08-10 01:50:24',83.00),(231,89,2,'2024-07-19 01:50:24','2024-07-23 01:50:24',68.00),(232,84,2,'2024-06-26 01:50:24','2024-08-24 01:50:24',96.00),(233,82,2,'2024-08-11 01:50:24','2024-06-30 01:50:24',84.00),(234,79,2,'2024-08-14 01:50:24','2024-08-20 01:50:24',130.00),(235,78,2,'2024-07-24 01:50:24','2024-07-10 01:50:24',87.00),(236,70,2,'2024-08-01 01:50:24','2024-06-08 01:50:24',104.00),(237,62,2,'2024-07-12 01:50:24','2024-07-25 01:50:24',98.00),(238,61,2,'2024-08-13 01:50:24','2024-07-02 01:50:24',88.00),(239,56,2,'2024-08-28 01:50:24','2024-07-12 01:50:24',90.00),(240,54,2,'2024-08-09 01:50:24','2024-07-11 01:50:24',142.00),(241,53,2,'2024-07-04 01:50:24','2024-06-02 01:50:24',59.00),(242,46,2,'2024-07-02 01:50:24','2024-07-14 01:50:24',73.00),(243,43,2,'2024-08-17 01:50:24','2024-07-03 01:50:24',78.00),(244,42,2,'2024-07-07 01:50:24','2024-06-12 01:50:24',97.00),(245,41,2,'2024-09-03 01:50:24','2024-07-15 01:50:24',87.00),(246,38,2,'2024-07-18 01:50:24','2024-07-05 01:50:24',84.00),(247,36,2,'2024-07-27 01:50:24','2024-09-04 01:50:24',56.00),(248,34,2,'2024-07-09 01:50:24','2024-08-24 01:50:24',57.00),(249,33,2,'2024-08-14 01:50:24','2024-08-02 01:50:24',140.00),(250,28,2,'2024-07-26 01:50:24','2024-06-20 01:50:24',81.00),(251,23,2,'2024-08-30 01:50:24','2024-08-12 01:50:24',140.00),(252,20,2,'2024-06-27 01:50:24','2024-08-14 01:50:24',145.00),(253,11,2,'2024-07-14 01:50:24','2024-07-16 01:50:24',145.00),(254,10,2,'2024-07-02 01:50:24','2024-08-24 01:50:24',81.00),(255,6,2,'2024-08-31 01:50:24','2024-08-17 01:50:24',64.00),(256,3,2,'2024-07-03 01:50:24','2024-07-01 01:50:24',105.00),(257,100,2,'2024-08-19 01:50:24','2024-07-11 01:50:24',116.00),(258,97,2,'2024-06-03 01:50:24','2024-06-27 01:50:24',76.00),(259,85,2,'2024-07-15 01:50:24','2024-07-27 01:50:24',99.00),(260,81,2,'2024-08-10 01:50:24','2024-06-14 01:50:24',110.00),(261,80,2,'2024-07-21 01:50:24','2024-08-24 01:50:24',122.00),(262,76,2,'2024-05-30 01:50:24','2024-08-28 01:50:24',98.00),(263,75,2,'2024-08-09 01:50:24','2024-06-16 01:50:24',117.00),(264,72,2,'2024-08-22 01:50:24','2024-06-23 01:50:24',115.00),(265,68,2,'2024-07-23 01:50:24','2024-08-16 01:50:24',77.00),(266,67,2,'2024-05-31 01:50:24','2024-06-29 01:50:24',94.00),(267,65,2,'2024-06-28 01:50:24','2024-06-17 01:50:24',149.00),(268,58,2,'2024-07-12 01:50:24','2024-06-21 01:50:24',130.00),(269,50,2,'2024-06-30 01:50:24','2024-06-21 01:50:24',65.00),(270,48,2,'2024-06-09 01:50:24','2024-06-07 01:50:24',57.00),(271,47,2,'2024-06-09 01:50:24','2024-07-04 01:50:24',91.00),(272,40,2,'2024-06-01 01:50:24','2024-08-31 01:50:24',105.00),(273,37,2,'2024-09-04 01:50:24','2024-06-23 01:50:24',78.00),(274,35,2,'2024-08-05 01:50:24','2024-07-26 01:50:24',133.00),(275,31,2,'2024-07-10 01:50:24','2024-08-02 01:50:24',145.00),(276,30,2,'2024-08-19 01:50:24','2024-06-27 01:50:24',142.00),(277,25,2,'2024-08-14 01:50:24','2024-06-09 01:50:24',67.00),(278,22,2,'2024-07-25 01:50:24','2024-07-05 01:50:24',60.00),(279,18,2,'2024-07-09 01:50:24','2024-08-13 01:50:24',102.00),(280,14,2,'2024-07-05 01:50:24','2024-06-26 01:50:24',76.00),(281,12,2,'2024-07-18 01:50:24','2024-08-10 01:50:24',60.00),(282,9,2,'2024-07-02 01:50:24','2024-07-09 01:50:24',147.00),(283,7,2,'2024-08-05 01:50:24','2024-07-20 01:50:24',98.00),(284,4,2,'2024-08-26 01:50:24','2024-05-31 01:50:24',89.00),(285,99,2,'2024-08-30 01:50:24','2024-07-18 01:50:24',118.00),(286,95,2,'2024-08-28 01:50:24','2024-07-20 01:50:24',135.00),(287,93,2,'2024-08-10 01:50:24','2024-06-09 01:50:24',80.00),(288,92,2,'2024-06-19 01:50:24','2024-06-15 01:50:24',69.00),(289,91,2,'2024-07-13 01:50:24','2024-08-08 01:50:24',66.00),(290,90,2,'2024-08-06 01:50:24','2024-09-05 01:50:24',132.00),(291,88,2,'2024-06-16 01:50:24','2024-07-12 01:50:24',112.00),(292,87,2,'2024-08-19 01:50:24','2024-06-24 01:50:24',129.00),(293,86,2,'2024-06-18 01:50:24','2024-08-01 01:50:24',107.00),(294,83,2,'2024-09-03 01:50:24','2024-06-12 01:50:24',126.00),(295,77,2,'2024-07-09 01:50:24','2024-08-16 01:50:24',115.00),(296,74,2,'2024-08-31 01:50:24','2024-08-11 01:50:24',135.00),(297,73,2,'2024-06-03 01:50:24','2024-08-11 01:50:24',100.00),(298,71,2,'2024-06-28 01:50:24','2024-09-06 01:50:24',59.00),(299,69,2,'2024-07-13 01:50:24','2024-05-30 01:50:24',117.00),(300,66,2,'2024-07-02 01:50:24','2024-08-07 01:50:24',95.00),(301,64,2,'2024-06-17 01:50:24','2024-07-28 01:50:24',88.00),(302,63,2,'2024-06-13 01:50:24','2024-07-28 01:50:24',101.00),(303,60,2,'2024-08-16 01:50:24','2024-07-11 01:50:24',122.00),(304,59,2,'2024-07-03 01:50:24','2024-07-29 01:50:24',147.00),(305,57,2,'2024-06-01 01:50:24','2024-06-23 01:50:24',62.00),(306,55,2,'2024-08-24 01:50:24','2024-06-02 01:50:24',102.00),(307,52,2,'2024-07-21 01:50:24','2024-06-08 01:50:24',136.00),(308,51,2,'2024-06-02 01:50:24','2024-08-01 01:50:24',55.00),(309,49,2,'2024-07-02 01:50:24','2024-07-24 01:50:24',126.00),(310,45,2,'2024-06-14 01:50:24','2024-07-20 01:50:24',59.00),(311,44,2,'2024-08-28 01:50:24','2024-06-29 01:50:24',127.00),(312,39,2,'2024-09-03 01:50:24','2024-07-21 01:50:24',122.00),(313,32,2,'2024-06-01 01:50:24','2024-09-06 01:50:24',138.00),(314,29,2,'2024-07-10 01:50:24','2024-07-14 01:50:24',51.00),(315,27,2,'2024-08-07 01:50:24','2024-07-15 01:50:24',72.00),(316,26,2,'2024-08-11 01:50:24','2024-06-01 01:50:24',140.00),(317,24,2,'2024-07-12 01:50:24','2024-07-19 01:50:24',71.00),(318,21,2,'2024-07-22 01:50:24','2024-06-07 01:50:24',130.00),(319,19,2,'2024-08-13 01:50:24','2024-07-09 01:50:24',122.00),(320,17,2,'2024-07-11 01:50:24','2024-09-04 01:50:24',105.00),(321,16,2,'2024-08-25 01:50:24','2024-08-10 01:50:24',148.00),(322,15,2,'2024-08-13 01:50:24','2024-08-23 01:50:24',50.00),(323,13,2,'2024-07-12 01:50:24','2024-06-18 01:50:24',116.00),(324,8,2,'2024-08-10 01:50:24','2024-08-04 01:50:24',60.00),(325,5,2,'2024-07-23 01:50:24','2024-07-15 01:50:24',113.00),(326,2,2,'2024-08-14 01:50:24','2024-05-30 01:50:24',116.00),(327,1,2,'2024-06-30 01:50:24','2024-08-01 01:50:24',70.00),(328,98,3,'2024-06-09 01:50:24','2024-09-03 01:50:24',96.00),(329,96,3,'2024-07-12 01:50:24','2024-08-20 01:50:24',127.00),(330,94,3,'2024-07-08 01:50:24','2024-08-10 01:50:24',88.00),(331,89,3,'2024-08-12 01:50:24','2024-07-29 01:50:24',127.00),(332,84,3,'2024-06-04 01:50:24','2024-09-06 01:50:24',126.00),(333,82,3,'2024-08-20 01:50:24','2024-08-26 01:50:24',143.00),(334,79,3,'2024-05-31 01:50:24','2024-07-01 01:50:24',105.00),(335,78,3,'2024-08-16 01:50:24','2024-07-01 01:50:24',70.00),(336,70,3,'2024-06-04 01:50:24','2024-08-11 01:50:24',94.00),(337,62,3,'2024-05-31 01:50:24','2024-08-17 01:50:24',139.00),(338,61,3,'2024-06-06 01:50:24','2024-08-12 01:50:24',95.00),(339,56,3,'2024-06-01 01:50:24','2024-08-21 01:50:24',54.00),(340,54,3,'2024-08-11 01:50:24','2024-07-28 01:50:24',121.00),(341,53,3,'2024-08-18 01:50:24','2024-08-31 01:50:24',70.00),(342,46,3,'2024-06-21 01:50:24','2024-07-22 01:50:24',148.00),(343,43,3,'2024-06-30 01:50:24','2024-08-02 01:50:24',76.00),(344,42,3,'2024-07-08 01:50:24','2024-06-19 01:50:24',132.00),(345,41,3,'2024-07-17 01:50:24','2024-06-01 01:50:24',111.00),(346,38,3,'2024-09-05 01:50:24','2024-06-14 01:50:24',128.00),(347,36,3,'2024-07-13 01:50:24','2024-08-31 01:50:24',81.00),(348,34,3,'2024-08-10 01:50:24','2024-08-14 01:50:24',109.00),(349,33,3,'2024-08-06 01:50:24','2024-08-07 01:50:24',87.00),(350,28,3,'2024-08-16 01:50:24','2024-08-25 01:50:24',145.00),(351,23,3,'2024-06-13 01:50:24','2024-08-30 01:50:24',67.00),(352,20,3,'2024-06-05 01:50:24','2024-08-21 01:50:24',147.00),(353,11,3,'2024-07-04 01:50:24','2024-08-27 01:50:24',89.00),(354,10,3,'2024-06-26 01:50:24','2024-06-23 01:50:24',85.00),(355,6,3,'2024-05-31 01:50:24','2024-06-07 01:50:24',84.00),(356,3,3,'2024-07-15 01:50:24','2024-07-04 01:50:24',83.00),(357,100,3,'2024-07-30 01:50:24','2024-06-10 01:50:24',121.00),(358,97,3,'2024-06-19 01:50:24','2024-08-29 01:50:24',145.00),(359,85,3,'2024-05-31 01:50:24','2024-06-25 01:50:24',72.00),(360,81,3,'2024-07-02 01:50:24','2024-06-04 01:50:24',73.00),(361,80,3,'2024-05-30 01:50:24','2024-07-05 01:50:24',127.00),(362,76,3,'2024-08-17 01:50:24','2024-08-05 01:50:24',148.00),(363,75,3,'2024-08-24 01:50:24','2024-07-13 01:50:24',107.00),(364,72,3,'2024-07-21 01:50:24','2024-09-02 01:50:24',66.00),(365,68,3,'2024-09-03 01:50:24','2024-07-05 01:50:24',139.00),(366,67,3,'2024-07-06 01:50:24','2024-06-25 01:50:24',64.00),(367,65,3,'2024-08-29 01:50:24','2024-06-16 01:50:24',63.00),(368,58,3,'2024-06-12 01:50:24','2024-06-28 01:50:24',55.00),(369,50,3,'2024-07-04 01:50:24','2024-08-07 01:50:24',86.00),(370,48,3,'2024-08-12 01:50:24','2024-08-04 01:50:24',57.00),(371,47,3,'2024-07-03 01:50:24','2024-07-25 01:50:24',125.00),(372,40,3,'2024-06-06 01:50:24','2024-06-14 01:50:24',103.00),(373,37,3,'2024-06-18 01:50:24','2024-07-11 01:50:24',101.00),(374,35,3,'2024-06-26 01:50:24','2024-08-24 01:50:24',100.00),(375,31,3,'2024-08-26 01:50:24','2024-09-06 01:50:24',77.00),(376,30,3,'2024-07-07 01:50:24','2024-06-11 01:50:24',97.00),(377,25,3,'2024-09-03 01:50:24','2024-07-13 01:50:24',79.00),(378,22,3,'2024-06-11 01:50:24','2024-08-16 01:50:24',103.00),(379,18,3,'2024-06-30 01:50:24','2024-05-31 01:50:24',59.00),(380,14,3,'2024-07-12 01:50:24','2024-08-29 01:50:24',73.00),(381,12,3,'2024-07-13 01:50:24','2024-07-25 01:50:24',94.00),(382,9,3,'2024-07-23 01:50:24','2024-07-10 01:50:24',91.00),(383,7,3,'2024-08-20 01:50:24','2024-08-29 01:50:24',59.00),(384,4,3,'2024-08-08 01:50:24','2024-06-28 01:50:24',83.00),(385,99,3,'2024-08-13 01:50:24','2024-08-22 01:50:24',142.00),(386,95,3,'2024-06-08 01:50:24','2024-08-11 01:50:24',87.00),(387,93,3,'2024-08-01 01:50:24','2024-06-11 01:50:24',116.00),(388,92,3,'2024-09-03 01:50:24','2024-08-26 01:50:24',101.00),(389,91,3,'2024-08-25 01:50:24','2024-08-25 01:50:24',124.00),(390,90,3,'2024-06-08 01:50:24','2024-06-28 01:50:24',66.00),(391,88,3,'2024-08-28 01:50:24','2024-06-08 01:50:24',120.00),(392,87,3,'2024-06-24 01:50:24','2024-06-20 01:50:24',79.00),(393,86,3,'2024-08-17 01:50:24','2024-06-13 01:50:24',82.00),(394,83,3,'2024-06-15 01:50:24','2024-08-27 01:50:24',145.00),(395,77,3,'2024-06-06 01:50:24','2024-07-24 01:50:24',102.00),(396,74,3,'2024-09-03 01:50:24','2024-06-26 01:50:24',96.00),(397,73,3,'2024-07-15 01:50:24','2024-05-30 01:50:24',108.00),(398,71,3,'2024-08-27 01:50:24','2024-08-17 01:50:24',73.00),(399,69,3,'2024-08-15 01:50:24','2024-06-19 01:50:24',120.00),(400,66,3,'2024-08-27 01:50:24','2024-07-07 01:50:24',73.00),(401,64,3,'2024-05-31 01:50:24','2024-07-08 01:50:24',142.00),(402,63,3,'2024-07-10 01:50:24','2024-07-02 01:50:24',93.00),(403,60,3,'2024-06-12 01:50:24','2024-07-11 01:50:24',118.00),(404,59,3,'2024-06-12 01:50:24','2024-08-04 01:50:24',141.00),(405,57,3,'2024-07-23 01:50:24','2024-06-03 01:50:24',106.00),(406,55,3,'2024-08-04 01:50:24','2024-08-06 01:50:24',88.00),(407,52,3,'2024-08-23 01:50:24','2024-06-18 01:50:24',86.00),(408,51,3,'2024-06-21 01:50:24','2024-06-09 01:50:24',128.00),(409,49,3,'2024-08-01 01:50:24','2024-08-23 01:50:24',85.00),(410,45,3,'2024-06-16 01:50:24','2024-08-24 01:50:24',127.00),(411,44,3,'2024-06-27 01:50:24','2024-06-11 01:50:24',123.00),(412,39,3,'2024-06-30 01:50:24','2024-07-10 01:50:24',58.00),(413,32,3,'2024-06-18 01:50:24','2024-08-15 01:50:24',74.00),(414,29,3,'2024-08-25 01:50:24','2024-08-08 01:50:24',136.00),(415,27,3,'2024-06-21 01:50:24','2024-07-24 01:50:24',58.00),(416,26,3,'2024-08-10 01:50:24','2024-07-11 01:50:24',144.00),(417,24,3,'2024-07-11 01:50:24','2024-07-04 01:50:24',95.00),(418,21,3,'2024-06-19 01:50:24','2024-08-07 01:50:24',133.00),(419,19,3,'2024-06-07 01:50:24','2024-09-02 01:50:24',98.00),(420,17,3,'2024-07-26 01:50:24','2024-07-15 01:50:24',108.00),(421,16,3,'2024-07-19 01:50:24','2024-08-21 01:50:24',112.00),(422,15,3,'2024-07-29 01:50:24','2024-06-21 01:50:24',75.00),(423,13,3,'2024-07-27 01:50:24','2024-06-21 01:50:24',83.00),(424,8,3,'2024-09-04 01:50:24','2024-09-01 01:50:24',127.00),(425,5,3,'2024-05-31 01:50:24','2024-08-17 01:50:24',139.00),(426,2,3,'2024-06-07 01:50:24','2024-08-17 01:50:24',120.00),(427,1,3,'2024-06-10 01:50:24','2024-07-21 01:50:24',71.00),(428,98,4,'2024-07-21 01:50:24','2024-06-02 01:50:24',104.00),(429,96,4,'2024-07-30 01:50:24','2024-07-18 01:50:24',110.00),(430,94,4,'2024-07-19 01:50:24','2024-08-16 01:50:24',85.00),(431,89,4,'2024-07-12 01:50:24','2024-06-13 01:50:24',88.00),(432,84,4,'2024-07-17 01:50:24','2024-06-29 01:50:24',53.00),(433,82,4,'2024-06-26 01:50:24','2024-06-28 01:50:24',113.00),(434,79,4,'2024-06-27 01:50:24','2024-07-26 01:50:24',50.00),(435,78,4,'2024-06-25 01:50:24','2024-07-06 01:50:24',53.00),(436,70,4,'2024-06-04 01:50:24','2024-06-20 01:50:24',139.00),(437,62,4,'2024-08-20 01:50:24','2024-07-16 01:50:24',136.00),(438,61,4,'2024-08-29 01:50:24','2024-05-31 01:50:24',79.00),(439,56,4,'2024-07-11 01:50:24','2024-06-26 01:50:24',56.00),(440,54,4,'2024-07-18 01:50:24','2024-07-04 01:50:24',74.00),(441,53,4,'2024-06-14 01:50:24','2024-06-07 01:50:24',144.00),(442,46,4,'2024-07-15 01:50:24','2024-07-22 01:50:24',75.00),(443,43,4,'2024-08-05 01:50:24','2024-08-01 01:50:24',61.00),(444,42,4,'2024-08-06 01:50:24','2024-06-08 01:50:24',91.00),(445,41,4,'2024-08-17 01:50:24','2024-08-14 01:50:24',88.00),(446,38,4,'2024-08-03 01:50:24','2024-06-15 01:50:24',131.00),(447,36,4,'2024-07-25 01:50:24','2024-07-13 01:50:24',100.00),(448,34,4,'2024-06-18 01:50:24','2024-07-17 01:50:24',133.00),(449,33,4,'2024-08-06 01:50:24','2024-09-04 01:50:24',128.00),(450,28,4,'2024-05-31 01:50:24','2024-08-12 01:50:24',116.00),(451,23,4,'2024-06-06 01:50:24','2024-07-13 01:50:24',145.00),(452,20,4,'2024-07-11 01:50:24','2024-07-02 01:50:24',86.00),(453,11,4,'2024-08-16 01:50:24','2024-08-28 01:50:24',62.00),(454,10,4,'2024-08-30 01:50:24','2024-06-26 01:50:24',106.00),(455,6,4,'2024-09-04 01:50:24','2024-06-25 01:50:24',86.00),(456,3,4,'2024-05-31 01:50:24','2024-06-02 01:50:24',57.00),(457,100,4,'2024-06-28 01:50:24','2024-06-27 01:50:24',99.00),(458,97,4,'2024-08-02 01:50:24','2024-08-13 01:50:24',133.00),(459,85,4,'2024-08-25 01:50:24','2024-09-01 01:50:24',55.00),(460,81,4,'2024-07-11 01:50:24','2024-06-01 01:50:24',132.00),(461,80,4,'2024-06-02 01:50:24','2024-08-14 01:50:24',115.00),(462,76,4,'2024-05-30 01:50:24','2024-06-09 01:50:24',95.00),(463,75,4,'2024-09-05 01:50:24','2024-07-27 01:50:24',142.00),(464,72,4,'2024-08-26 01:50:24','2024-08-08 01:50:24',135.00),(465,68,4,'2024-06-10 01:50:24','2024-06-05 01:50:24',144.00),(466,67,4,'2024-07-22 01:50:24','2024-08-27 01:50:24',133.00),(467,65,4,'2024-07-15 01:50:24','2024-08-27 01:50:24',53.00),(468,58,4,'2024-07-16 01:50:24','2024-06-29 01:50:24',60.00),(469,50,4,'2024-07-27 01:50:24','2024-08-04 01:50:24',101.00),(470,48,4,'2024-07-28 01:50:24','2024-07-17 01:50:24',111.00),(471,47,4,'2024-07-30 01:50:24','2024-06-24 01:50:24',90.00),(472,40,4,'2024-06-22 01:50:24','2024-06-01 01:50:24',90.00),(473,37,4,'2024-09-01 01:50:24','2024-07-24 01:50:24',142.00),(474,35,4,'2024-08-30 01:50:24','2024-08-26 01:50:24',115.00),(475,31,4,'2024-07-26 01:50:24','2024-09-06 01:50:24',70.00),(476,30,4,'2024-05-31 01:50:24','2024-07-22 01:50:24',107.00),(477,25,4,'2024-06-26 01:50:24','2024-08-06 01:50:24',109.00),(478,22,4,'2024-08-26 01:50:24','2024-08-06 01:50:24',124.00),(479,18,4,'2024-08-02 01:50:24','2024-06-04 01:50:24',81.00),(480,14,4,'2024-07-10 01:50:24','2024-06-15 01:50:24',103.00),(481,12,4,'2024-06-17 01:50:24','2024-07-07 01:50:24',81.00),(482,9,4,'2024-07-10 01:50:24','2024-06-17 01:50:24',113.00),(483,7,4,'2024-08-01 01:50:24','2024-06-30 01:50:24',112.00),(484,4,4,'2024-06-17 01:50:24','2024-06-06 01:50:24',131.00),(485,99,4,'2024-08-19 01:50:24','2024-08-07 01:50:24',149.00),(486,95,4,'2024-08-25 01:50:24','2024-07-12 01:50:24',100.00),(487,93,4,'2024-06-23 01:50:24','2024-08-11 01:50:24',139.00),(488,92,4,'2024-06-27 01:50:24','2024-08-18 01:50:24',61.00),(489,91,4,'2024-06-14 01:50:24','2024-07-17 01:50:24',143.00),(490,90,4,'2024-06-20 01:50:24','2024-06-29 01:50:24',135.00),(491,88,4,'2024-07-05 01:50:24','2024-06-28 01:50:24',87.00),(492,87,4,'2024-09-02 01:50:24','2024-08-07 01:50:24',109.00),(493,86,4,'2024-08-23 01:50:24','2024-07-25 01:50:24',73.00),(494,83,4,'2024-07-15 01:50:24','2024-08-04 01:50:24',141.00),(495,77,4,'2024-07-26 01:50:24','2024-06-16 01:50:24',59.00),(496,74,4,'2024-09-03 01:50:24','2024-07-25 01:50:24',140.00),(497,73,4,'2024-08-20 01:50:24','2024-07-15 01:50:24',131.00),(498,71,4,'2024-08-06 01:50:24','2024-05-30 01:50:24',143.00),(499,69,4,'2024-08-02 01:50:24','2024-07-16 01:50:24',89.00),(500,66,4,'2024-07-25 01:50:24','2024-08-05 01:50:24',116.00),(501,64,4,'2024-06-25 01:50:24','2024-07-06 01:50:24',57.00),(502,63,4,'2024-06-21 01:50:24','2024-09-02 01:50:24',58.00),(503,60,4,'2024-07-24 01:50:24','2024-07-25 01:50:24',61.00),(504,59,4,'2024-08-27 01:50:24','2024-06-13 01:50:24',53.00),(505,57,4,'2024-08-11 01:50:24','2024-07-31 01:50:24',136.00),(506,55,4,'2024-07-16 01:50:24','2024-08-17 01:50:24',103.00),(507,52,4,'2024-06-24 01:50:24','2024-08-12 01:50:24',144.00),(508,51,4,'2024-07-14 01:50:24','2024-07-17 01:50:24',52.00),(509,49,4,'2024-08-03 01:50:24','2024-06-24 01:50:24',78.00),(510,45,4,'2024-08-02 01:50:24','2024-07-09 01:50:24',58.00),(511,44,4,'2024-06-16 01:50:24','2024-08-06 01:50:24',136.00),(512,39,4,'2024-06-26 01:50:24','2024-08-19 01:50:24',73.00),(513,32,4,'2024-08-08 01:50:24','2024-08-25 01:50:24',72.00),(514,29,4,'2024-07-16 01:50:24','2024-08-14 01:50:24',88.00),(515,27,4,'2024-07-29 01:50:24','2024-08-30 01:50:24',128.00),(516,26,4,'2024-06-12 01:50:24','2024-07-05 01:50:24',89.00),(517,24,4,'2024-08-25 01:50:24','2024-06-21 01:50:24',95.00),(518,21,4,'2024-07-31 01:50:24','2024-08-15 01:50:24',149.00),(519,19,4,'2024-08-02 01:50:24','2024-06-25 01:50:24',87.00),(520,17,4,'2024-06-04 01:50:24','2024-06-18 01:50:24',128.00),(521,16,4,'2024-07-03 01:50:24','2024-07-09 01:50:24',146.00),(522,15,4,'2024-07-27 01:50:24','2024-06-06 01:50:24',109.00),(523,13,4,'2024-08-10 01:50:24','2024-08-28 01:50:24',82.00),(524,8,4,'2024-08-25 01:50:24','2024-07-17 01:50:24',125.00),(525,5,4,'2024-07-01 01:50:24','2024-07-08 01:50:24',147.00),(526,2,4,'2024-08-03 01:50:24','2024-07-12 01:50:24',67.00),(527,1,4,'2024-07-23 01:50:24','2024-06-26 01:50:24',118.00),(528,98,5,'2024-07-27 01:50:24','2024-08-30 01:50:24',132.00),(529,96,5,'2024-07-04 01:50:24','2024-07-02 01:50:24',110.00),(530,94,5,'2024-05-30 01:50:24','2024-06-23 01:50:24',67.00),(531,89,5,'2024-06-14 01:50:24','2024-06-26 01:50:24',136.00),(532,84,5,'2024-07-21 01:50:24','2024-06-07 01:50:24',128.00),(533,82,5,'2024-08-07 01:50:24','2024-06-15 01:50:24',118.00),(534,79,5,'2024-08-31 01:50:24','2024-08-02 01:50:24',92.00),(535,78,5,'2024-06-16 01:50:24','2024-08-04 01:50:24',124.00),(536,70,5,'2024-08-09 01:50:24','2024-07-07 01:50:24',127.00),(537,62,5,'2024-08-09 01:50:24','2024-06-26 01:50:24',70.00),(538,61,5,'2024-06-19 01:50:24','2024-07-14 01:50:24',114.00),(539,56,5,'2024-08-22 01:50:24','2024-07-03 01:50:24',64.00),(540,54,5,'2024-08-08 01:50:24','2024-06-11 01:50:24',95.00),(541,53,5,'2024-08-30 01:50:24','2024-06-30 01:50:24',124.00),(542,46,5,'2024-08-14 01:50:24','2024-07-31 01:50:24',133.00),(543,43,5,'2024-06-26 01:50:24','2024-08-29 01:50:24',121.00),(544,42,5,'2024-08-22 01:50:24','2024-06-11 01:50:24',54.00),(545,41,5,'2024-08-21 01:50:24','2024-06-10 01:50:24',54.00),(546,38,5,'2024-08-21 01:50:24','2024-06-11 01:50:24',56.00),(547,36,5,'2024-08-31 01:50:24','2024-07-24 01:50:24',143.00),(548,34,5,'2024-09-04 01:50:24','2024-06-13 01:50:24',124.00),(549,33,5,'2024-06-29 01:50:24','2024-06-30 01:50:24',114.00),(550,28,5,'2024-06-24 01:50:24','2024-07-08 01:50:24',69.00),(551,23,5,'2024-08-13 01:50:24','2024-06-25 01:50:24',52.00),(552,20,5,'2024-07-01 01:50:24','2024-07-30 01:50:24',55.00),(553,11,5,'2024-07-12 01:50:24','2024-06-02 01:50:24',135.00),(554,10,5,'2024-06-15 01:50:24','2024-06-28 01:50:24',144.00),(555,6,5,'2024-08-21 01:50:24','2024-07-07 01:50:24',89.00),(556,3,5,'2024-08-19 01:50:24','2024-09-02 01:50:24',77.00),(557,100,5,'2024-07-18 01:50:24','2024-08-07 01:50:24',147.00),(558,97,5,'2024-08-14 01:50:24','2024-09-01 01:50:24',89.00),(559,85,5,'2024-06-12 01:50:24','2024-07-24 01:50:24',82.00),(560,81,5,'2024-09-01 01:50:24','2024-08-16 01:50:24',58.00),(561,80,5,'2024-06-05 01:50:24','2024-06-10 01:50:24',83.00),(562,76,5,'2024-07-03 01:50:24','2024-08-14 01:50:24',124.00),(563,75,5,'2024-07-12 01:50:24','2024-09-05 01:50:24',107.00),(564,72,5,'2024-08-28 01:50:24','2024-08-25 01:50:24',112.00),(565,68,5,'2024-07-18 01:50:24','2024-08-04 01:50:24',128.00),(566,67,5,'2024-09-01 01:50:24','2024-07-08 01:50:24',61.00),(567,65,5,'2024-07-05 01:50:24','2024-07-23 01:50:24',109.00),(568,58,5,'2024-07-04 01:50:24','2024-05-30 01:50:24',144.00),(569,50,5,'2024-08-09 01:50:24','2024-08-14 01:50:24',115.00),(570,48,5,'2024-09-04 01:50:24','2024-09-03 01:50:24',135.00),(571,47,5,'2024-07-08 01:50:24','2024-07-14 01:50:24',56.00),(572,40,5,'2024-09-01 01:50:24','2024-07-26 01:50:24',50.00),(573,37,5,'2024-06-27 01:50:24','2024-07-15 01:50:24',95.00),(574,35,5,'2024-08-24 01:50:24','2024-09-06 01:50:24',86.00),(575,31,5,'2024-08-18 01:50:24','2024-05-30 01:50:24',105.00),(576,30,5,'2024-08-14 01:50:24','2024-06-17 01:50:24',113.00),(577,25,5,'2024-07-29 01:50:24','2024-06-16 01:50:24',52.00),(578,22,5,'2024-07-27 01:50:24','2024-08-29 01:50:24',128.00),(579,18,5,'2024-06-16 01:50:24','2024-07-25 01:50:24',78.00),(580,14,5,'2024-08-10 01:50:24','2024-08-16 01:50:24',125.00),(581,12,5,'2024-07-08 01:50:24','2024-08-13 01:50:24',108.00),(582,9,5,'2024-07-31 01:50:24','2024-07-10 01:50:24',67.00),(583,7,5,'2024-07-31 01:50:24','2024-08-03 01:50:24',86.00),(584,4,5,'2024-08-24 01:50:24','2024-06-27 01:50:24',127.00),(585,99,5,'2024-05-31 01:50:24','2024-08-18 01:50:24',144.00),(586,95,5,'2024-07-01 01:50:24','2024-08-18 01:50:24',54.00),(587,93,5,'2024-08-16 01:50:24','2024-08-23 01:50:24',139.00),(588,92,5,'2024-08-26 01:50:24','2024-08-19 01:50:24',85.00),(589,91,5,'2024-07-03 01:50:24','2024-08-09 01:50:24',99.00),(590,90,5,'2024-06-30 01:50:24','2024-06-13 01:50:24',124.00),(591,88,5,'2024-06-25 01:50:24','2024-06-14 01:50:24',146.00),(592,87,5,'2024-07-03 01:50:24','2024-08-24 01:50:24',76.00),(593,86,5,'2024-08-09 01:50:24','2024-08-21 01:50:24',50.00),(594,83,5,'2024-07-17 01:50:24','2024-07-18 01:50:24',147.00),(595,77,5,'2024-07-06 01:50:24','2024-06-01 01:50:24',145.00),(596,74,5,'2024-08-06 01:50:24','2024-07-31 01:50:24',54.00),(597,73,5,'2024-07-02 01:50:24','2024-07-28 01:50:24',142.00),(598,71,5,'2024-08-20 01:50:24','2024-07-09 01:50:24',103.00),(599,69,5,'2024-07-11 01:50:24','2024-07-25 01:50:24',101.00),(600,66,5,'2024-08-27 01:50:24','2024-09-03 01:50:24',63.00),(601,64,5,'2024-08-11 01:50:24','2024-07-03 01:50:24',100.00),(602,63,5,'2024-07-13 01:50:24','2024-08-16 01:50:24',104.00),(603,60,5,'2024-07-07 01:50:24','2024-07-01 01:50:24',93.00),(604,59,5,'2024-06-19 01:50:24','2024-08-15 01:50:24',73.00),(605,57,5,'2024-08-20 01:50:24','2024-07-18 01:50:24',143.00),(606,55,5,'2024-06-19 01:50:24','2024-06-25 01:50:24',117.00),(607,52,5,'2024-07-26 01:50:24','2024-08-26 01:50:24',115.00),(608,51,5,'2024-08-01 01:50:24','2024-06-26 01:50:24',91.00),(609,49,5,'2024-06-25 01:50:24','2024-06-10 01:50:24',125.00),(610,45,5,'2024-07-11 01:50:24','2024-08-30 01:50:24',80.00),(611,44,5,'2024-08-11 01:50:24','2024-08-17 01:50:24',124.00),(612,39,5,'2024-07-03 01:50:24','2024-07-24 01:50:24',117.00),(613,32,5,'2024-08-11 01:50:24','2024-08-05 01:50:24',62.00),(614,29,5,'2024-07-31 01:50:24','2024-08-17 01:50:24',54.00),(615,27,5,'2024-08-23 01:50:24','2024-06-17 01:50:24',81.00),(616,26,5,'2024-06-01 01:50:24','2024-06-23 01:50:24',61.00),(617,24,5,'2024-08-18 01:50:24','2024-08-13 01:50:24',80.00),(618,21,5,'2024-06-24 01:50:24','2024-07-09 01:50:24',75.00),(619,19,5,'2024-06-01 01:50:24','2024-07-09 01:50:24',143.00),(620,17,5,'2024-07-13 01:50:24','2024-07-17 01:50:24',54.00),(621,16,5,'2024-08-15 01:50:24','2024-08-18 01:50:24',113.00),(622,15,5,'2024-08-14 01:50:24','2024-09-02 01:50:24',97.00),(623,13,5,'2024-07-17 01:50:24','2024-06-02 01:50:24',122.00),(624,8,5,'2024-07-17 01:50:24','2024-07-01 01:50:24',62.00),(625,5,5,'2024-08-03 01:50:24','2024-09-01 01:50:24',120.00),(626,2,5,'2024-08-08 01:50:24','2024-07-13 01:50:24',60.00),(627,1,5,'2024-06-14 01:50:24','2024-07-20 01:50:24',59.00);
/*!40000 ALTER TABLE `trip` ENABLE KEYS */;
UNLOCK TABLES;

--
-- Table structure for table `user`
--

DROP TABLE IF EXISTS `user`;
/*!40101 SET @saved_cs_client     = @@character_set_client */;
/*!50503 SET character_set_client = utf8mb4 */;
CREATE TABLE `user` (
  `user_id` int NOT NULL AUTO_INCREMENT,
  `username` varchar(50) NOT NULL,
  `password` varchar(100) NOT NULL,
  `email` varchar(100) DEFAULT NULL,
  `role` enum('admin','staff','passenger') DEFAULT NULL,
  PRIMARY KEY (`user_id`),
  UNIQUE KEY `username` (`username`),
  UNIQUE KEY `email` (`email`)
) ENGINE=InnoDB AUTO_INCREMENT=1152 DEFAULT CHARSET=utf8mb4 COLLATE=utf8mb4_0900_ai_ci;
/*!40101 SET character_set_client = @saved_cs_client */;

--
-- Dumping data for table `user`
--

LOCK TABLES `user` WRITE;
/*!40000 ALTER TABLE `user` DISABLE KEYS */;
INSERT INTO `user` VALUES (1,'admin','adminpassword','admin@example.com','admin'),(2,'staff1','staff1password','staff1@example.com','staff'),(3,'staff2','staff2password','staff2@example.com','staff'),(641,'user4','password4','user4@example.com','admin'),(642,'user5','password5','user5@example.com','admin'),(643,'user6','password6','user6@example.com','staff'),(644,'user7','password7','user7@example.com','admin'),(645,'user8','password8','user8@example.com','passenger'),(646,'user9','password9','user9@example.com','staff'),(647,'user10','password10','user10@example.com','admin'),(648,'user11','password11','user11@example.com','staff'),(649,'user12','password12','user12@example.com','passenger'),(650,'user13','password13','user13@example.com','admin'),(651,'user14','password14','user14@example.com','admin'),(652,'user15','password15','user15@example.com','passenger'),(653,'user16','password16','user16@example.com','passenger'),(654,'user17','password17','user17@example.com','staff'),(655,'user18','password18','user18@example.com','passenger'),(656,'user19','password19','user19@example.com','passenger'),(657,'user20','password20','user20@example.com','admin'),(658,'user21','password21','user21@example.com','passenger'),(659,'user22','password22','user22@example.com','admin'),(660,'user23','password23','user23@example.com','staff'),(661,'user24','password24','user24@example.com','admin'),(662,'user25','password25','user25@example.com','staff'),(663,'user26','password26','user26@example.com','admin'),(664,'user27','password27','user27@example.com','admin'),(665,'user28','password28','user28@example.com','admin'),(666,'user29','password29','user29@example.com','passenger'),(667,'user30','password30','user30@example.com','passenger'),(668,'user31','password31','user31@example.com','staff'),(669,'user32','password32','user32@example.com','passenger'),(670,'user33','password33','user33@example.com','admin'),(671,'user34','password34','user34@example.com','passenger'),(672,'user35','password35','user35@example.com','passenger'),(673,'user36','password36','user36@example.com','passenger'),(674,'user37','password37','user37@example.com','staff'),(675,'user38','password38','user38@example.com','staff'),(676,'user39','password39','user39@example.com','passenger'),(677,'user40','password40','user40@example.com','passenger'),(678,'user41','password41','user41@example.com','admin'),(679,'user42','password42','user42@example.com','passenger'),(680,'user43','password43','user43@example.com','staff'),(681,'user44','password44','user44@example.com','passenger'),(682,'user45','password45','user45@example.com','admin'),(683,'user46','password46','user46@example.com','admin'),(684,'user47','password47','user47@example.com','staff'),(685,'user48','password48','user48@example.com','staff'),(686,'user49','password49','user49@example.com','admin'),(687,'user50','password50','user50@example.com','admin'),(688,'user51','password51','user51@example.com','staff'),(689,'user52','password52','user52@example.com','passenger'),(690,'user53','password53','user53@example.com','staff'),(691,'user54','password54','user54@example.com','admin'),(692,'user55','password55','user55@example.com','passenger'),(693,'user56','password56','user56@example.com','admin'),(694,'user57','password57','user57@example.com','admin'),(695,'user58','password58','user58@example.com','passenger'),(696,'user59','password59','user59@example.com','staff'),(697,'user60','password60','user60@example.com','admin'),(698,'user61','password61','user61@example.com','admin'),(699,'user62','password62','user62@example.com','admin'),(700,'user63','password63','user63@example.com','passenger'),(701,'user64','password64','user64@example.com','staff'),(702,'user65','password65','user65@example.com','admin'),(703,'user66','password66','user66@example.com','admin'),(704,'user67','password67','user67@example.com','staff'),(705,'user68','password68','user68@example.com','passenger'),(706,'user69','password69','user69@example.com','passenger'),(707,'user70','password70','user70@example.com','passenger'),(708,'user71','password71','user71@example.com','staff'),(709,'user72','password72','user72@example.com','passenger'),(710,'user73','password73','user73@example.com','passenger'),(711,'user74','password74','user74@example.com','admin'),(712,'user75','password75','user75@example.com','passenger'),(713,'user76','password76','user76@example.com','admin'),(714,'user77','password77','user77@example.com','passenger'),(715,'user78','password78','user78@example.com','passenger'),(716,'user79','password79','user79@example.com','passenger'),(717,'user80','password80','user80@example.com','admin'),(718,'user81','password81','user81@example.com','staff'),(719,'user82','password82','user82@example.com','admin'),(720,'user83','password83','user83@example.com','staff'),(721,'user84','password84','user84@example.com','staff'),(722,'user85','password85','user85@example.com','staff'),(723,'user86','password86','user86@example.com','passenger'),(724,'user87','password87','user87@example.com','admin'),(725,'user88','password88','user88@example.com','staff'),(726,'user89','password89','user89@example.com','admin'),(727,'user90','password90','user90@example.com','staff'),(728,'user91','password91','user91@example.com','passenger'),(729,'user92','password92','user92@example.com','admin'),(730,'user93','password93','user93@example.com','staff'),(731,'user94','password94','user94@example.com','passenger'),(732,'user95','password95','user95@example.com','staff'),(733,'user96','password96','user96@example.com','admin'),(734,'user97','password97','user97@example.com','admin'),(735,'user98','password98','user98@example.com','admin'),(736,'user99','password99','user99@example.com','passenger'),(737,'user100','password100','user100@example.com','admin'),(738,'user101','password101','user101@example.com','passenger'),(739,'user102','password102','user102@example.com','staff'),(740,'user103','password103','user103@example.com','staff'),(741,'user104','password104','user104@example.com','passenger'),(742,'user105','password105','user105@example.com','passenger'),(743,'user106','password106','user106@example.com','staff'),(744,'user107','password107','user107@example.com','staff'),(745,'user108','password108','user108@example.com','admin'),(746,'user109','password109','user109@example.com','passenger'),(747,'user110','password110','user110@example.com','passenger'),(748,'user111','password111','user111@example.com','passenger'),(749,'user112','password112','user112@example.com','staff'),(750,'user113','password113','user113@example.com','staff'),(751,'user114','password114','user114@example.com','staff'),(752,'user115','password115','user115@example.com','admin'),(753,'user116','password116','user116@example.com','staff'),(754,'user117','password117','user117@example.com','staff'),(755,'user118','password118','user118@example.com','staff'),(756,'user119','password119','user119@example.com','passenger'),(757,'user120','password120','user120@example.com','passenger'),(758,'user121','password121','user121@example.com','admin'),(759,'user122','password122','user122@example.com','staff'),(760,'user123','password123','user123@example.com','passenger'),(761,'user124','password124','user124@example.com','admin'),(762,'user125','password125','user125@example.com','admin'),(763,'user126','password126','user126@example.com','passenger'),(764,'user127','password127','user127@example.com','admin'),(765,'user128','password128','user128@example.com','passenger'),(766,'user129','password129','user129@example.com','staff'),(767,'user130','password130','user130@example.com','passenger'),(768,'user131','password131','user131@example.com','staff'),(769,'user132','password132','user132@example.com','passenger'),(770,'user133','password133','user133@example.com','admin'),(771,'user134','password134','user134@example.com','admin'),(772,'user135','password135','user135@example.com','admin'),(773,'user136','password136','user136@example.com','staff'),(774,'user137','password137','user137@example.com','passenger'),(775,'user138','password138','user138@example.com','admin'),(776,'user139','password139','user139@example.com','staff'),(777,'user140','password140','user140@example.com','staff'),(778,'user141','password141','user141@example.com','admin'),(779,'user142','password142','user142@example.com','passenger'),(780,'user143','password143','user143@example.com','staff'),(781,'user144','password144','user144@example.com','passenger'),(782,'user145','password145','user145@example.com','staff'),(783,'user146','password146','user146@example.com','admin'),(784,'user147','password147','user147@example.com','staff'),(785,'user148','password148','user148@example.com','passenger'),(786,'user149','password149','user149@example.com','staff'),(787,'user150','password150','user150@example.com','passenger'),(788,'user151','password151','user151@example.com','admin'),(789,'user152','password152','user152@example.com','passenger'),(790,'user153','password153','user153@example.com','passenger'),(791,'user154','password154','user154@example.com','passenger'),(792,'user155','password155','user155@example.com','admin'),(793,'user156','password156','user156@example.com','admin'),(794,'user157','password157','user157@example.com','staff'),(795,'user158','password158','user158@example.com','staff'),(796,'user159','password159','user159@example.com','admin'),(797,'user160','password160','user160@example.com','staff'),(798,'user161','password161','user161@example.com','passenger'),(799,'user162','password162','user162@example.com','admin'),(800,'user163','password163','user163@example.com','passenger'),(801,'user164','password164','user164@example.com','staff'),(802,'user165','password165','user165@example.com','staff'),(803,'user166','password166','user166@example.com','passenger'),(804,'user167','password167','user167@example.com','staff'),(805,'user168','password168','user168@example.com','staff'),(806,'user169','password169','user169@example.com','admin'),(807,'user170','password170','user170@example.com','passenger'),(808,'user171','password171','user171@example.com','passenger'),(809,'user172','password172','user172@example.com','admin'),(810,'user173','password173','user173@example.com','staff'),(811,'user174','password174','user174@example.com','staff'),(812,'user175','password175','user175@example.com','admin'),(813,'user176','password176','user176@example.com','passenger'),(814,'user177','password177','user177@example.com','admin'),(815,'user178','password178','user178@example.com','admin'),(816,'user179','password179','user179@example.com','admin'),(817,'user180','password180','user180@example.com','admin'),(818,'user181','password181','user181@example.com','admin'),(819,'user182','password182','user182@example.com','passenger'),(820,'user183','password183','user183@example.com','passenger'),(821,'user184','password184','user184@example.com','staff'),(822,'user185','password185','user185@example.com','passenger'),(823,'user186','password186','user186@example.com','staff'),(824,'user187','password187','user187@example.com','staff'),(825,'user188','password188','user188@example.com','passenger'),(826,'user189','password189','user189@example.com','admin'),(827,'user190','password190','user190@example.com','passenger'),(828,'user191','password191','user191@example.com','passenger'),(829,'user192','password192','user192@example.com','staff'),(830,'user193','password193','user193@example.com','passenger'),(831,'user194','password194','user194@example.com','admin'),(832,'user195','password195','user195@example.com','passenger'),(833,'user196','password196','user196@example.com','admin'),(834,'user197','password197','user197@example.com','staff'),(835,'user198','password198','user198@example.com','passenger'),(836,'user199','password199','user199@example.com','staff'),(837,'user200','password200','user200@example.com','passenger'),(838,'user201','password201','user201@example.com','admin'),(839,'user202','password202','user202@example.com','staff'),(840,'user203','password203','user203@example.com','passenger'),(841,'user204','password204','user204@example.com','passenger'),(842,'user205','password205','user205@example.com','staff'),(843,'user206','password206','user206@example.com','passenger'),(844,'user207','password207','user207@example.com','admin'),(845,'user208','password208','user208@example.com','admin'),(846,'user209','password209','user209@example.com','staff'),(847,'user210','password210','user210@example.com','staff'),(848,'user211','password211','user211@example.com','passenger'),(849,'user212','password212','user212@example.com','admin'),(850,'user213','password213','user213@example.com','passenger'),(851,'user214','password214','user214@example.com','admin'),(852,'user215','password215','user215@example.com','passenger'),(853,'user216','password216','user216@example.com','passenger'),(854,'user217','password217','user217@example.com','staff'),(855,'user218','password218','user218@example.com','passenger'),(856,'user219','password219','user219@example.com','admin'),(857,'user220','password220','user220@example.com','passenger'),(858,'user221','password221','user221@example.com','passenger'),(859,'user222','password222','user222@example.com','admin'),(860,'user223','password223','user223@example.com','admin'),(861,'user224','password224','user224@example.com','admin'),(862,'user225','password225','user225@example.com','staff'),(863,'user226','password226','user226@example.com','admin'),(864,'user227','password227','user227@example.com','staff'),(865,'user228','password228','user228@example.com','admin'),(866,'user229','password229','user229@example.com','staff'),(867,'user230','password230','user230@example.com','staff'),(868,'user231','password231','user231@example.com','admin'),(869,'user232','password232','user232@example.com','staff'),(870,'user233','password233','user233@example.com','admin'),(871,'user234','password234','user234@example.com','admin'),(872,'user235','password235','user235@example.com','staff'),(873,'user236','password236','user236@example.com','staff'),(874,'user237','password237','user237@example.com','admin'),(875,'user238','password238','user238@example.com','staff'),(876,'user239','password239','user239@example.com','passenger'),(877,'user240','password240','user240@example.com','staff'),(878,'user241','password241','user241@example.com','passenger'),(879,'user242','password242','user242@example.com','passenger'),(880,'user243','password243','user243@example.com','admin'),(881,'user244','password244','user244@example.com','staff'),(882,'user245','password245','user245@example.com','admin'),(883,'user246','password246','user246@example.com','admin'),(884,'user247','password247','user247@example.com','admin'),(885,'user248','password248','user248@example.com','admin'),(886,'user249','password249','user249@example.com','passenger'),(887,'user250','password250','user250@example.com','staff'),(888,'user251','password251','user251@example.com','admin'),(889,'user252','password252','user252@example.com','admin'),(890,'user253','password253','user253@example.com','staff'),(891,'user254','password254','user254@example.com','admin'),(892,'user255','password255','user255@example.com','admin'),(893,'user256','password256','user256@example.com','admin'),(894,'user257','password257','user257@example.com','staff'),(895,'user258','password258','user258@example.com','admin'),(896,'user259','password259','user259@example.com','staff'),(897,'user260','password260','user260@example.com','passenger'),(898,'user261','password261','user261@example.com','passenger'),(899,'user262','password262','user262@example.com','staff'),(900,'user263','password263','user263@example.com','staff'),(901,'user264','password264','user264@example.com','admin'),(902,'user265','password265','user265@example.com','admin'),(903,'user266','password266','user266@example.com','admin'),(904,'user267','password267','user267@example.com','admin'),(905,'user268','password268','user268@example.com','staff'),(906,'user269','password269','user269@example.com','passenger'),(907,'user270','password270','user270@example.com','admin'),(908,'user271','password271','user271@example.com','staff'),(909,'user272','password272','user272@example.com','admin'),(910,'user273','password273','user273@example.com','admin'),(911,'user274','password274','user274@example.com','staff'),(912,'user275','password275','user275@example.com','passenger'),(913,'user276','password276','user276@example.com','staff'),(914,'user277','password277','user277@example.com','staff'),(915,'user278','password278','user278@example.com','staff'),(916,'user279','password279','user279@example.com','admin'),(917,'user280','password280','user280@example.com','staff'),(918,'user281','password281','user281@example.com','staff'),(919,'user282','password282','user282@example.com','staff'),(920,'user283','password283','user283@example.com','staff'),(921,'user284','password284','user284@example.com','passenger'),(922,'user285','password285','user285@example.com','passenger'),(923,'user286','password286','user286@example.com','passenger'),(924,'user287','password287','user287@example.com','staff'),(925,'user288','password288','user288@example.com','passenger'),(926,'user289','password289','user289@example.com','staff'),(927,'user290','password290','user290@example.com','admin'),(928,'user291','password291','user291@example.com','staff'),(929,'user292','password292','user292@example.com','staff'),(930,'user293','password293','user293@example.com','passenger'),(931,'user294','password294','user294@example.com','staff'),(932,'user295','password295','user295@example.com','staff'),(933,'user296','password296','user296@example.com','admin'),(934,'user297','password297','user297@example.com','admin'),(935,'user298','password298','user298@example.com','passenger'),(936,'user299','password299','user299@example.com','passenger'),(937,'user300','password300','user300@example.com','admin'),(938,'user301','password301','user301@example.com','staff'),(939,'user302','password302','user302@example.com','admin'),(940,'user303','password303','user303@example.com','staff'),(941,'user304','password304','user304@example.com','staff'),(942,'user305','password305','user305@example.com','staff'),(943,'user306','password306','user306@example.com','staff'),(944,'user307','password307','user307@example.com','staff'),(945,'user308','password308','user308@example.com','admin'),(946,'user309','password309','user309@example.com','staff'),(947,'user310','password310','user310@example.com','staff'),(948,'user311','password311','user311@example.com','admin'),(949,'user312','password312','user312@example.com','admin'),(950,'user313','password313','user313@example.com','admin'),(951,'user314','password314','user314@example.com','passenger'),(952,'user315','password315','user315@example.com','passenger'),(953,'user316','password316','user316@example.com','admin'),(954,'user317','password317','user317@example.com','admin'),(955,'user318','password318','user318@example.com','passenger'),(956,'user319','password319','user319@example.com','admin'),(957,'user320','password320','user320@example.com','passenger'),(958,'user321','password321','user321@example.com','staff'),(959,'user322','password322','user322@example.com','passenger'),(960,'user323','password323','user323@example.com','admin'),(961,'user324','password324','user324@example.com','staff'),(962,'user325','password325','user325@example.com','staff'),(963,'user326','password326','user326@example.com','passenger'),(964,'user327','password327','user327@example.com','passenger'),(965,'user328','password328','user328@example.com','passenger'),(966,'user329','password329','user329@example.com','admin'),(967,'user330','password330','user330@example.com','admin'),(968,'user331','password331','user331@example.com','admin'),(969,'user332','password332','user332@example.com','admin'),(970,'user333','password333','user333@example.com','staff'),(971,'user334','password334','user334@example.com','staff'),(972,'user335','password335','user335@example.com','passenger'),(973,'user336','password336','user336@example.com','admin'),(974,'user337','password337','user337@example.com','passenger'),(975,'user338','password338','user338@example.com','passenger'),(976,'user339','password339','user339@example.com','admin'),(977,'user340','password340','user340@example.com','staff'),(978,'user341','password341','user341@example.com','admin'),(979,'user342','password342','user342@example.com','passenger'),(980,'user343','password343','user343@example.com','passenger'),(981,'user344','password344','user344@example.com','passenger'),(982,'user345','password345','user345@example.com','passenger'),(983,'user346','password346','user346@example.com','staff'),(984,'user347','password347','user347@example.com','admin'),(985,'user348','password348','user348@example.com','admin'),(986,'user349','password349','user349@example.com','passenger'),(987,'user350','password350','user350@example.com','passenger'),(988,'user351','password351','user351@example.com','admin'),(989,'user352','password352','user352@example.com','admin'),(990,'user353','password353','user353@example.com','passenger'),(991,'user354','password354','user354@example.com','passenger'),(992,'user355','password355','user355@example.com','admin'),(993,'user356','password356','user356@example.com','admin'),(994,'user357','password357','user357@example.com','admin'),(995,'user358','password358','user358@example.com','admin'),(996,'user359','password359','user359@example.com','passenger'),(997,'user360','password360','user360@example.com','passenger'),(998,'user361','password361','user361@example.com','passenger'),(999,'user362','password362','user362@example.com','staff'),(1000,'user363','password363','user363@example.com','admin'),(1001,'user364','password364','user364@example.com','passenger'),(1002,'user365','password365','user365@example.com','staff'),(1003,'user366','password366','user366@example.com','admin');
/*!40000 ALTER TABLE `user` ENABLE KEYS */;
UNLOCK TABLES;
/*!40103 SET TIME_ZONE=@OLD_TIME_ZONE */;

/*!40101 SET SQL_MODE=@OLD_SQL_MODE */;
/*!40014 SET FOREIGN_KEY_CHECKS=@OLD_FOREIGN_KEY_CHECKS */;
/*!40014 SET UNIQUE_CHECKS=@OLD_UNIQUE_CHECKS */;
/*!40101 SET CHARACTER_SET_CLIENT=@OLD_CHARACTER_SET_CLIENT */;
/*!40101 SET CHARACTER_SET_RESULTS=@OLD_CHARACTER_SET_RESULTS */;
/*!40101 SET COLLATION_CONNECTION=@OLD_COLLATION_CONNECTION */;
/*!40111 SET SQL_NOTES=@OLD_SQL_NOTES */;

-- Dump completed on 2024-05-29  2:10:30
